vibration_amplitude_mm,vibration_frequency_hz,stress_mPa,strain_micro,concrete_age_years,ambient_temp_c,humidity_pct,maintenance_score,material_grade,foundation_settlement_mm,load_ratio,failure_risk,material_grade_encoded,failure_risk_encoded,stress_capacity_ratio,vibration_severity_index,maintenance_decay_index,settlement_load_interaction,environmental_exposure_index,age_group_encoded
5.65,99.47,38.46,1945.79,28.6,38.4,57.5,1,M50,20.98,0.86,Low,3,1,0.7692,562.01,26.0,18.043,33.58,1
14.26,91.98,45.24,2931.84,25.6,-9.0,76.0,2,M20,11.9,1.15,High,0,0,2.262,1311.63,12.19,13.685,8.36,1
10.99,69.25,77.64,525.3,14.0,1.2,62.2,10,M20,21.18,0.62,High,0,0,3.882,761.06,1.386,13.132,13.19,0
9.0,114.77,33.9,541.26,45.9,29.3,26.2,10,M50,11.85,0.98,Low,3,1,0.678,1032.93,4.545,11.613,12.92,2
2.38,24.86,78.92,1993.18,36.3,12.5,33.9,9,M30,13.92,0.94,High,1,0,2.6307,59.17,3.989,13.085,11.02,1
2.38,14.0,12.49,3317.69,65.1,48.9,36.4,7,M40,24.88,0.48,Low,2,1,0.3123,33.32,9.169,11.942,25.08,2
0.92,102.62,71.03,1510.99,3.4,29.9,39.3,7,M20,23.79,1.21,High,0,0,3.5515,94.41,0.479,28.786,19.61,0
13.0,53.26,77.04,1211.6,48.6,47.4,62.4,10,M20,6.79,0.82,High,0,0,3.852,692.38,4.812,5.568,42.06,2
9.04,101.79,20.45,2162.74,57.5,2.1,57.8,8,M20,21.72,0.59,Medium,0,2,1.0225,920.18,7.099,12.815,12.77,2
10.64,107.28,41.58,3263.53,57.2,41.8,35.2,8,M30,9.76,0.38,Medium,1,2,1.386,1141.46,7.062,3.709,21.75,2
0.36,8.43,19.07,2945.55,66.6,9.3,25.1,9,M20,1.78,0.72,Low,0,1,0.9535,3.03,7.319,1.282,7.35,2
14.55,106.13,65.06,3478.6891000000005,54.9,49.4,32.9,2,M30,14.39,1.0,High,1,0,2.1687,1544.19,26.143,14.39,22.83,2
12.5,54.35,50.5,176.73,69.7,-0.5,93.8,8,M30,24.43,0.89,Medium,1,2,1.6833,679.38,8.605,21.743,18.29,2
3.22,61.74,59.0,483.72,25.6,21.0,55.1,8,M20,24.36,1.0,High,0,0,2.95,198.8,3.16,24.36,22.59,1
2.77,75.56,21.7,2172.19,38.2,37.6,85.1,5,M20,3.16,1.07,Low,0,1,1.085,209.3,7.49,3.381,49.02,1
2.79,111.24,23.0,2889.96,2.0,16.0,83.7,5,M30,19.28,0.69,Low,1,1,0.7667,310.36,0.392,13.303,30.13,0
4.6,3.27,8.53,1069.83,1.5,18.1,58.4,4,M20,20.07,0.77,Low,0,1,0.4265,15.04,0.366,15.454,22.25,0
7.9,57.74,32.38,913.32,18.8,49.2,73.0,5,M20,9.22,1.29,Medium,0,2,1.619,456.15,3.686,11.894,50.52,1
6.51,82.84,52.58,2775.72,8.5,15.5,34.5,2,M20,16.46,1.26,High,0,0,2.629,539.29,4.048,20.74,12.25,0
4.4,87.0,77.92,291.7,20.3,26.2,71.6,2,M30,12.2,0.66,High,1,0,2.5973,382.8,9.667,8.052,33.08,1
9.2,83.41,61.69,1355.9,14.1,-6.7,40.4,5,M40,5.7,0.95,Low,2,1,1.5422,767.37,2.765,5.415,5.37,0
2.14,17.0,42.01,1819.75,3.1,40.5,82.4,3,M20,19.03,0.49,Medium,0,2,2.1005,36.38,1.0,9.325,49.85,0
4.42,36.63,86.02,2005.19,68.3,28.9,26.3,1,M40,6.57,0.37,Medium,2,2,2.1505,161.9,62.091,2.431,12.86,2
5.53,43.69,66.14,2577.29,1.6,14.2,78.0,9,M40,8.51,1.05,Medium,2,2,1.6535,241.61,0.176,8.936,26.68,0
6.87,96.73,84.06,1306.48,55.5,-9.0,27.5,2,M40,4.75,0.68,Medium,2,2,2.1015,664.54,26.429,3.23,3.03,2
11.79,34.17,49.84,2183.13,12.3,25.5,86.1,10,M20,17.98,0.39,High,0,0,2.492,402.86,1.218,7.012,39.18,0
3.04,26.07,27.01,2090.28,68.5,-9.2,42.8,2,M30,11.47,1.03,Low,1,1,0.9003,79.25,32.619,11.814,4.62,2
7.74,114.94,9.49,1961.89,67.1,-9.6505,69.1,4,M40,11.08,1.21,Low,2,1,0.2372,889.64,16.366,13.407,7.15,2
8.91,2.05,66.72,2277.64,49.4,27.0,56.6,2,M50,15.11,1.23,Medium,3,2,1.3344,18.27,23.524,18.585,26.6,2
0.74,119.42545,15.31,982.13,50.7,1.3,47.5,7,M50,3.93,0.86,Low,3,1,0.3062,88.37,7.141,3.38,10.12,2
9.13,81.54,30.74,387.81,1.4,1.5,68.4,10,M30,22.45,0.73,Low,1,1,1.0247,744.46,0.139,16.388,14.71,0
2.6,99.59,50.26,505.52,73.9,29.2,91.1,1,M30,11.63,0.36,Medium,1,2,1.6753,258.93,67.182,4.187,44.82,2
1.02,36.06,52.98,863.58,66.0,-6.8,23.1,2,M40,9.16,1.07,Low,2,1,1.3245,36.78,31.429,9.801,3.05,2
14.24,2.7,56.05,1800.67,67.2,8.8,88.9,5,M40,3.17,1.24,Medium,2,2,1.4012,38.45,13.176,3.931,25.6,2
14.49,88.81,19.13,2957.51,49.8,-1.0,65.7,2,M30,4.2,1.18,Medium,1,2,0.6377,1286.86,23.714,4.956,12.48,2
12.14,100.26,37.28,2484.4,26.5,24.8,80.5,9,M20,23.01,1.03,High,0,0,1.864,1217.16,2.912,23.7,36.06,1
4.6,89.12,57.46,2782.74,67.1,29.7,48.8,4,M20,11.42,0.21,High,0,0,2.873,409.95,16.366,2.398,24.25,2
1.51,18.0,87.43,1293.32,22.6,33.3,55.4,9,M30,18.05,0.65,High,1,0,2.9143,27.18,2.484,11.733,29.53,1
10.28,90.66,66.85,1475.82,42.6,5.3,85.2,1,M40,2.01,0.65,Medium,2,2,1.6712,931.98,38.727,1.306,21.56,2
6.63,92.5,83.42,1438.52,8.4,-4.6,51.1,1,M50,16.09,1.18,Medium,3,2,1.6684,613.28,7.636,18.986,7.87,0
1.87,79.37,69.79,752.37,69.2,-5.3,60.1,1,M40,23.04,0.27,Medium,2,2,1.7448,148.42,62.909,6.221,8.83,2
7.45,92.17,55.3,308.14,11.4,15.6,21.5,4,M20,7.5,0.78,High,0,0,2.765,686.67,2.78,5.85,7.65,0
0.56,101.66,21.32,2109.11,17.6,46.8,31.9,9,M40,14.48,0.35,Low,2,1,0.533,56.93,1.934,5.068,21.31,1
13.64,74.02,61.67,3463.34,42.3,3.1,68.1,8,M20,23.51,0.93,High,0,0,3.0835,1009.63,5.222,21.864,15.73,2
3.92,11.54,57.99,667.22,57.5,5.4,73.8,7,M40,17.98,1.07,Medium,2,2,1.4498,45.24,8.099,19.239,18.75,2
9.95,59.03,56.21,258.73,46.8,-3.9,63.7,1,M40,1.56,0.91,Medium,2,2,1.4053,587.35,42.545,1.42,10.26,2
4.71,10.24,46.63,2750.41,18.2,26.3,30.7,3,M20,9.47,1.07,High,0,0,2.3315,48.23,5.871,10.133,14.21,1
7.83,49.5,49.94,958.79,1.4,30.8,53.4,9,M20,2.14,0.87,Medium,0,2,2.497,387.58,0.154,1.862,27.13,0
8.22,49.45,33.43,2920.79,57.0,28.6,46.6,9,M20,21.53,0.41,Medium,0,2,1.6715,406.48,6.264,8.827,22.65,2
2.81,8.86,49.14,2493.38,73.9,41.7,57.2,5,M20,15.54,0.62,High,0,0,2.457,24.9,14.49,9.635,35.29,2
14.55,42.51,21.79,3315.29,60.9,19.2,85.3,6,M40,23.91,1.25,Medium,2,2,0.5448,618.52,9.984,29.888,33.44,2
11.64,14.21,73.44,1490.35,35.1,-1.9,78.2,6,M20,0.49,0.52,High,0,0,3.672,165.4,5.754,0.255,14.15,1
14.1,97.18,20.79,2350.7,67.9,7.4,26.3,10,M20,10.58,0.27,Low,0,1,1.0395,1370.24,6.723,2.857,7.21,2
13.43,113.77,12.22,1680.51,31.3,29.7,86.8,4,M20,2.61,0.62,Low,0,1,0.611,1527.93,7.634,1.618,43.14,1
8.99,9.61,42.08,2244.0,39.8,26.8,55.4,1,M40,8.76,0.6,Low,2,1,1.052,86.39,36.182,5.256,25.93,1
13.83,114.66,60.96,1628.64,36.3,21.9,75.8,5,M30,4.05,0.72,Medium,1,2,2.032,1585.75,7.118,2.916,31.76,1
1.37,63.19,42.21,741.35,34.1,31.0,30.5,1,M20,8.22,0.82,Medium,0,2,2.1105,86.57,31.0,6.74,15.56,1
2.98,36.65,28.52,1826.85,58.4,28.2,70.3,1,M40,20.48,1.29,Low,2,1,0.713,109.22,53.091,26.419,33.88,2
0.73,10.15,52.44,1897.19,40.0,42.9,37.7,5,M30,4.02,1.03,Medium,1,2,1.748,7.41,7.843,4.141,23.71,1
4.91,60.57,34.5,2856.05,24.4,25.2,52.9,5,M30,11.84,0.24,Low,1,1,1.15,297.4,4.784,2.842,23.91,1
5.86,95.55,84.29,2600.77,20.1,36.7,21.3,7,M40,23.04,0.98,Medium,2,2,2.1072,559.92,2.831,22.579,12.08,1
4.11,85.14,83.42,2356.89,3.8,4.9,31.4,2,M20,24.90505,1.11,High,0,0,4.171,349.93,1.81,27.645,7.82,0
12.44,6.98,47.7,485.52,44.2,30.7,26.9,6,M40,6.27,1.19,Medium,2,2,1.1925,86.83,7.246,7.461,13.64,2
5.38,9.68,32.87,2550.1,18.0,44.1,38.0,2,M30,23.39,0.67,Medium,1,2,1.0957,52.08,8.571,15.671,24.36,1
4.25,48.94,67.66,1801.04,12.0,13.1,27.5,10,M30,6.53,0.54,Medium,1,2,2.2553,208.0,1.188,3.526,9.1,0
8.16,36.14,8.12,3139.94,49.4,36.7,71.9,5,M20,10.34,1.12,Low,0,1,0.406,294.9,9.686,11.581,40.77,2
2.16,28.65,45.36,3227.56,51.4,33.5,22.2,4,M40,21.95,1.06,Medium,2,2,1.134,61.88,12.537,23.267,11.88,2
12.04,34.44,33.59,287.53,56.7,-6.4,66.3,10,M30,19.65,0.79,Low,1,1,1.1197,414.66,5.614,15.524,9.02,2
1.16,96.61,83.25,2890.18,38.3,24.9,30.6,5,M20,21.44,0.33,High,0,0,4.1625,112.07,7.51,7.075,13.74,1
14.8,111.58,6.02,228.17,67.2,-2.2,90.9,2,M20,20.01,0.92,Low,0,1,0.301,1651.38,32.0,18.409,16.18,2
11.6,49.21,51.99,1348.38,70.3,48.0,90.0,8,M30,5.88,0.27,Medium,1,2,1.733,570.84,8.679,1.588,61.2,2
3.02,108.83,67.96,1943.82,60.7,38.7,36.9,8,M40,13.97,0.31,Medium,2,2,1.699,328.67,7.494,4.331,21.66,2
0.17485,39.26,46.23,603.54,48.0,-3.4,66.1,6,M50,9.63,0.56,Low,3,1,0.9246,6.86,7.869,5.393,10.97,2
12.24,57.7,12.26,2637.47,23.5,-2.7,22.1,3,M40,11.49,0.61,Low,2,1,0.3065,706.25,7.581,7.009,3.82,1
10.62,27.9,87.66,128.41,73.7,25.7,89.9,4,M30,3.85,0.71,High,1,0,2.922,296.3,17.976,2.734,41.08,2
10.95,77.22,49.03,673.24,21.3,10.7,59.2,1,M20,7.89,0.57,High,0,0,2.4515,845.56,19.364,4.497,18.17,1
11.58,117.5,57.21,2074.71,16.0,-7.9,23.2,9,M40,21.44,0.24,Medium,2,2,1.4302,1360.65,1.758,5.146,2.81,1
1.16,72.82,25.11,2528.92,33.7,22.5,45.7,10,M50,22.44,0.37,Low,3,1,0.5022,84.47,3.337,8.303,19.42,1
5.41,43.58,46.1,3216.59,5.2,13.3,25.8,5,M30,15.25,0.33,Medium,1,2,1.5367,235.77,1.02,5.033,8.59,0
1.78,78.09,41.48,2498.69,73.4,-3.9,49.5,8,M20,12.46,0.67,Medium,0,2,2.074,139.0,9.062,8.348,7.97,2
12.95,15.63,11.37,2384.05,44.5,38.1,70.2,3,M20,17.82,0.43,Low,0,1,0.5685,202.41,14.355,7.663,40.79,2
9.37,106.75,14.02,1440.76,42.2,44.9,55.2,4,M20,15.22,0.52,Low,0,1,0.701,1000.25,10.293,7.914,35.82,2
5.0,60.87,76.19,113.72415,49.5,35.4,48.8,4,M30,24.59,0.72,High,1,0,2.5397,304.35,12.073,17.705,27.04,2
1.0,54.47,25.38,508.54,37.8,39.3,28.9,8,M50,4.75,0.46,Low,3,1,0.5076,54.47,4.667,2.185,17.14,1
4.7,70.72,21.57,1917.49,3.4,3.0,38.4,9,M20,11.23,0.47,Low,0,1,1.0785,332.38,0.374,5.278,8.83,0
4.91,75.35,47.92,2395.44,46.3,5.8,27.5,3,M30,22.96,1.12,Medium,1,2,1.5973,369.97,14.935,25.715,7.1,2
10.96,9.54,70.34,1519.32,54.0,2.5,80.6,7,M30,22.87,0.8,High,1,0,2.3447,104.56,7.606,18.296,18.13,2
9.58,82.23,10.27,2584.31,31.8,35.9,30.1,9,M50,12.38,1.14,Low,3,1,0.2054,787.76,3.495,14.113,16.83,1
13.31,29.79,54.03,1874.33,57.0,46.9,64.7,2,M30,3.37,0.77,Medium,1,2,1.801,396.5,27.143,2.595,43.28,2
7.11,85.96,15.13,352.2,17.8,33.0,45.7,4,M20,20.37,1.2,Low,0,1,0.7565,611.18,4.341,24.444,24.22,1
1.84,98.88,8.1,752.86,17.4,42.9,36.9,3,M20,14.63,0.48,Low,0,1,0.405,181.94,5.613,7.022,23.21,1
10.71,96.67,9.48,2955.99,12.9,28.3,68.0,8,M30,19.33,0.88,Low,1,1,0.316,1035.34,1.593,17.01,32.84,0
11.42,66.75,75.9,2564.7,28.5,13.3,54.3,4,M40,11.56,0.75,Medium,2,2,1.8975,762.28,6.951,8.67,18.08,1
8.44,62.9,15.03,3142.19,63.7,15.5,50.0,9,M20,5.1,1.21,Low,0,1,0.7515,530.88,7.0,6.171,17.75,2
11.58,18.0,8.84,499.69,62.3,-5.5,64.5,1,M30,0.6,0.66,Low,1,1,0.2947,208.44,56.636,0.396,9.35,2
7.43,93.27,42.22,3466.76,29.3,-8.1,56.8,1,M30,13.98,1.14,Medium,1,2,1.4073,693.0,26.636,15.937,6.76,1
7.86,33.3,76.74,811.98,44.6,31.7,42.8,4,M30,4.03,0.82,Medium,1,2,2.558,261.74,10.878,3.305,22.13,2
6.44,60.11,27.3,140.05,54.3,16.3,61.9,3,M20,4.68,0.98,Low,0,1,1.365,387.11,17.516,4.586,22.47,2
0.43,34.83,40.85,3478.6891000000005,18.8,23.1,70.2,3,M50,10.91,1.18,Low,3,1,0.817,14.98,6.065,12.874,30.26,1
1.66,16.93,8.39,1055.65,13.4,23.5,22.0,10,M30,11.05,1.29,Low,1,1,0.2797,28.1,1.327,14.255,9.57,0
0.52,75.92,43.17,2371.27,72.9,6.6,54.9,2,M40,6.86,1.0,Low,2,1,1.0792,39.48,34.714,6.86,14.6,2
9.56,7.47,54.1,700.72,46.7,18.6,24.3,10,M30,3.3,0.55,Medium,1,2,1.8033,71.41,4.624,1.815,9.38,2
4.75,90.09,53.53,2072.78,73.6,18.2,34.0,10,M50,23.62,0.53,Low,3,1,1.0706,427.93,7.287,12.519,12.99,2
7.65,38.79,33.26,3173.72,26.0,13.3,62.0,2,M30,3.29,0.54,Low,1,1,1.1087,296.74,12.381,1.777,20.65,1
13.62,1.5099,31.82,1188.62,53.0,39.2,85.0,8,M30,8.77,0.31,Low,1,1,1.0607,20.56,6.543,2.719,50.32,2
3.78,61.82,14.06,2378.86,17.5,17.1,86.2,1,M30,7.62,0.26,Low,1,1,0.4687,233.68,15.909,1.981,31.98,1
6.19,6.58,36.18,738.87,20.3,26.2,25.2,8,M30,21.66,0.84,Low,1,1,1.206,40.73,2.506,18.194,11.64,1
11.35,33.86,13.46,2224.3,38.9,43.7,51.4,10,M20,10.25,1.09,Low,0,1,0.673,384.31,3.851,11.173,32.74,1
3.47,85.13,70.16,1243.93,24.7,42.0,63.7,3,M50,3.1,0.24,Low,3,1,1.4032,295.4,7.968,0.744,39.49,1
1.2,8.46,87.13,818.11,13.4,43.4,31.0,2,M40,0.26,0.82,Medium,2,2,2.1782,10.15,6.381,0.213,19.65,0
4.38,100.88,87.46,1164.82,20.5,6.2,77.4,9,M30,18.05,0.61,High,1,0,2.9153,441.85,2.253,11.01,20.28,1
2.46,1.5099,78.53,708.06,3.6,-7.9,75.8,5,M30,17.86,1.18,High,1,0,2.6177,3.71,0.706,21.075,9.17,0
13.95,30.37,56.07,3166.51,53.1,5.7,87.8,5,M20,10.44,0.36,High,0,0,2.8035,423.66,10.412,3.758,22.56,2
12.13,89.17,64.57,1450.44,37.4,6.7,20.6,6,M40,3.16,0.82,Medium,2,2,1.6142,1081.63,6.131,2.591,5.5,1
9.52,38.64,29.24,933.95,8.0,44.6,36.3,4,M30,9.29,1.27,Low,1,1,0.9747,367.85,1.951,11.798,23.45,0
13.08,13.13,58.62,1624.59,13.7,29.0,82.0,7,M30,14.75,0.58,Medium,1,2,1.954,171.74,1.93,8.555,40.18,0
12.06,43.87,43.73,1189.82,8.6,-5.1,70.3,7,M50,17.6,1.02,Low,3,1,0.8746,529.07,1.211,17.952,10.47,0
2.84,33.18,45.97,2631.03,46.3,-1.9,87.1,9,M30,1.96,1.17,Medium,1,2,1.5323,94.23,5.088,2.293,15.77,2
13.39,101.28,69.41,3402.15,8.0,-0.7,24.3,6,M40,13.91,0.4,Medium,2,2,1.7352,1356.14,1.311,5.564,4.69,0
8.11,38.29,28.96,1589.31,56.8,27.8,64.8,1,M30,6.9,1.29,Low,1,1,0.9653,310.53,51.636,8.901,30.97,2
12.12,94.88,32.03,3027.51,2.5,34.1,62.7,9,M40,15.43,1.09,Low,2,1,0.8008,1149.95,0.275,16.819,33.92,0
13.45,107.13,83.59,2023.93,19.5,41.6,22.7,10,M30,16.2,0.35,High,1,0,2.7863,1440.9,1.931,5.67,13.98,1
4.8,52.62,9.78,634.6,66.9,46.4,58.5,9,M30,22.77,0.54,Low,1,1,0.326,252.58,7.352,12.296,38.84,2
1.7,109.28,46.28,2448.12,54.2,2.1,65.7,5,M50,10.26,0.89,Low,3,1,0.9256,185.78,10.627,9.131,14.52,2
3.46,45.9,82.59,1845.68,6.4,8.6,34.3,7,M30,13.44,1.17,High,1,0,2.753,158.81,0.901,15.725,9.81,0
6.44,115.73,56.88,2312.06,61.8,4.4,40.5,1,M30,6.71,0.41,Medium,1,2,1.896,745.3,56.182,2.751,9.88,2
12.28,11.63,51.44,3124.94,37.5,11.5,68.0,4,M20,7.16,1.0,High,0,0,2.572,142.82,9.146,7.16,21.42,1
12.92,82.76,26.23,1597.48,63.7,44.9,55.1,10,M20,1.15,0.5,Low,0,1,1.3115,1069.26,6.307,0.575,35.76,2
0.17485,59.76,34.18,3164.0,45.5,24.5,84.4,4,M40,7.15,1.09,Low,2,1,0.8545,10.45,11.098,7.794,37.56,2
7.69,47.13,77.42,2652.27,51.5,34.3,45.7,5,M30,1.6,0.95,High,1,0,2.5807,362.43,10.098,1.52,24.82,2
6.29,76.29,52.53,1761.26,74.5,19.4,40.0,6,M40,24.1,0.78,Medium,2,2,1.3132,479.86,12.213,18.798,15.76,2
3.37,84.76,48.75,2150.96,18.2,-8.3,93.9,4,M30,15.61,0.91,Medium,1,2,1.625,285.64,4.439,14.205,10.99,1
1.84,1.52,13.46,1206.98,47.2,-6.1,88.3,6,M30,4.33,1.16,Low,1,1,0.4487,2.8,7.738,5.023,12.27,2
5.1,20.87,6.36,3444.23,35.1,22.3,22.2,10,M40,2.92,0.63,Low,2,1,0.159,106.44,3.475,1.84,9.39,1
14.15,85.85,86.91,2368.99,3.9,33.1,77.8,7,M30,9.25,1.05,High,1,0,2.897,1214.78,0.549,9.712,41.31,0
4.88,80.3,37.04,249.08,2.1,2.9,28.3,3,M40,7.69,0.37,Low,2,1,0.926,391.86,0.677,2.845,6.48,0
7.81,115.96,56.27,1210.51,9.8,33.3,22.1,9,M30,6.98,0.97,Medium,1,2,1.8757,905.65,1.077,6.771,11.78,0
10.56,91.56,11.78,2219.27,49.0,38.6,40.5,8,M20,11.7,1.03,Low,0,1,0.589,966.87,6.049,12.051,23.73,2
5.49,114.14,63.06,291.53,43.0,14.7,40.2,1,M30,22.82,0.69,Medium,1,2,2.102,626.63,39.091,15.746,13.95,2
14.58,84.6,84.27,181.21,42.0,34.8,81.4,2,M20,14.2,1.07,High,0,0,4.2135,1233.47,20.0,15.194,44.61,2
14.44,36.47,53.93,1630.08,3.4,14.2,73.3,2,M30,13.03,0.81,Medium,1,2,1.7977,526.63,1.619,10.554,25.07,0
3.81,13.54,15.72,1231.15,35.7,30.7,93.6,10,M20,20.16,1.23,Low,0,1,0.786,51.59,3.535,24.797,47.46,1
7.48,94.04,54.45,1590.22,69.4,35.8,73.4,9,M40,0.13495,0.32,Low,2,1,1.3612,703.42,7.626,0.043,40.96,2
4.55,77.65,70.14,993.16,30.4,49.5,51.4,9,M20,4.93,0.34,High,0,0,3.507,353.31,3.341,1.676,35.72,1
4.31,6.73,39.55,660.04,47.2,10.7,72.4,9,M20,12.4,1.13,Medium,0,2,1.9775,29.01,5.187,14.012,22.23,2
0.6,43.85,79.79,2443.09,58.7,14.7,94.6505,1,M30,17.63,1.13,High,1,0,2.6597,26.31,53.364,19.922,32.84,2
9.16,114.86,60.14,1849.54,59.0,-0.1,73.3,7,M20,12.13,0.72,High,0,0,3.007,1052.12,8.31,8.734,14.59,2
7.57,60.55,81.44,780.52,39.4,2.2,77.1,3,M20,4.09,1.26,High,0,0,4.072,458.36,12.71,5.153,17.12,1
0.82,52.49,58.0,1186.6,64.5,31.6,90.4,9,M30,23.25,0.95,Medium,1,2,1.9333,43.04,7.088,22.088,46.65,2
4.22,55.47,16.16,2112.15,30.0,45.0,28.5,8,M20,8.22,1.28,Low,0,1,0.808,234.08,3.704,10.522,18.52,1
13.63,25.86,31.32,345.58,66.8,13.7,72.9,3,M20,19.71,0.79,Medium,0,2,1.566,352.47,21.548,15.571,24.57,2
3.63,44.88,22.15,601.34,18.8,0.8,83.8,1,M20,22.29,0.42,Low,0,1,1.1075,162.91,17.091,9.362,17.43,1
2.22,45.01,82.25,349.04,21.7,7.1,91.6,9,M40,8.66,0.69,Medium,2,2,2.0562,99.92,2.385,5.975,24.82,1
7.37,7.23,69.63,2861.88,4.9,17.3,35.8,10,M40,21.13,1.28,Medium,2,2,1.7407,53.29,0.485,27.046,13.35,0
14.79,92.34,62.49,2658.19,59.9,7.4,57.8,1,M30,17.77,0.61,High,1,0,2.083,1365.71,54.455,10.84,15.84,2
3.67,50.56,30.58,2661.26,31.9,4.0,71.0,3,M50,22.61,1.25,Low,3,1,0.6116,185.56,10.29,28.262,17.04,1
10.1,98.84,20.64,2535.51,18.0,34.2,38.6,6,M20,6.28,1.08,Low,0,1,1.032,998.28,2.951,6.782,20.92,1
11.44,102.19,69.3,2375.91,18.2,-9.5,65.0,6,M30,23.28,0.69,High,1,0,2.31,1169.05,2.984,16.063,6.82,1
3.6,26.23,45.3,1721.77,67.7,22.4,39.3,10,M40,1.63,0.8,Low,2,1,1.1325,94.43,6.703,1.304,16.66,2
10.94,79.23,24.19,2283.75,62.7,37.6,45.0,4,M30,19.84,0.87,Medium,1,2,0.8063,866.78,15.293,17.261,25.92,2
5.55,57.2,57.41,230.43,42.0,6.0,53.1,2,M50,10.89,0.93,Low,3,1,1.1482,317.46,20.0,10.128,13.81,2
9.5,105.74,8.43,2212.98,46.6,26.2,59.7,10,M50,4.45,0.28,Low,3,1,0.1686,1004.53,4.614,1.246,27.58,2
9.52,26.67,32.72,2744.78,36.1,30.1,53.7,6,M20,1.99,1.23,Medium,0,2,1.636,253.9,5.918,2.448,26.9,1
8.06,81.66,44.83,1801.22,30.0,29.3,57.0,10,M50,9.74,0.86,Low,3,1,0.8966,658.18,2.97,8.376,28.1,1
1.4,73.32,17.58,1315.55,68.7,16.8,42.4,5,M50,9.73,1.22,Low,3,1,0.3516,102.65,13.471,11.871,15.6,2
12.54,36.14,88.7,1043.25,10.3,10.8,31.9,6,M30,5.75,0.9,High,1,0,2.9567,453.2,1.689,5.175,9.83,0
4.85,17.26,22.77,2285.53,32.0,40.2,23.6,7,M50,5.39,0.67,Low,3,1,0.4554,83.71,4.507,3.611,14.21,1
2.84,78.55,16.08,2455.52,26.5,35.5,34.7,9,M20,9.99,0.82,Low,0,1,0.804,223.08,2.912,8.192,19.26,1
0.66,88.89,22.3,3061.29,37.9,9.3,63.6,7,M40,10.25,1.11,Low,2,1,0.5575,58.67,5.338,11.378,18.63,1
8.88,38.56,70.37,1263.94,34.9,-3.8,79.0,4,M20,11.06,0.56,High,0,0,3.5185,342.41,8.512,6.194,12.8,1
10.18,77.74,41.17,2717.23,39.4,-5.7,32.7,10,M20,21.72,1.25,High,0,0,2.0585,791.39,3.901,27.15,4.68,1
0.3,48.02,53.06,2008.61,11.4,-4.3,28.1,5,M30,15.28,0.71,Medium,1,2,1.7687,14.41,2.235,10.849,4.41,0
7.71,85.87,6.79,3101.64,39.0,25.0,76.2,6,M30,0.51,1.25,Low,1,1,0.2263,662.06,6.393,0.638,34.29,1
3.44,24.71,7.93,1894.56,18.9,-6.9,42.9,9,M40,12.98,1.17,Low,2,1,0.1982,85.0,2.077,15.187,5.62,1
9.7,106.94,42.9,1859.94,14.6,10.2,91.4,5,M30,19.06,1.04,Medium,1,2,1.43,1037.32,2.863,19.822,27.6,0
2.66,35.2,74.42,2064.78,5.8,35.2,73.6,5,M30,1.41,0.71,Medium,1,2,2.4807,93.63,1.137,1.001,40.63,0
10.38,44.77,80.25,2647.67,57.4,7.7,44.5,7,M20,10.57,0.85,High,0,0,4.0125,464.71,8.085,8.984,12.33,2
5.83,7.91,12.37,3379.95,32.6,35.8,41.7,2,M30,11.28,1.12,Low,1,1,0.4123,46.12,15.524,12.634,23.27,1
14.05,14.27,50.76,350.12,47.4,34.7,59.3,3,M40,23.85,0.8,Medium,2,2,1.269,200.49,15.29,19.08,32.44,2
2.11,62.39,82.62,281.68,54.8,4.7,25.9,2,M30,11.89,1.01,High,1,0,2.754,131.64,26.095,12.009,6.4,2
5.15,32.84,37.98,3287.67,51.3,33.7,28.8,10,M30,18.75,1.07,Medium,1,2,1.266,169.13,5.079,20.062,15.47,2
1.75,100.42,75.51,1901.58,35.8,34.9,33.2,10,M30,7.57,0.76,Medium,1,2,2.517,175.74,3.545,5.753,18.23,1
13.87,2.75,16.36,2190.67,29.7,13.8,78.1,2,M30,19.48,0.79,Low,1,1,0.5453,38.14,14.143,15.389,26.4,1
13.17,46.11,84.51,1740.24,28.8,2.6,58.5,3,M30,8.07,0.42,High,1,0,2.817,607.27,9.29,3.389,13.22,1
3.91,41.14,68.87,418.44,48.4,21.3,20.8,6,M50,10.75,0.47,Low,3,1,1.3774,160.86,7.934,5.052,8.59,2
9.92,3.3,85.01,2711.5,37.6,45.3,70.5,5,M40,11.99,1.2,High,2,0,2.1253,32.74,7.373,14.388,46.04,1
12.27,15.8,62.51,2640.56,63.8,28.4,51.8,5,M30,23.16,1.12,High,1,0,2.0837,193.87,12.51,25.939,25.07,2
8.35,50.22,35.89,1159.79,65.7,0.4,58.3,2,M30,1.34,0.21,Low,1,1,1.1963,419.34,31.286,0.281,11.89,2
7.97,59.65,84.75,1141.21,13.6,31.0,36.1,2,M30,4.92,1.16,High,1,0,2.825,475.41,6.476,5.707,18.41,0
3.67,49.11,28.42,2948.66,11.1,15.6,61.4,1,M40,17.64,0.23,Low,2,1,0.7105,180.23,10.091,4.057,21.86,0
1.44,64.18,33.23,346.01,47.6,25.5,93.4,3,M30,14.44,0.7,Low,1,1,1.1077,92.42,15.355,10.108,42.5,2
13.46,71.82,64.57,3095.76,23.3,34.0,25.5,7,M40,6.29,0.27,Medium,2,2,1.6142,966.7,3.282,1.698,13.77,1
13.51,2.18,70.05,972.65,2.4,20.9,41.3,5,M30,7.23,1.27,High,1,0,2.335,29.45,0.471,9.182,16.89,0
9.51,56.23,84.0,2116.15,66.8,38.8,38.2,7,M30,9.18,1.27,High,1,0,2.8,534.75,9.408,11.659,22.46,2
5.12,115.66,22.41,3282.38,17.8,33.3,38.6,9,M40,11.26,0.87,Low,2,1,0.5602,592.18,1.956,9.796,20.57,1
5.27,62.76,72.83,2405.62,69.8,26.9,48.4,6,M30,20.45,0.63,High,1,0,2.4277,330.75,11.443,12.884,22.7,2
10.9,81.63,67.78,1509.06,54.1,-1.0,81.4,2,M50,0.35,0.76,Medium,3,2,1.3556,889.77,25.762,0.266,15.47,2
13.46,38.11,10.42,2444.42,57.4,40.2,88.5,1,M20,22.45,1.04,Medium,0,2,0.521,512.96,52.182,23.348,53.28,2
13.31,93.1,37.91,1269.53,15.9,46.2,35.2,1,M20,10.33,0.45,Medium,0,2,1.8955,1239.16,14.455,4.648,23.3,1
11.71,92.98,29.04,1042.68,18.3,-1.8,60.7,10,M30,5.76,0.69,Low,1,1,0.968,1088.8,1.812,3.974,11.05,1
9.65,63.03,30.88,3478.6891000000005,39.6,19.3,67.8,9,M40,12.71,1.01,Low,2,1,0.772,608.24,4.352,12.837,26.65,1
1.31,117.15,88.55,2652.69,13.7,5.5,59.1,6,M40,16.49,0.63,Medium,2,2,2.2138,153.47,2.246,10.389,15.07,0
2.47,15.94,59.64,2292.05,23.6,35.3,52.6,6,M20,1.12,0.24,Medium,0,2,2.982,39.37,3.869,0.269,29.09,1
13.48,3.02,66.0,1307.98,24.8,33.3,34.4,4,M20,17.89,0.76,High,0,0,3.3,40.71,6.049,13.596,18.34,1
9.12,92.65,88.01,267.15,12.8,-1.5,56.6,2,M30,19.02,1.01,High,1,0,2.9337,844.97,6.095,19.21,10.47,0
0.19,97.05,37.06,205.59,16.2,42.6,50.1,10,M20,4.15,1.27,Low,0,1,1.853,18.44,1.604,5.27,31.36,1
1.57,15.3,73.16,1984.22,59.4,0.9,79.7,3,M30,4.2,0.24,Medium,1,2,2.4387,24.02,19.161,1.008,16.66,2
9.97,32.6,41.94,2690.91,13.4,37.8,77.3,3,M30,5.09,0.79,Medium,1,2,1.398,325.02,4.323,4.021,44.68,0
0.17485,3.09,78.91,1927.09,3.1,17.4,30.0,8,M30,19.92,0.69,High,1,0,2.6303,0.54,0.383,13.745,11.22,0
2.45,35.9,20.36,2958.67,47.6,9.7,26.6,6,M20,6.8,0.47,Low,0,1,1.018,87.96,7.803,3.196,7.9,2
8.25,93.0,85.55,213.65,73.2,-0.5,88.1,7,M20,19.9,0.9,High,0,0,4.2775,767.25,10.31,17.91,17.18,2
10.39,62.64,23.6,1346.96,25.5,0.1,60.2,9,M30,13.51,0.38,Low,1,1,0.7867,650.83,2.802,5.134,12.1,1
9.8,42.42,32.73,906.04,9.8,29.7,84.3,1,M20,19.18,0.51,Medium,0,2,1.6365,415.72,8.909,9.782,41.9,0
3.4,45.24,69.28,1620.73,43.2,23.0,24.4,2,M30,13.84,1.06,High,1,0,2.3093,153.82,20.571,14.67,10.49,2
10.7,1.5099,38.47,346.08,68.1,-2.7,59.5,9,M40,8.39,0.71,Low,2,1,0.9618,16.16,7.484,5.957,10.29,2
3.6,36.68,56.7,3344.05,59.0,-3.2,60.5,5,M20,22.77,1.29,High,0,0,2.835,132.05,11.569,29.373,10.16,2
4.91,77.93,42.79,859.07,47.1,-5.7,84.6,4,M20,17.88,0.63,Medium,0,2,2.1395,382.64,11.488,11.264,12.1,2
11.21,116.93,68.1,3235.85,24.3,34.6,27.3,1,M20,12.1,0.71,High,0,0,3.405,1310.79,22.091,8.591,14.91,1
9.76,101.8,24.41,1548.04,41.1,32.7,38.0,9,M40,15.94,0.53,Low,2,1,0.6102,993.57,4.516,8.448,20.03,2
12.75,3.81,9.97,3450.78,7.8,-6.5,50.5,9,M20,15.4,0.46,Low,0,1,0.4985,48.58,0.857,7.084,6.82,0
9.88,107.93,30.49,1983.8,51.2,23.6,84.9,4,M50,8.95,1.21,Low,3,1,0.6098,1066.35,12.488,10.83,37.02,2
8.55,94.2,45.32,3264.83,54.7,-4.9,90.4,9,M30,10.59,1.02,Medium,1,2,1.5107,805.41,6.011,10.802,13.65,2
1.45,93.86,19.28,118.19,72.4,44.2,94.5,10,M30,7.96,0.57,Low,1,1,0.6427,136.1,7.168,4.537,60.67,2
5.55,55.5,35.16,2644.01,20.3,44.4,91.9,1,M20,24.90505,0.97,Medium,0,2,1.758,308.02,18.455,24.158,59.18,1
4.01,48.36,39.0,3170.37,2.4,31.9,20.4,5,M30,14.5,1.26,Medium,1,2,1.3,193.92,0.471,18.27,10.59,0
3.7,37.05,9.88,575.05,41.4,45.6,23.6,1,M30,2.3,0.28,Low,1,1,0.3293,137.08,37.636,0.644,15.48,2
14.6,8.82,54.58,426.83,53.3,38.7,31.1,4,M30,12.98,0.49,Medium,1,2,1.8193,128.77,13.0,6.36,18.26,2
5.93,28.16,80.17,1543.55,59.5,39.7,46.2,5,M30,1.25,0.42,High,1,0,2.6723,166.99,11.667,0.525,27.58,2
13.39,30.35,17.9,3274.51,15.3,24.2,82.2,3,M30,7.22,1.16,Low,1,1,0.5967,406.39,4.935,8.375,36.33,1
9.49,58.61,55.81,1944.11,20.4,8.4,86.9,2,M30,11.15,0.4,Medium,1,2,1.8603,556.21,9.714,4.46,24.68,1
11.93,89.95,61.5,1893.35,38.9,3.1,34.0,6,M30,13.36,0.54,Medium,1,2,2.05,1073.1,6.377,7.214,7.85,1
7.56,57.38,40.64,579.83,25.5,9.6,66.5,3,M30,24.4,0.8,Medium,1,2,1.3547,433.79,8.226,19.52,19.68,1
8.67,7.88,64.59,113.72415,64.7,27.7,88.8,10,M40,24.56,0.88,Medium,2,2,1.6148,68.32,6.406,21.613,42.36,2
7.41,114.98,39.91,2854.48,36.1,0.4,54.8,1,M20,2.45,1.09,Medium,0,2,1.9955,852.0,32.818,2.671,11.18,1
2.97,113.18,47.89,397.75,60.2,5.5,27.8,5,M30,13.45,0.65,Medium,1,2,1.5963,336.14,11.804,8.742,7.09,2
10.85,94.44,5.67455,2255.09,44.0,18.1,54.3,2,M30,20.43,0.79,Low,1,1,0.1892,1024.67,20.952,16.14,20.69,2
4.25,118.97,63.8,3209.7,58.2,4.0,48.2,2,M20,5.94,1.26,High,0,0,3.19,505.62,27.714,7.484,11.57,2
0.41,65.79,61.21,809.42,25.6,25.3,63.3,4,M30,18.76,0.53,Medium,1,2,2.0403,26.97,6.244,9.943,28.67,1
9.7,115.57,8.26,2361.93,62.5,45.4,52.9,4,M20,21.97,0.47,Low,0,1,0.413,1121.03,15.244,10.326,34.6,2
2.7,10.0,36.3,367.58,21.3,34.9,21.3,4,M20,16.56,0.98,Medium,0,2,1.815,27.0,5.195,16.229,11.69,1
14.11,44.52,88.22,2152.77,41.4,30.0,94.5,7,M50,8.19,1.05,Medium,3,2,1.7644,628.18,5.831,8.599,47.25,2
14.31,27.82,40.76,657.37,16.8,25.0,60.8,1,M30,23.08,0.66,Medium,1,2,1.3587,398.1,15.273,15.233,27.36,1
13.73,24.3,47.67,2602.24,36.2,19.3,55.5,8,M30,22.09,0.43,Medium,1,2,1.589,333.64,4.469,9.499,21.81,1
5.58,17.76,82.34,1124.19,24.5,1.2,91.6,10,M40,17.9,1.06,Medium,2,2,2.0585,99.1,2.426,18.974,19.42,1
0.28,75.07,65.97,1675.53,20.7,43.7,31.7,9,M20,9.09,0.94,High,0,0,3.2985,21.02,2.275,8.545,20.19,1
13.93,93.98,54.48,2138.06,72.6,4.9,34.2,10,M40,19.8,1.16,Medium,2,2,1.362,1309.14,7.188,22.968,8.52,2
6.45,69.82,72.81,682.33,12.8,-4.5,80.6,6,M20,7.9,1.13,High,0,0,3.6405,450.34,2.098,8.927,12.49,0
14.5,18.49,78.47,2621.57,59.3,35.0,39.6,4,M30,6.32,0.43,High,1,0,2.6157,268.1,14.463,2.718,21.78,2
14.46,97.52,43.84,1128.98,73.8,0.5,79.9,6,M40,12.88,1.12,Medium,2,2,1.096,1410.14,12.098,14.426,16.38,2
12.8,76.68,45.38,2352.06,2.5,12.3,40.4,10,M50,24.90505,0.39,Low,3,1,0.9076,981.5,0.248,9.713,13.05,0
4.45,47.19,37.81,638.16,52.7,-8.3,22.5,7,M30,20.11,1.15,Medium,1,2,1.2603,210.0,7.423,23.126,2.63,2
5.81,81.22,87.17,2439.6,19.7,-1.8,58.8,6,M30,18.24,1.05,High,1,0,2.9057,471.89,3.23,19.152,10.7,1
12.77,31.93,64.26,535.84,4.0,0.4,34.8,1,M30,11.3,0.83,Medium,1,2,2.142,407.75,3.636,9.379,7.1,0
4.79,42.08,12.07,1546.21,30.8,-6.7,76.8,5,M20,7.8,0.91,Low,0,1,0.6035,201.56,6.039,7.098,10.21,1
2.58,110.18,78.35,940.5,70.2,29.4,68.1,8,M40,21.4,0.31,Medium,2,2,1.9587,284.26,8.667,6.634,33.64,2
8.37,35.57,45.85,2644.48,1.9,40.2,89.3,8,M20,14.19,0.24,Medium,0,2,2.2925,297.72,0.235,3.406,53.76,0
14.05,56.93,10.84,990.92,44.5,12.4,78.7,10,M30,20.33,0.56,Low,1,1,0.3613,799.87,4.406,11.385,25.5,2
10.46,106.93,51.73,3097.84,38.1,42.5,33.6,9,M30,12.19,1.1,Medium,1,2,1.7243,1118.49,4.187,13.409,21.0,1
8.57,85.22,40.46,3132.19,65.6,2.8,80.0,4,M40,18.85,0.71,Medium,2,2,1.0115,730.34,16.0,13.384,18.24,2
1.5,8.4,79.61,767.9,7.2,9.5,68.1,10,M30,21.69,0.45,Medium,1,2,2.6537,12.6,0.713,9.76,20.09,0
9.24,18.53,22.34,2187.08,51.4,-1.0,70.2,6,M40,9.78,1.12,Low,2,1,0.5585,171.22,8.426,10.954,13.34,2
14.85,1.93,75.25,398.24,51.3,27.2,82.4,7,M20,0.34,0.45,High,0,0,3.7625,28.66,7.225,0.153,38.89,2
2.14,76.08,52.4,1431.23,50.5,15.2,63.0,5,M20,6.37,1.1,High,0,0,2.62,162.81,9.902,7.007,22.18,2
7.8,54.27,9.64,2525.29,70.7,26.8,55.0,8,M30,22.87,0.7,Low,1,1,0.3213,423.31,8.728,16.009,25.74,2
13.17,16.98,87.61,2342.04,61.9,35.7,67.7,3,M30,17.19,0.71,High,1,0,2.9203,223.63,19.968,12.205,37.71,2
11.12,114.99,48.57,2223.98,4.1,22.7,42.3,8,M30,18.43,0.5,Medium,1,2,1.619,1278.69,0.506,9.215,18.06,0
10.47,64.03,29.72,1060.64,35.9,27.7,33.7,5,M40,8.13,1.19,Low,2,1,0.743,670.39,7.039,9.675,16.07,1
10.55,29.79,44.9,1385.28,30.4,46.1,66.2,1,M20,17.53,0.3,High,0,0,2.245,314.28,27.636,5.259,43.76,1
5.42,60.57,77.92,450.02,24.0,7.9,37.5,6,M30,16.16,0.36,Medium,1,2,2.5973,328.29,3.934,5.818,10.46,1
4.44,81.87,30.92,2544.68,34.4,11.5,26.0,2,M20,4.46,0.9,Medium,0,2,1.546,363.5,16.381,4.014,8.19,1
12.15,10.07,21.38,1813.22,29.4,33.1,20.3,7,M20,24.22,1.14,Medium,0,2,1.069,122.35,4.141,27.611,10.78,1
12.16,33.69,15.97,2509.8,33.0,26.7,65.6,9,M20,8.85,0.3,Low,0,1,0.7985,409.67,3.626,2.655,30.64,1
13.01,97.03,30.32,946.41,73.5,0.7,47.2,3,M40,8.23,1.01,Low,2,1,0.758,1262.36,23.71,8.312,9.77,2
13.7,55.7,71.3,1203.09,7.6,12.6,76.4,10,M30,9.23,1.02,Medium,1,2,2.3767,763.09,0.752,9.415,24.91,0
7.69,66.04,45.09,1236.33,69.2,18.1,48.1,4,M20,2.29,0.84,Medium,0,2,2.2545,507.85,16.878,1.924,18.33,2
7.55,52.51,24.34,187.52,36.5,15.2,56.5,4,M30,15.62,0.74,Low,1,1,0.8113,396.45,8.902,11.559,19.89,1
11.98,6.22,19.13,1259.56,47.2,0.7,50.5,4,M30,5.97,0.55,Low,1,1,0.6377,74.52,11.512,3.284,10.45,2
9.77,20.72,33.28,2831.24,62.4,45.5,68.8,3,M40,20.08,0.59,Medium,2,2,0.832,202.43,20.129,11.847,45.06,2
10.54,54.02,84.89,3150.81,27.7,35.7,46.7,5,M30,9.85,0.94,High,1,0,2.8297,569.37,5.431,9.259,26.01,1
11.95,25.89,34.16,1861.94,32.9,18.9,92.3,9,M20,11.46,0.27,Medium,0,2,1.708,309.39,3.615,3.094,35.9,1
13.36,6.95,88.99,1648.71,31.3,30.8,90.2,8,M50,16.16,0.84,Medium,3,2,1.7798,92.85,3.864,13.574,45.82,1
5.1,101.39,46.24,204.8,28.7,43.8,83.6,10,M20,19.05,0.51,Medium,0,2,2.312,517.09,2.842,9.716,53.34,1
5.66,117.76,20.23,3089.29,69.5,-1.8,89.0,2,M40,5.78,0.71,Low,2,1,0.5058,666.52,33.095,4.104,16.2,2
1.46,95.38,80.75,144.23,62.3,5.0,53.7,9,M30,24.16,0.81,High,1,0,2.6917,139.25,6.846,19.57,13.42,2
8.7,102.6,44.13,3312.15,9.1,22.6,60.2,10,M20,15.56,1.17,High,0,0,2.2065,892.62,0.901,18.205,25.65,0
0.59,29.8,65.32,1763.34,9.0,37.9,75.7,2,M40,0.14,0.84,Medium,2,2,1.633,17.58,4.286,0.118,43.83,0
7.01,115.31,88.62,1262.58,32.7,-7.8,72.2,7,M20,10.39,0.45,High,0,0,4.431,808.32,4.606,4.676,8.81,1
8.16,24.43,9.26,3242.34,8.3,49.0,86.8,5,M40,10.92,0.29,Low,2,1,0.2315,199.35,1.627,3.167,59.89,0
4.33,114.22,13.22,182.93,46.8,17.3,73.7,7,M20,20.23,0.89,Low,0,1,0.661,494.57,6.592,18.005,27.49,2
8.88,119.38,66.24,2076.84,11.6,11.6,94.6505,5,M30,7.63,0.8,Medium,1,2,2.208,1060.09,2.275,6.104,29.91,0
0.51,85.7,28.96,1966.37,39.7,7.6,46.1,6,M30,8.28,0.94,Low,1,1,0.9653,43.71,6.508,7.783,12.72,1
0.61,117.76,20.67,845.69,1.5,0.5,82.5,8,M20,1.76,0.71,Low,0,1,1.0335,71.83,0.185,1.25,16.91,0
12.35,68.78,8.35,1558.22,24.4,37.5,72.3,1,M30,7.09,1.11,Low,1,1,0.2783,849.43,22.182,7.87,41.57,1
5.43,31.89,6.86,2317.7,51.1,47.3,71.9,1,M40,17.92,1.21,Low,2,1,0.1715,173.16,46.455,21.683,48.39,2
1.95,53.0,70.83,2572.25,36.8,14.8,44.4,5,M40,15.87,0.24,Medium,2,2,1.7708,103.35,7.216,3.809,15.45,1
7.86,71.63,16.43,113.72415,73.4,47.1,78.9,1,M30,2.03,1.02,Low,1,1,0.5477,563.01,66.727,2.071,52.94,2
11.56,9.7,44.76,3285.3,65.7,39.4,87.5,3,M40,2.87,0.24,Medium,2,2,1.119,112.13,21.194,0.689,51.98,2
3.28,75.06,56.5,659.39,27.6,18.9,36.4,10,M50,9.42,0.69,Low,3,1,1.13,246.2,2.733,6.5,14.16,1
9.36,117.76,41.41,894.17,4.4,30.4,66.9,9,M20,18.59,0.71,Medium,0,2,2.0705,1102.23,0.484,13.199,33.72,0
1.33,23.62,7.3,995.81,63.6,16.1,49.4,7,M30,20.82,0.97,Low,1,1,0.2433,31.41,8.958,20.195,17.83,2
0.82,95.32,71.6,228.59,68.4,23.5,94.2,6,M20,0.37,0.59,High,0,0,3.58,78.16,11.213,0.218,40.98,2
7.99,109.04,5.89,518.38,61.7,-6.5,55.9,8,M40,8.23,1.1,Low,2,1,0.1472,871.23,7.617,9.053,7.55,2
8.13,113.3,69.76,3453.59,10.5,31.8,37.1,8,M40,10.61,0.58,Medium,2,2,1.744,921.13,1.296,6.154,19.22,0
9.58,115.26,80.93,1171.74,74.65050000000001,-6.8,48.6,6,M40,22.78,0.58,High,2,0,2.0232,1104.19,12.238,13.212,6.42,2
10.91,63.05,41.79,492.02,20.1,39.0,69.0,4,M50,12.54,0.45,Low,3,1,0.8358,687.88,4.902,5.643,40.71,1
14.64,117.3,50.52,463.77,54.6,39.5,25.7,4,M20,6.74,0.95,High,0,0,2.526,1717.27,13.317,6.403,15.29,2
7.77,91.12,45.54,2546.16,68.2,4.2,65.3,4,M20,9.75,0.28,High,0,0,2.277,708.0,16.634,2.73,15.8,2
4.88,20.24,38.08,3005.53,18.4,9.4,89.8,6,M20,10.91,0.6,Medium,0,2,1.904,98.77,3.016,6.546,26.4,1
11.94,57.75,80.43,973.64,68.2,18.9,83.8,1,M30,16.75,0.49,High,1,0,2.681,689.54,62.0,8.208,32.6,2
4.1,86.48,80.98,171.09,23.9,25.8,25.1,2,M30,1.03,0.45,Medium,1,2,2.6993,354.57,11.381,0.464,11.5,1
6.61,30.43,33.54,858.51,73.3,7.2,94.5,6,M40,9.74,0.27,Low,2,1,0.8385,201.14,12.016,2.63,25.7,2
1.22,77.23,57.28,292.15,21.8,25.5,72.4,1,M30,16.16,0.41,Medium,1,2,1.9093,94.22,19.818,6.626,32.94,1
0.43,80.33,83.79,451.54,71.6,7.9,32.2,9,M30,7.08,0.69,High,1,0,2.793,34.54,7.868,4.885,8.98,2
14.44,20.36,86.77,1567.13,5.0,-6.7,20.9,6,M40,14.79,0.75,High,2,0,2.1692,294.0,0.82,11.092,2.78,0
12.55,68.25,48.26,881.72,53.5,-9.6505,32.8,7,M20,8.93,0.5,Medium,0,2,2.413,856.54,7.535,4.465,3.39,2
10.45,92.82,43.49,1854.22,40.4,-3.9,82.9,1,M20,18.97,0.92,High,0,0,2.1745,969.97,36.727,17.452,13.35,2
6.16,60.37,28.69,961.88,36.4,37.5,21.6,8,M30,1.51,0.57,Low,1,1,0.9563,371.88,4.494,0.861,12.42,1
2.64,2.44,86.5,3297.83,17.5,47.7,37.5,5,M30,22.95,0.6,High,1,0,2.8833,6.44,3.431,13.77,25.39,1
2.39,2.08,17.14,3180.21,53.2,15.6,76.8,5,M50,4.29,1.06,Low,3,1,0.3428,4.97,10.431,4.547,27.34,2
3.79,43.49,54.29,2027.14,15.1,20.8,64.0,6,M30,3.96,0.81,Medium,1,2,1.8097,164.83,2.475,3.208,26.11,1
8.26,111.22,29.02,1305.04,41.9,-1.2,78.7,7,M40,21.02,1.25,Low,2,1,0.7255,918.68,5.901,26.275,14.8,2
10.73,28.21,28.72,1395.9,19.7,23.1,76.0,7,M30,21.73,0.6,Low,1,1,0.9573,302.69,2.775,13.038,32.76,1
9.92,76.49,39.42,1500.3,71.7,-1.3,23.8,5,M20,2.32,1.11,Medium,0,2,1.971,758.78,14.059,2.575,4.45,2
4.24,27.43,89.34050000000002,2573.77,3.1,26.7,86.9,1,M20,22.72,1.01,High,0,0,4.467,116.3,2.818,22.947,40.58,0
14.33,39.28,9.67,1635.57,15.8,46.0,37.0,9,M20,6.83,1.18,Low,0,1,0.4835,562.88,1.736,8.059,24.42,1
11.08,101.92,54.18,3012.88,18.9,1.7,61.5,6,M20,15.47,1.25,High,0,0,2.709,1129.27,3.098,19.338,13.35,1
8.34,87.73,12.02,3309.92,31.6,35.9,68.3,9,M30,1.71,0.21,Low,1,1,0.4007,731.67,3.473,0.359,38.18,1
9.2,12.35,18.13,1242.22,18.2,-8.6,32.6,4,M30,9.52,0.3,Low,1,1,0.6043,113.62,4.439,2.856,3.72,1
6.32,52.02,42.36,2006.36,37.4,12.5,93.2,2,M30,11.27,0.94,Medium,1,2,1.412,328.77,17.81,10.594,30.29,1
3.75,4.47,48.39,423.19,65.6,-3.4,56.6,3,M30,15.0,0.63,Medium,1,2,1.613,16.76,21.161,9.45,9.4,2
5.37,58.23,27.0,781.59,53.7,11.1,24.3,4,M20,13.13,1.1,Medium,0,2,1.35,312.7,13.098,14.443,7.56,2
11.38,79.83,31.9,1505.78,43.9,0.4,90.3,10,M30,11.54,0.21,Low,1,1,1.0633,908.47,4.347,2.423,18.42,2
0.27,15.1,12.39,801.09,7.6,12.4,64.0,8,M30,23.99,1.09,Low,1,1,0.413,4.08,0.938,26.149,20.74,0
1.79,35.38,30.77,3080.31,52.4,15.1,72.4,3,M50,4.63,0.35,Low,3,1,0.6154,63.33,16.903,1.62,25.41,2
0.74,48.34,87.16,638.17,13.3,8.0,59.4,8,M50,3.95,0.52,Low,3,1,1.7432,35.77,1.642,2.054,16.63,0
0.66,110.42,85.3,1649.25,59.2,29.4,82.6,6,M40,17.84,1.27,Medium,2,2,2.1325,72.88,9.705,22.657,40.8,2
12.84,119.2,33.46,2159.38,19.5,45.1,22.5,4,M40,1.86,0.26,Low,2,1,0.8365,1530.53,4.756,0.484,14.65,1
10.57,6.34,53.52,2452.34,31.9,14.0,40.1,7,M20,12.07,0.58,High,0,0,2.676,67.01,4.493,7.001,13.63,1
7.14,91.56,82.32,1402.44,26.9,1.5,55.2,5,M20,12.1,0.29,High,0,0,4.116,653.74,5.275,3.509,11.87,1
1.51,45.24,5.67455,3054.94,64.6,6.2,25.7,5,M40,7.75,1.14,Low,2,1,0.1419,68.31,12.667,8.835,6.73,2
7.4,47.7,73.91,2032.29,10.4,41.2,72.9,9,M30,23.26,0.97,High,1,0,2.4637,352.98,1.143,22.562,44.61,0
7.13,90.76,85.61,1594.33,42.9,24.3,49.5,3,M30,7.06,1.08,High,1,0,2.8537,647.12,13.839,7.625,21.93,2
2.64,110.29,12.76,328.62,11.5,17.3,40.5,10,M40,7.21,0.78,Low,2,1,0.319,291.17,1.139,5.624,15.11,0
6.54,114.16,18.72,1679.94,53.2,-1.0,20.3,4,M30,5.86,0.59,Low,1,1,0.624,746.61,12.976,3.457,3.86,2
6.01,69.68,86.66,2890.5,68.0,17.0,74.0,5,M20,3.64,0.21,High,0,0,4.333,418.78,13.333,0.764,27.38,2
9.26,43.5,50.69,2189.44,33.2,6.7,82.5,1,M20,9.1,0.51,High,0,0,2.5345,402.81,30.182,4.641,22.03,1
9.54,94.72,6.21,2929.35,37.1,46.6,49.6,7,M20,17.02,0.77,Low,0,1,0.3105,903.63,5.225,13.105,33.03,1
0.73,30.87,26.9,1779.64,69.6,43.0,62.3,8,M40,18.55,0.93,Low,2,1,0.6725,22.54,8.593,17.252,39.25,2
5.65,68.12,43.25,502.77,39.6,-5.0,37.1,6,M30,20.34,0.45,Medium,1,2,1.4417,384.88,6.492,9.153,5.56,1
9.41,43.67,63.9,146.38,37.1,21.0,66.7,9,M50,4.94,0.35,Low,3,1,1.278,410.93,4.077,1.729,27.35,1
7.57,79.14,67.32,1130.95,43.8,3.5,20.9,3,M40,0.89,0.42,Medium,2,2,1.683,599.09,14.129,0.374,4.91,2
12.85,29.61,89.34050000000002,2473.17,52.0,14.6,56.6,2,M20,24.37,0.59,High,0,0,4.467,380.49,24.762,14.378,19.58,2
9.9,23.8,29.44,2786.88,8.9,42.6,68.3,5,M20,0.36,0.36,Low,0,1,1.472,235.62,1.745,0.13,42.76,0
2.49,110.27,50.75,1105.56,61.8,21.7,88.9,9,M30,24.02,0.37,Medium,1,2,1.6917,274.57,6.791,8.887,37.07,2
1.11,13.11,50.33,1785.22,33.2,10.1,48.6,1,M50,20.72,0.25,Low,3,1,1.0066,14.55,30.182,5.18,14.63,1
9.65,61.21,39.48,1531.8,6.4,2.5,77.4,1,M20,22.8,1.14,High,0,0,1.974,590.68,5.818,25.992,17.42,0
0.45,27.28,19.38,1495.78,59.2,38.0,64.8,10,M40,9.68,0.44,Low,2,1,0.4845,12.28,5.861,4.259,37.58,2
8.81,5.63,88.08,886.59,28.9,27.5,89.5,3,M30,4.93,1.1,High,1,0,2.936,49.6,9.323,5.423,42.51,1
14.11,5.29,77.53,563.66,8.4,18.1,49.9,10,M20,15.16,0.68,High,0,0,3.8765,74.64,0.832,10.309,19.01,0
8.65,21.85,47.36,768.74,47.9,3.0,43.9,3,M50,18.53,0.9,Low,3,1,0.9472,189.0,15.452,16.677,10.1,2
5.85,104.15,56.28,288.13,66.1,10.1,86.5,5,M20,3.27,0.28,Medium,0,2,2.814,609.28,12.961,0.916,26.04,2
9.67,34.61,24.32,773.64,66.7,47.6,23.7,4,M40,19.94,0.84,Low,2,1,0.608,334.68,16.268,16.75,16.02,2
6.9,114.1,51.22,131.28,71.9,21.2,30.2,6,M20,5.21,0.52,Medium,0,2,2.561,787.29,11.787,2.709,12.44,2
8.21,70.21,64.07,2232.68,65.2,14.0,26.2,8,M40,12.29,0.3,Medium,2,2,1.6017,576.42,8.049,3.687,8.91,2
14.12,52.96,48.79,1175.68,1.4,21.3,83.2,8,M40,21.41,1.2,Medium,2,2,1.2197,747.8,0.173,25.692,34.36,0
5.82,70.03,89.17,3408.69,29.1,36.7,20.8,4,M40,4.84,0.86,Medium,2,2,2.2292,407.57,7.098,4.162,11.79,1
14.42,62.49,56.96,758.64,61.6,10.4,84.6,1,M20,6.05,0.47,High,0,0,2.848,901.11,56.0,2.843,25.72,2
13.58,91.29,36.53,1275.82,28.1,0.7,53.8,7,M20,1.57,0.66,Medium,0,2,1.8265,1239.72,3.958,1.036,11.14,1
2.98,34.62,70.63,1316.66,45.5,25.1,20.3,6,M30,3.67,0.59,Medium,1,2,2.3543,103.17,7.459,2.165,9.16,2
1.09,43.01,19.49,128.74,45.9,29.9,50.1,5,M20,3.66,0.97,Low,0,1,0.9745,46.88,9.0,3.55,25.0,2
1.56,107.4,37.68,2953.31,28.0,32.8,34.0,4,M30,5.09,0.87,Low,1,1,1.256,167.54,6.829,4.428,17.95,1
0.32,113.63,34.49,208.78,67.9,42.9,66.8,6,M30,7.16,0.22,Low,1,1,1.1497,36.36,11.131,1.575,42.02,2
1.46,107.21,41.7,3296.61,38.2,12.3,71.0,8,M20,20.37,0.42,Medium,0,2,2.085,156.53,4.716,8.555,22.93,1
10.26,50.91,71.45,3133.05,35.4,-5.5,56.6,6,M40,22.89,0.73,Medium,2,2,1.7862,522.34,5.803,16.71,8.21,1
1.11,93.86,46.15,1920.77,74.65050000000001,47.5,23.0,3,M40,10.16,0.69,Medium,2,2,1.1538,104.18,24.081,7.01,15.52,2
4.82,57.68,72.49,1948.22,37.5,16.1,69.2,9,M50,3.21,0.77,Low,3,1,1.4498,278.02,4.121,2.472,24.98,1
12.68,60.21,54.0,2322.84,14.2,27.4,83.2,3,M30,5.6,0.99,Medium,1,2,1.8,763.46,4.581,5.544,39.44,0
0.4,25.36,34.08,1415.97,39.0,30.0,74.0,4,M30,18.41,0.95,Low,1,1,1.136,10.14,9.512,17.49,37.0,1
12.23,71.34,73.85,2300.56,61.2,22.8,82.2,5,M20,16.94,0.61,High,0,0,3.6925,872.49,12.0,10.333,35.18,2
4.26,23.15,25.25,252.21,58.5,2.3,35.0,2,M20,24.18,1.17,Medium,0,2,1.2625,98.62,27.857,28.291,7.8,2
1.82,40.46,24.07,283.76,59.4,35.3,86.7,10,M30,0.36,0.27,Low,1,1,0.8023,73.64,5.881,0.097,47.95,2
10.47,102.75,47.88,1654.58,53.4,38.2,44.2,10,M50,18.77,0.84,Medium,3,2,0.9576,1075.79,5.287,15.767,25.72,2
9.45,25.64,27.17,1968.72,19.8,23.2,21.0,2,M20,12.64,1.24,Medium,0,2,1.3585,242.3,9.429,15.674,9.07,1
13.17,9.47,5.77,3118.58,64.8,19.3,83.3,6,M20,22.57,0.8,Low,0,1,0.2885,124.72,10.623,18.056,32.74,2
11.04,9.21,60.11,455.85,67.1,-3.2,90.6,2,M20,14.4,0.7,High,0,0,3.0055,101.68,31.952,10.08,15.22,2
12.06,112.95,48.44,2897.0,15.4,-5.0,69.2,10,M20,11.17,0.35,Medium,0,2,2.422,1362.18,1.525,3.909,10.38,1
4.27,61.32,42.87,814.16,10.7,10.4,37.4,1,M20,16.65,1.09,Medium,0,2,2.1435,261.84,9.727,18.148,11.37,0
2.7,49.72,87.19,1439.88,73.2,8.7,38.9,8,M30,20.84,0.61,High,1,0,2.9063,134.24,9.037,12.712,11.16,2
11.27,97.49,53.55,1176.45,65.3,47.2,55.0,10,M30,7.06,0.97,Medium,1,2,1.785,1098.71,6.465,6.848,36.96,2
12.11,100.46,78.39,1460.53,67.1,37.0,87.3,10,M20,2.69,0.42,High,0,0,3.9195,1216.57,6.644,1.13,49.76,2
14.86,40.53,16.85,611.68,66.6,29.6,31.2,1,M20,10.83,0.25,Low,0,1,0.8425,602.28,60.545,2.708,15.48,2
6.22,83.54,53.38,1812.14,41.1,21.1,81.9,10,M30,5.36,0.54,Medium,1,2,1.7793,519.62,4.069,2.894,33.66,2
5.61,92.76,78.78,2825.58,48.8,0.0,41.8,6,M30,10.74,0.51,High,1,0,2.626,520.38,8.0,5.477,8.36,2
11.66,78.9,54.56,1601.22,41.4,48.7,80.6,1,M20,24.78,1.16,High,0,0,2.728,919.97,37.636,28.745,55.37,2
5.15,19.04,66.03,1768.09,4.8,12.5,89.0,8,M50,14.35,1.15,Low,3,1,1.3206,98.06,0.593,16.502,28.92,0
13.96,105.23,36.62,2985.81,56.2,-3.6,52.1,5,M30,17.34,0.79,Medium,1,2,1.2207,1469.01,11.02,13.699,8.54,2
12.88,65.15,12.86,2500.6,38.4,19.6,47.4,3,M30,16.95,0.22,Low,1,1,0.4287,839.13,12.387,3.729,18.77,1
6.46,34.61,43.92,1767.54,48.9,42.4,80.2,5,M40,20.52,0.45,Medium,2,2,1.098,223.58,9.588,9.234,50.04,2
11.28,51.6,38.53,976.17,38.2,43.2,59.7,1,M30,23.6,0.9,Medium,1,2,1.2843,582.05,34.727,21.24,37.73,1
11.33,5.47,78.7,3108.75,37.4,-9.3,71.3,1,M40,16.47,0.31,High,2,0,1.9675,61.98,34.0,5.106,7.63,1
1.59,16.22,25.74,2061.87,13.7,43.2,66.7,4,M50,11.9,0.97,Low,3,1,0.5148,25.79,3.341,11.543,42.15,0
13.54,92.1,87.17,851.9,21.6,6.3,31.5,9,M20,7.95,0.21,High,0,0,4.3585,1247.03,2.374,1.67,8.28,1
7.6,1.5099,86.44,1015.01,12.8,-7.7,83.4,9,M40,9.01,0.95,Medium,2,2,2.161,11.48,1.407,8.56,10.26,0
12.41,50.57,26.05,2830.65,15.5,40.9,34.7,1,M20,8.36,1.13,Medium,0,2,1.3025,627.57,14.091,9.447,21.13,1
4.83,63.18,34.58,250.09,73.0,41.8,89.9,3,M20,8.11,0.72,Medium,0,2,1.729,305.16,23.548,5.839,55.56,2
13.44,7.5,81.12,3473.11,12.3,25.8,38.8,4,M40,17.37,1.11,High,2,0,2.028,100.8,3.0,19.281,17.77,0
5.87,116.8,87.16,543.2,20.9,24.5,75.0,2,M50,14.69,1.06,Medium,3,2,1.7432,685.62,9.952,15.571,33.38,1
0.21,27.91,42.69,2806.63,44.7,38.8,41.3,7,M40,5.05,0.94,Low,2,1,1.0672,5.86,6.296,4.747,24.28,2
13.59,37.2,32.28,1442.24,46.2,37.2,43.8,3,M20,24.24,0.69,Medium,0,2,1.614,505.55,14.903,16.726,25.05,2
1.41,37.17,49.72,1773.54,12.4,43.4,43.3,1,M30,10.69,0.5,Medium,1,2,1.6573,52.41,11.273,5.345,27.45,0
4.82,28.42,63.46,3094.21,59.7,23.2,76.1,1,M30,14.15,1.15,High,1,0,2.1153,136.98,54.273,16.272,32.88,2
14.25,1.5099,28.25,1503.9,59.1,48.1,61.8,3,M20,17.57,0.91,Medium,0,2,1.4125,21.52,19.065,15.989,42.09,2
14.26,87.79,67.6,1927.48,18.6,49.7,86.2,6,M50,15.34,1.08,Medium,3,2,1.352,1251.89,3.049,16.567,60.08,1
8.62,116.05,9.39,267.62,22.4,-3.0,43.1,4,M30,7.78,0.81,Low,1,1,0.313,1000.35,5.463,6.302,7.33,1
9.5,27.69,9.19,113.72415,70.4,41.0,71.9,1,M20,19.94,0.39,Low,0,1,0.4595,263.06,64.0,7.777,43.86,2
6.75,79.9,37.83,932.32,62.1,20.0,76.5,7,M20,2.75,1.28,Medium,0,2,1.8915,539.33,8.746,3.52,30.6,2
4.43,89.29,35.05,2413.98,52.6,13.3,31.4,2,M30,14.22,0.4,Medium,1,2,1.1683,395.55,25.048,5.688,10.46,2
4.96,101.96,31.83,512.3,7.1,26.8,50.0,5,M40,6.83,1.2,Low,2,1,0.7958,505.72,1.392,8.196,23.4,0
10.1,51.29,46.74,486.79,32.0,-6.6,56.2,8,M20,15.39,0.43,Medium,0,2,2.337,518.03,3.951,6.618,7.53,1
11.3,37.05,32.26,1497.27,42.4,20.4,46.7,7,M40,5.45,0.61,Low,2,1,0.8065,418.66,5.972,3.324,18.87,2
11.88,39.71,21.34,2302.65,14.9,42.3,44.2,8,M20,19.3,0.68,Low,0,1,1.067,471.75,1.84,13.124,27.54,0
11.85,85.8,31.3,2521.04,34.2,2.8,71.5,10,M30,5.69,1.21,Low,1,1,1.0433,1016.73,3.386,6.885,16.3,1
1.41,98.2,87.87,706.73,45.5,15.6,36.2,6,M40,22.26,1.18,Medium,2,2,2.1968,138.46,7.459,26.267,12.89,2
7.44,22.61,39.94,370.6,25.2,46.4,73.2,7,M20,21.54,1.11,Medium,0,2,1.997,168.22,3.549,23.909,48.6,1
0.91,45.14,42.8,3297.35,58.8,15.7,90.1,9,M30,9.06,0.61,Low,1,1,1.4267,41.08,6.462,5.527,32.17,2
8.27,108.33,54.01,986.27,63.2,11.5,62.4,6,M40,9.65,0.21,Low,2,1,1.3502,895.89,10.361,2.026,19.66,2
6.65,97.0,88.58,3001.38,24.9,16.4,65.9,9,M30,17.54,0.95,High,1,0,2.9527,645.05,2.736,16.663,23.99,1
13.32,118.2,25.54,3035.87,63.1,21.2,25.2,2,M30,2.26,0.65,Low,1,1,0.8513,1574.42,30.048,1.469,10.38,2
5.3,90.76,62.91,2726.58,8.7,27.9,84.8,2,M40,2.02,1.03,Medium,2,2,1.5727,481.03,4.143,2.081,40.62,0
1.8,47.79,65.86,674.03,63.0,38.0,41.4,2,M50,3.41,1.07,Low,3,1,1.3172,86.02,30.0,3.649,24.01,2
2.19,71.29,56.62,2894.12,12.3,17.1,66.1,6,M20,14.06,0.68,High,0,0,2.831,156.13,2.016,9.561,24.52,0
11.43,79.66,12.53,2715.45,7.1,39.0,93.4,2,M40,3.73,1.02,Low,2,1,0.3132,910.51,3.381,3.805,55.11,0
9.29,10.34,62.53,2128.86,48.5,22.0,64.7,3,M20,6.94,1.12,High,0,0,3.1265,96.06,15.645,7.773,27.17,2
1.56,65.8,10.45,1246.49,35.9,10.3,74.4,8,M20,16.17,1.22,Low,0,1,0.5225,102.65,4.432,19.727,22.54,1
1.31,85.41,55.67,992.53,68.2,29.5,53.4,8,M20,0.39,0.84,Medium,0,2,2.7835,111.89,8.42,0.328,26.43,2
10.53,20.91,67.86,514.42,27.9,33.1,24.5,4,M50,4.51,1.06,Medium,3,2,1.3572,220.18,6.805,4.781,13.01,1
1.14,93.9,22.93,1833.17,22.2,23.5,79.8,9,M30,23.25,0.74,Low,1,1,0.7643,107.05,2.44,17.205,34.71,1
12.34,70.47,76.54,2089.89,38.1,-6.6,22.6,8,M20,16.59,0.25,High,0,0,3.827,869.6,4.704,4.148,3.03,1
10.61,114.31,7.58,1321.75,34.7,0.2,72.5,1,M20,7.64,0.37,Low,0,1,0.379,1212.83,31.545,2.827,14.64,1
1.27,6.05,76.72,1716.22,26.5,7.1,21.7,8,M50,1.13,0.34,Low,3,1,1.5344,7.68,3.272,0.384,5.88,1
1.32,32.57,44.13,1335.95,52.3,7.0,84.7,1,M30,14.65,0.39,Medium,1,2,1.471,42.99,47.545,5.714,22.87,2
14.8,72.58,23.49,2279.42,57.2,30.4,31.8,4,M30,5.57,0.21,Low,1,1,0.783,1074.18,13.951,1.17,16.03,2
5.65,36.29,16.37,3164.28,64.1,-8.9,58.6,10,M40,24.0,1.14,Low,2,1,0.4092,205.04,6.347,27.36,6.5,2
5.59,86.02,86.03,657.33,73.0,35.3,64.8,6,M30,17.17,0.82,High,1,0,2.8677,480.85,11.967,14.079,35.83,2
12.2,91.32,11.18,1396.79,20.7,5.9,54.3,7,M20,24.35,0.62,Low,0,1,0.559,1114.1,2.915,15.097,14.06,1
14.21,13.2,21.92,578.95,54.0,8.6,45.6,10,M30,21.22,0.65,Low,1,1,0.7307,187.57,5.347,13.793,13.04,2
14.79,62.15,34.56,2224.81,30.2,21.7,55.1,4,M50,12.08,0.71,Low,3,1,0.6912,919.2,7.366,8.577,22.98,1
11.31,61.56,57.72,2578.16,51.1,3.0,43.4,8,M50,16.74,0.28,Low,3,1,1.1544,696.24,6.309,4.687,9.98,2
5.68,44.94,51.31,3268.5,36.2,43.1,52.9,8,M20,20.3,0.5,High,0,0,2.5655,255.26,4.469,10.15,33.38,1
1.3,112.02,15.68,1048.16,74.5,-4.9,46.9,9,M20,14.45,1.14,Low,0,1,0.784,145.63,8.187,16.473,7.08,2
11.67,99.47,29.63,3330.72,54.9,16.7,62.5,6,M20,1.54,1.02,Medium,0,2,1.4815,1160.81,9.0,1.571,22.94,2
8.4,83.97,25.29,315.09,71.5,41.0,37.8,4,M30,11.76,0.82,Low,1,1,0.843,705.35,17.439,9.643,23.06,2
6.39,86.0,23.15,2150.25,62.8,27.0,94.1,2,M40,3.26,0.73,Low,2,1,0.5788,549.54,29.905,2.38,44.23,2
13.6,55.94,39.95,294.25,67.8,7.5,57.6,7,M20,17.87,0.48,Medium,0,2,1.9975,760.78,9.549,8.578,15.84,2
1.71,110.6,64.84,3138.83,61.3,15.2,34.6,10,M40,17.02,0.72,Medium,2,2,1.621,189.13,6.069,12.254,12.18,2
7.41,83.66,23.48,1901.35,35.0,32.4,55.8,3,M40,24.82,0.86,Low,2,1,0.587,619.92,11.29,21.345,29.24,1
0.22,87.75,36.17,2375.78,19.6,48.4,85.0,3,M40,15.72,0.98,Low,2,1,0.9042,19.3,6.323,15.406,58.14,1
7.06,103.54,38.23,2927.35,28.4,43.6,21.6,3,M50,20.0,0.38,Low,3,1,0.7646,730.99,9.161,7.6,13.74,1
0.89,33.61,88.0,611.06,2.5,10.5,71.0,4,M30,6.71,1.09,High,1,0,2.9333,29.91,0.61,7.314,21.65,0
1.83,97.04,86.15,231.21,39.8,49.7,61.1,2,M30,8.5,0.58,High,1,0,2.8717,177.58,18.952,4.93,42.59,1
1.81,24.23,73.01,3088.2,38.4,-9.6505,32.7,5,M40,22.93,0.75,Medium,2,2,1.8252,43.86,7.529,17.197,3.38,1
9.76,42.1,25.54,1170.77,39.9,-8.3,81.3,3,M40,18.88,0.87,Low,2,1,0.6385,410.9,12.871,16.426,9.51,1
11.2,40.94,10.78,538.53,73.1,39.4,47.7,10,M20,16.38,0.74,Low,0,1,0.539,458.53,7.238,12.121,28.33,2
8.77,117.44,31.94,1692.77,68.4,2.0,42.0,5,M40,6.35,0.83,Low,2,1,0.7985,1029.95,13.412,5.27,9.24,2
14.43,102.93,27.68,2134.24,13.0,-6.4,82.1,7,M20,17.46,0.32,Medium,0,2,1.384,1485.28,1.831,5.587,11.17,0
5.65,84.44,48.0,205.3,28.3,4.2,67.9,9,M20,22.17,0.68,Medium,0,2,2.4,477.09,3.11,15.076,16.43,1
4.32,87.52,71.11,1034.65,32.4,15.6,87.4,2,M20,5.77,0.51,High,0,0,3.5555,378.09,15.429,2.943,31.11,1
13.04,67.89,77.96,211.52,27.7,33.8,67.2,9,M50,17.65,0.29,Medium,3,2,1.5592,885.29,3.044,5.118,36.15,1
3.39,113.7,76.81,1529.14,60.1,27.5,75.6,10,M30,9.84,0.41,Medium,1,2,2.5603,385.44,5.95,4.034,35.91,2
14.45,60.05,35.57,3143.34,39.8,4.3,82.7,6,M20,2.97,0.86,Medium,0,2,1.7785,867.72,6.525,2.554,20.1,1
0.23,46.28,63.41,3441.02,43.3,20.2,24.1,6,M50,19.09,0.42,Low,3,1,1.2682,10.64,7.098,8.018,9.69,2
14.55,20.4,31.59,2265.96,64.1,45.6,78.2,3,M40,4.18,0.4,Low,2,1,0.7897,296.82,20.677,1.672,51.3,2
0.7,94.56,10.18,649.57,60.6,38.9,66.0,10,M40,6.32,0.81,Low,2,1,0.2545,66.19,6.0,5.119,38.87,2
13.37,88.4,64.63,3179.89,10.8,9.4,25.2,9,M20,19.57,1.2,High,0,0,3.2315,1181.91,1.187,23.484,7.41,0
7.94,46.74,5.84,1855.24,53.8,48.9,58.1,4,M20,18.55,1.07,Low,0,1,0.292,371.12,13.122,19.848,40.03,2
14.89,4.0,39.78,622.75,33.2,32.5,26.2,5,M30,6.35,1.2,Medium,1,2,1.326,59.56,6.51,7.62,13.76,1
1.15,100.84,33.0,3233.87,22.8,-6.3,75.2,3,M40,23.52,0.84,Low,2,1,0.825,115.97,7.355,19.757,10.3,1
8.33,2.36,63.94,2675.39,4.7,-7.9,61.0,5,M30,5.38,0.65,Medium,1,2,2.1313,19.66,0.922,3.497,7.38,0
14.54,84.74,70.13,2587.8,37.1,0.1,91.5,8,M30,24.84,1.0,High,1,0,2.3377,1232.12,4.58,24.84,18.39,1
7.87,116.46,30.85,2511.21,27.3,33.7,33.7,8,M40,18.45,0.49,Low,2,1,0.7712,916.54,3.37,9.04,18.1,1
9.46,53.08,73.99,781.16,19.6,1.0,65.5,8,M20,9.81,0.29,High,0,0,3.6995,502.14,2.42,2.845,13.76,1
10.45,28.96,29.98,817.42,52.4,20.7,35.9,6,M40,3.26,0.58,Low,2,1,0.7495,302.63,8.59,1.891,14.61,2
6.85,84.88,42.94,2440.2,57.9,-4.4,66.1,1,M30,8.01,0.53,Medium,1,2,1.4313,581.43,52.636,4.245,10.31,2
9.43,98.24,66.8,847.06,19.1,45.3,74.2,10,M20,4.84,0.94,High,0,0,3.34,926.4,1.891,4.55,48.45,1
8.79,66.03,63.9,1591.48,4.7,10.6,74.2,6,M20,15.55,0.81,High,0,0,3.195,580.4,0.77,12.596,22.71,0
13.52,116.08,88.93,2758.81,63.8,44.5,81.1,10,M40,8.92,0.35,Medium,2,2,2.2232,1569.4,6.317,3.122,52.31,2
0.73,7.15,24.14,2765.44,1.7,46.7,84.0,7,M40,7.38,1.2,Low,2,1,0.6035,5.22,0.239,8.856,56.03,0
4.25,61.07,61.3,1641.09,70.3,-9.6,25.8,9,M20,18.93,0.85,High,0,0,3.065,259.55,7.725,16.09,2.68,2
14.26,86.5,56.82,2793.45,47.4,17.8,45.7,8,M20,5.76,0.7,High,0,0,2.841,1233.49,5.852,4.032,17.27,2
13.36,103.65,82.78,2951.31,24.8,-8.5,71.5,8,M20,14.67,1.23,High,0,0,4.139,1384.76,3.062,18.044,8.22,1
6.86,22.33,18.29,2326.24,19.2,44.5,57.4,7,M50,4.86,0.31,Low,3,1,0.3658,153.18,2.704,1.507,37.02,1
9.32,96.2,68.9,876.65,1.7,21.1,34.3,2,M40,17.87,1.07,Medium,2,2,1.7225,896.58,0.81,19.121,14.1,0
4.2,66.77,53.3,1031.64,18.4,-5.5,61.5,1,M50,15.63,0.6,Low,3,1,1.066,280.43,16.727,9.378,8.92,1
2.86,48.19,28.35,1170.46,11.2,-3.4,50.6,2,M40,19.95,0.96,Low,2,1,0.7088,137.82,5.333,19.152,8.4,0
6.98,16.67,45.33,497.13,46.3,13.0,49.3,6,M30,1.71,1.22,Low,1,1,1.511,116.36,7.59,2.086,16.27,2
5.33,103.97,33.37,1028.74,13.3,46.4,80.7,2,M20,5.25,0.77,Low,0,1,1.6685,554.16,6.333,4.043,53.58,0
8.78,19.72,54.24,812.37,40.1,31.6,50.6,10,M30,3.86,0.22,Medium,1,2,1.808,173.14,3.97,0.849,26.11,2
1.21,37.86,80.57,1648.12,44.7,42.1,22.0,4,M20,4.76,0.23,High,0,0,4.0285,45.81,10.902,1.095,13.66,2
14.62,35.52,53.39,3188.69,23.1,12.0,24.4,10,M20,2.58,0.56,High,0,0,2.6695,519.3,2.287,1.445,7.81,1
14.79,104.7,58.7,455.23,3.6,-7.4,84.2,3,M20,14.05,1.06,High,0,0,2.935,1548.51,1.161,14.893,10.61,0
10.49,81.05,49.09,2548.91,3.8,48.5,92.0,6,M40,14.84,0.52,Medium,2,2,1.2273,850.21,0.623,7.717,63.02,0
8.06,95.81,9.35,2436.76,2.9,-9.0,71.6,8,M30,21.09,0.57,Low,1,1,0.3117,772.23,0.358,12.021,7.88,0
4.68,30.81,24.79,425.56,55.7,46.9,47.3,6,M30,10.44,1.06,Low,1,1,0.8263,144.19,9.131,11.066,31.64,2
12.22,75.36,46.82,3236.75,24.5,12.1,90.4,2,M30,13.31,0.33,Medium,1,2,1.5607,920.9,11.667,4.392,29.02,1
10.29,69.04,31.37,2032.81,59.9,-9.4,69.7,5,M20,24.78,1.13,High,0,0,1.5685,710.42,11.745,28.001,7.39,2
2.48,100.11,20.45,1336.67,32.9,31.3,83.3,6,M40,13.3,0.49,Low,2,1,0.5112,248.27,5.393,6.517,42.73,1
13.67,108.82,47.85,2672.23,34.5,48.8,77.4,9,M40,14.34,0.26,Low,2,1,1.1962,1487.57,3.791,3.728,53.25,1
12.35,2.45,32.44,975.04,39.0,47.9,48.4,6,M20,24.9,0.33,Medium,0,2,1.622,30.26,6.393,8.217,32.86,1
14.25,81.21,26.94,2457.93,53.8,-0.3,55.9,10,M30,24.85,1.25,Medium,1,2,0.898,1157.24,5.327,31.062,11.01,2
10.9,7.17,44.44,235.02,21.2,0.9,34.0,5,M30,10.6,0.7,Medium,1,2,1.4813,78.15,4.157,7.42,7.11,1
9.22,66.31,16.33,2953.99,10.0,23.9,41.9,1,M20,15.87,0.48,Low,0,1,0.8165,611.38,9.091,7.618,18.39,0
6.3,35.23,83.86,1623.78,42.1,28.2,78.4,10,M20,12.02,0.77,High,0,0,4.193,221.95,4.168,9.255,37.79,2
13.99,37.51,78.75,2264.76,25.2,34.4,87.0,5,M50,18.02,0.95,Medium,3,2,1.575,524.76,4.941,17.119,47.33,1
13.0,43.0,65.15,852.21,33.7,0.9,74.3,5,M20,23.46,0.55,High,0,0,3.2575,559.0,6.608,12.903,15.53,1
0.73,74.93,14.03,2402.05,48.9,47.5,54.9,6,M30,7.74,1.0,Low,1,1,0.4677,54.7,8.016,7.74,37.06,2
0.44,40.75,70.95,2725.62,37.6,28.3,26.5,7,M40,20.47,0.48,Medium,2,2,1.7738,17.93,5.296,9.826,12.8,1
5.68,88.19,73.68,1708.92,46.9,40.8,24.3,4,M30,16.37,0.32,High,1,0,2.456,500.92,11.439,5.238,14.77,2
12.17,49.14,70.26,2200.27,41.3,22.4,48.1,7,M20,7.0,0.8,High,0,0,3.513,598.03,5.817,5.6,20.39,2
14.81,9.13,14.69,1651.51,55.7,14.9,54.8,5,M40,19.93,0.37,Low,2,1,0.3672,135.22,10.922,7.374,19.13,2
2.3,94.27,59.73,3139.91,53.2,48.6,65.7,6,M30,10.68,1.23,Medium,1,2,1.991,216.82,8.721,13.136,45.07,2
8.93,35.01,75.92,1792.76,40.5,24.9,20.5,4,M40,3.01,0.21,Medium,2,2,1.898,312.64,9.878,0.632,9.2,2
5.74,52.5,54.08,2962.15,51.2,42.0,94.2,8,M40,24.84,1.03,Medium,2,2,1.352,301.35,6.321,25.585,58.4,2
14.55,82.57,59.94,2824.6,65.6,47.2,47.3,9,M40,10.64,0.51,Medium,2,2,1.4985,1201.39,7.209,5.426,31.79,2
12.64,40.56,43.96,1495.72,33.0,30.5,83.6,2,M50,13.54,1.13,Medium,3,2,0.8792,512.68,15.714,15.3,42.22,1
12.58,7.73,49.94,882.29,31.5,22.9,60.1,4,M40,20.2,0.27,Medium,2,2,1.2485,97.24,7.683,5.454,25.78,1
7.06,45.5,7.92,1480.68,57.6,-9.6505,29.8,8,M40,24.02,1.25,Low,2,1,0.198,321.23,7.111,30.025,3.08,2
6.25,113.39,59.31,2909.14,44.1,-7.6,79.8,8,M40,21.82,0.31,Medium,2,2,1.4828,708.69,5.444,6.764,9.9,2
4.14,77.37,11.92,873.95,6.3,2.1,73.2,9,M50,13.13,1.07,Low,3,1,0.2384,320.31,0.692,14.049,16.18,0
0.89,80.91,41.98,1883.08,67.0,1.2,59.6,3,M50,13.64,0.77,Low,3,1,0.8396,72.01,21.613,10.503,12.64,2
12.98,76.24,29.88,2840.73,3.3,5.3,58.6,1,M40,7.02,0.67,Low,2,1,0.747,989.6,3.0,4.703,14.83,0
12.2,24.68,51.36,1301.82,56.4,8.3,26.6,9,M20,11.57,0.51,High,0,0,2.568,301.1,6.198,5.901,7.53,2
14.91505,50.78,16.34,2283.51,57.2,11.6,69.2,1,M40,23.67,1.13,Medium,2,2,0.4085,757.39,52.0,26.747,21.87,2
14.91505,90.36,63.79,935.15,71.5,15.2,88.3,3,M20,18.17,0.42,High,0,0,3.1895,1347.72,23.065,7.631,31.08,2
8.35,13.06,72.58,471.55,5.0,-4.1,27.0,3,M30,0.3,0.99,Medium,1,2,2.4193,109.05,1.613,0.297,4.29,0
11.55,34.06,18.89,2800.91,45.2,-7.5,39.8,9,M20,2.91,0.69,Low,0,1,0.9445,393.39,4.967,2.008,4.97,2
14.17,33.88,13.87,436.49,32.7,30.4,87.7,1,M50,23.1,1.29,Low,3,1,0.2774,480.08,29.727,29.799,44.2,1
12.75,52.41,17.37,1022.7,25.5,22.2,41.3,7,M30,21.22,0.87,Low,1,1,0.579,668.23,3.592,18.461,17.43,1
3.75,117.66,79.56,3007.37,7.7,16.6,69.0,2,M40,12.15,0.31,Medium,2,2,1.989,441.22,3.667,3.766,25.25,0
6.79,9.03,49.9,1278.0,42.6,28.1,60.1,7,M30,15.42,0.66,Medium,1,2,1.6633,61.31,6.0,10.177,28.91,2
1.98,62.73,44.72,3408.35,36.4,39.7,64.7,1,M20,7.24,0.27,Medium,0,2,2.236,124.21,33.091,1.955,38.63,1
14.31,22.34,14.07,3431.1,8.7,15.7,51.2,10,M30,19.82,0.51,Low,1,1,0.469,319.69,0.861,10.108,18.28,0
9.11,116.51,60.21,1012.14,46.3,28.5,42.5,10,M40,15.08,0.58,Medium,2,2,1.5052,1061.41,4.584,8.746,20.61,2
3.47,14.48,78.78,239.33,55.6,47.2,23.6,8,M40,17.37,1.14,Medium,2,2,1.9695,50.25,6.864,19.802,15.86,2
10.09,49.03,75.4,2497.22,57.8,40.4,75.8,10,M20,9.37,1.12,High,0,0,3.77,494.71,5.723,10.494,45.78,2
9.29,88.81,58.21,1633.35,68.0,15.6,76.0,10,M20,10.76,0.21,High,0,0,2.9105,825.04,6.733,2.26,27.06,2
5.4,84.84,11.4,442.56,31.3,28.7,70.3,2,M40,5.19,0.79,Low,2,1,0.285,458.14,14.905,4.1,34.24,1
1.75,51.3,14.55,2505.58,71.5,0.6,68.3,3,M20,23.7,0.45,Low,0,1,0.7275,89.78,23.065,10.665,14.07,2
10.09,42.24,9.19,205.99,65.0,23.6,38.3,8,M20,23.66,0.55,Low,0,1,0.4595,426.2,8.025,13.013,16.7,2
7.83,48.32,26.89,3058.67,22.9,48.9,21.7,3,M20,20.44,0.22,Medium,0,2,1.3445,378.35,7.387,4.497,14.95,1
11.6,32.45,16.53,571.42,12.8,21.1,80.7,1,M40,23.39,1.02,Low,2,1,0.4132,376.42,11.636,23.858,33.17,0
7.83,25.43,27.1,532.86,33.2,45.7,56.8,9,M20,16.63,1.25,Medium,0,2,1.355,199.12,3.648,20.787,37.32,1
12.79,58.48,37.73,697.29,30.7,14.4,43.0,8,M30,5.87,0.44,Low,1,1,1.2577,747.96,3.79,2.583,14.79,1
8.3,32.96,85.15,3364.91,43.6,49.7,27.6,4,M50,19.01,0.58,Medium,3,2,1.703,273.57,10.634,11.026,19.24,2
8.44,35.21,56.88,2456.78,44.2,24.8,24.7,8,M40,8.13,0.43,Medium,2,2,1.422,297.17,5.457,3.496,11.07,2
13.16,79.15,75.97,2824.66,56.5,-7.5,46.2,5,M30,11.01,1.22,High,1,0,2.5323,1041.61,11.078,13.432,5.78,2
6.08,116.26,65.38,1451.96,38.7,25.2,80.4,3,M30,6.86,0.21,Medium,1,2,2.1793,706.86,12.484,1.441,36.34,1
2.05,72.83,14.56,1243.46,8.8,6.5,88.9,1,M20,10.59,0.84,Low,0,1,0.728,149.3,8.0,8.896,23.56,0
0.48,10.16,67.55,897.25,64.5,-8.1,87.3,10,M20,16.98,1.16,High,0,0,3.3775,4.88,6.386,19.697,10.39,2
11.34,9.99,28.38,1734.2,23.9,39.3,89.0,5,M20,2.77,0.4,Low,0,1,1.419,113.29,4.686,1.108,52.78,1
9.32,114.22,59.32,1976.22,72.9,6.5,88.1,6,M30,2.63,0.85,Medium,1,2,1.9773,1064.53,11.951,2.236,23.35,2
10.58,36.38,33.98,2248.03,9.7,37.8,59.5,4,M30,17.09,0.26,Medium,1,2,1.1327,384.9,2.366,4.443,34.39,0
3.23,11.96,89.34050000000002,974.2,71.9,7.3,36.5,7,M50,19.49,1.1,Medium,3,2,1.7868,38.63,10.127,21.439,9.96,2
2.09,72.29,27.4,3325.42,7.7,1.7,79.9,3,M50,13.79,0.5,Low,3,1,0.548,151.09,2.484,6.895,17.34,0
0.27,75.21,28.73,677.18,18.1,48.4,36.0,7,M20,4.54,1.29,Low,0,1,1.4365,20.31,2.549,5.857,24.62,1
5.29,78.17,84.11,3383.22,4.4,11.7,40.0,1,M30,10.77,1.21,High,1,0,2.8037,413.52,4.0,13.032,12.68,0
8.87,32.82,7.09,150.51,53.2,26.1,37.5,7,M20,18.95,1.01,Low,0,1,0.3545,291.11,7.493,19.14,17.29,2
5.91,2.8,64.22,1735.83,63.9,26.6,58.6,1,M30,17.14,0.75,High,1,0,2.1407,16.55,58.091,12.855,27.31,2
6.59,115.84,66.65,1233.45,33.1,23.6,44.1,1,M20,2.75,1.04,High,0,0,3.3325,763.39,30.091,2.86,19.23,1
13.57,30.86,76.09,1627.02,69.7,44.9,31.6,2,M50,24.23,0.34,Medium,3,2,1.5218,418.77,33.19,8.238,20.51,2
5.26,81.45,87.83,2040.26,44.7,30.5,54.0,2,M40,5.58,0.54,Medium,2,2,2.1958,428.43,21.286,3.013,27.27,2
7.73,85.09,87.93,1581.0,47.6,14.2,85.5,4,M20,5.51,0.23,High,0,0,4.3965,657.75,11.61,1.267,29.24,2
11.77,73.59,10.55,1510.48,63.6,41.7,62.8,1,M40,11.5,0.91,Low,2,1,0.2638,866.15,57.818,10.465,38.75,2
5.98,38.24,74.86,2591.26,23.0,0.9,85.9,4,M30,8.18,1.09,High,1,0,2.4953,228.68,5.61,8.916,17.95,1
9.35,33.26,59.94,2431.98,27.2,22.7,34.7,2,M30,24.6,1.24,High,1,0,1.998,310.98,12.952,30.504,14.82,1
12.94,72.12,60.02,2933.12,68.0,47.0,32.5,4,M30,1.91,0.96,Medium,1,2,2.0007,933.23,16.585,1.834,21.78,2
14.25,104.07,15.91,949.86,67.7,27.5,63.2,4,M40,7.66,1.01,Low,2,1,0.3978,1483.0,16.512,7.737,30.02,2
2.25,113.66,60.27,2172.4,73.3,39.0,54.7,9,M40,9.57,1.19,Medium,2,2,1.5068,255.74,8.055,11.388,32.27,2
13.9,13.6,88.51,2089.66,67.7,29.2,69.5,9,M40,12.34,1.23,High,2,0,2.2128,189.04,7.44,15.178,34.19,2
7.41,19.42,82.5,1357.11,10.4,40.4,79.6,1,M30,0.41,0.74,High,1,0,2.75,143.9,9.455,0.303,48.08,0
3.91,113.42,42.33,1752.6,62.0,46.7,76.3,5,M40,2.06,0.32,Low,2,1,1.0582,443.47,12.157,0.659,50.89,2
6.91,88.65,8.4,1166.86,31.3,6.4,90.7,7,M50,6.45,0.71,Low,3,1,0.168,612.57,4.408,4.579,23.94,1
14.7,106.08,35.79,582.27,74.3,0.2,49.9,4,M30,13.85,0.81,Medium,1,2,1.193,1559.38,18.122,11.218,10.08,2
7.41,25.11,75.24,826.92,35.9,19.0,35.5,5,M20,19.19,0.89,High,0,0,3.762,186.07,7.039,17.079,13.84,1
4.96,70.92,64.63,458.75,42.0,32.1,61.3,2,M40,17.16,1.29,Medium,2,2,1.6157,351.76,20.0,22.136,31.94,2
9.52,84.44,44.04,2422.44,40.2,3.6,28.3,3,M50,14.18,1.21,Medium,3,2,0.8808,803.87,12.968,17.158,6.68,2
3.64,81.93,9.68,2346.47,24.8,-9.6505,41.7,7,M20,9.93,0.64,Low,0,1,0.484,298.23,3.493,6.355,4.32,1
1.18,49.57,41.29,3332.06,6.6,10.6,35.6,10,M30,21.77,0.32,Low,1,1,1.3763,58.49,0.653,6.966,10.89,0
1.98,2.83,44.87,2580.91,67.3,48.1,49.7,7,M20,11.49,0.44,Medium,0,2,2.2435,5.6,9.479,5.056,33.85,2
1.96,70.37,83.93,276.96,60.4,31.7,28.3,4,M40,7.48,0.39,Medium,2,2,2.0982,137.93,14.732,2.917,14.63,2
2.32,31.12,59.49,3106.43,11.3,14.1,22.4,1,M50,15.73,0.59,Medium,3,2,1.1898,72.2,10.273,9.281,7.64,0
2.13,54.58,31.49,3033.1,58.5,1.6,69.3,1,M30,17.3,1.16,Medium,1,2,1.0497,116.26,53.182,20.068,14.97,2
9.63,114.95,49.65,1607.29,47.3,11.4,65.8,4,M30,9.96,0.68,Medium,1,2,1.655,1106.97,11.537,6.773,20.66,2
2.77,48.49,10.61,2091.93,31.3,0.2,73.1,4,M50,0.7,0.82,Low,3,1,0.2122,134.32,7.634,0.574,14.77,1
5.22,100.94,87.67,3418.67,19.8,-3.6,69.5,6,M20,2.35,0.4,High,0,0,4.3835,526.91,3.246,0.94,11.4,1
13.46,23.44,35.61,1909.83,64.6,44.4,28.6,7,M40,21.14,0.74,Medium,2,2,0.8902,315.5,9.099,15.644,18.42,2
7.14,81.02,45.62,3178.09,52.8,49.7,41.8,9,M30,1.41,1.16,Medium,1,2,1.5207,578.48,5.802,1.636,29.13,2
10.03,117.26,35.2,382.33,41.5,-0.2,29.7,9,M30,14.8,1.05,Low,1,1,1.1733,1176.12,4.56,15.54,5.88,2
2.63,13.13,63.01,749.58,46.1,-6.7,83.2,10,M30,4.59,0.29,Medium,1,2,2.1003,34.53,4.564,1.331,11.07,2
2.92,1.99,61.29,1598.57,7.7,9.8,76.0,5,M30,5.72,1.15,Medium,1,2,2.043,5.81,1.51,6.578,22.65,0
0.66,52.6,65.8,2088.17,36.1,17.7,35.1,10,M50,6.83,0.5,Low,3,1,1.316,34.72,3.574,3.415,13.23,1
2.58,12.02,27.79,2875.17,15.3,2.3,45.6,3,M50,0.96,0.93,Low,3,1,0.5558,31.01,4.935,0.893,10.17,1
4.21,90.06,31.83,3460.09,16.4,8.1,92.5,3,M40,4.43,0.36,Low,2,1,0.7958,379.15,5.29,1.595,25.99,1
2.7,109.83,15.65,1422.1,49.9,2.1,64.6,6,M20,16.26,0.94,Low,0,1,0.7825,296.54,8.18,15.284,14.28,2
1.38,52.65,60.72,261.21,68.4,36.5,80.1,1,M30,12.47,0.24,Medium,1,2,2.024,72.66,62.182,2.993,45.26,2
1.85,31.79,8.38,2823.98,30.9,32.8,39.8,7,M30,19.93,0.86,Low,1,1,0.2793,58.81,4.352,17.14,21.01,1
6.94,52.69,55.8,2154.89,16.4,28.1,35.8,3,M50,1.53,0.91,Low,3,1,1.116,365.67,5.29,1.392,17.22,1
3.13,87.09,78.92,775.05,49.0,13.2,78.8,5,M30,22.22,0.47,High,1,0,2.6307,272.59,9.608,10.443,26.16,2
5.5,2.08,80.72,1782.42,65.5,44.5,71.4,7,M50,24.90505,1.23,Medium,3,2,1.6144,11.44,9.225,30.633,46.05,2
7.58,71.15,43.17,2623.85,56.4,48.2,71.1,7,M50,0.39,0.25,Low,3,1,0.8634,539.32,7.944,0.098,48.49,2
10.37,73.98,44.04,2719.4,65.3,0.4,61.4,9,M30,24.19,1.18,Medium,1,2,1.468,767.17,7.176,28.544,12.53,2
0.64,76.88,11.54,1798.7,40.7,3.4,62.3,1,M40,5.9,0.62,Low,2,1,0.2885,49.2,37.0,3.658,14.58,2
12.0,29.8,62.02,1137.73,56.6,21.5,75.2,3,M50,17.31,0.99,Medium,3,2,1.2404,357.6,18.258,17.137,31.21,2
9.44,85.97,74.81,3410.72,11.4,-4.5,40.3,9,M40,7.31,0.92,Medium,2,2,1.8702,811.56,1.253,6.725,6.25,0
1.27,11.88,25.8,2355.43,26.8,16.2,46.5,8,M40,13.05,0.39,Low,2,1,0.645,15.09,3.309,5.09,16.83,1
13.11,24.71,40.81,1488.01,29.8,24.9,85.4,2,M40,12.76,0.55,Medium,2,2,1.0203,323.95,14.19,7.018,38.34,1
13.82,105.42,76.3,1053.57,38.8,21.3,43.2,8,M20,9.03,0.78,High,0,0,3.815,1456.9,4.79,7.043,17.84,1
0.96,88.91,79.56,2585.75,69.8,9.9,61.0,8,M30,17.94,1.13,High,1,0,2.652,85.35,8.617,20.272,18.24,2
4.19,2.64,25.67,923.42,65.7,22.5,72.7,2,M20,14.99,1.25,Medium,0,2,1.2835,11.06,31.286,18.738,30.9,2
12.1,30.56,51.8,683.81,11.0,47.5,94.6505,8,M20,12.71,0.22,Medium,0,2,2.59,369.78,1.358,2.796,63.89,0
11.24,26.51,21.36,1901.44,13.8,2.4,52.6,3,M40,24.57,0.59,Low,2,1,0.534,297.97,4.452,14.496,11.78,0
2.81,33.23,13.66,1085.96,27.5,29.3,52.1,7,M30,23.5,0.93,Low,1,1,0.4553,93.38,3.873,21.855,25.69,1
3.18,30.46,82.45,2238.28,22.5,-7.4,83.2,9,M20,23.89,0.78,High,0,0,4.1225,96.86,2.473,18.634,10.48,1
5.59,8.44,74.74,500.99,46.5,-6.0,80.4,4,M30,22.03,1.24,High,1,0,2.4913,47.18,11.341,27.317,11.26,2
7.29,55.61,69.6,2326.8,67.8,23.1,74.8,6,M50,6.38,0.22,Medium,3,2,1.392,405.4,11.115,1.404,32.24,2
9.29,88.2,9.15,1063.21,72.2,-3.7,54.7,9,M40,8.75,0.68,Low,2,1,0.2288,819.38,7.934,5.95,8.92,2
5.57,73.2,76.72,113.72415,49.4,-8.7,44.3,5,M20,5.78,0.94,High,0,0,3.836,407.72,9.686,5.433,5.01,2
6.96,81.07,42.23,531.58,63.0,0.3,65.7,1,M50,24.65,0.44,Low,3,1,0.8446,564.25,57.273,10.846,13.34,2
11.22,10.66,34.1,3274.29,39.9,23.9,85.7,3,M30,3.82,1.0,Medium,1,2,1.1367,119.61,12.871,3.82,37.62,1
0.6,114.23,51.45,3049.01,16.4,32.2,86.3,9,M40,9.16,0.29,Low,2,1,1.2863,68.54,1.802,2.656,45.05,1
3.82,100.78,12.77,894.27,39.8,2.1,28.1,3,M40,4.98,0.7,Low,2,1,0.3192,384.98,12.839,3.486,6.21,1
10.71,96.81,69.31,2746.46,42.1,30.1,52.1,10,M50,5.59,0.94,Medium,3,2,1.3862,1036.84,4.168,5.255,26.1,2
13.43,98.94,54.51,2169.14,55.9,0.9,54.9,2,M40,6.18,0.49,Medium,2,2,1.3627,1328.76,26.619,3.028,11.47,2
7.7,111.99,20.86,3401.08,17.3,26.8,93.3,4,M20,15.99,0.28,Medium,0,2,1.043,862.32,4.22,4.477,43.66,1
8.01,65.77,21.0,1370.26,28.3,14.7,70.8,5,M30,1.9,1.25,Low,1,1,0.7,526.82,5.549,2.375,24.57,1
1.65,24.83,20.66,2416.97,27.9,29.2,50.5,7,M30,14.31,1.21,Low,1,1,0.6887,40.97,3.93,17.315,24.85,1
6.74,74.4,9.85,316.02,72.0,49.7,22.0,7,M30,20.48,1.22,Low,1,1,0.3283,501.46,10.141,24.986,15.33,2
8.01,89.4,54.96,1447.24,33.9,46.3,62.4,9,M30,19.16,1.28,Medium,1,2,1.832,716.09,3.725,24.525,41.37,1
3.67,88.81,76.43,3376.98,56.9,-9.6505,27.2,8,M30,3.78,0.4,Medium,1,2,2.5477,325.93,7.025,1.512,2.82,2
4.08,63.05,6.49,1932.53,56.6,43.1,82.6,2,M30,22.87,0.37,Low,1,1,0.2163,257.24,26.952,8.462,52.12,2
5.69,9.15,9.17,1078.79,20.7,-6.0,76.4,8,M20,19.25,0.24,Low,0,1,0.4585,52.06,2.556,4.62,10.7,1
0.35,45.16,53.69,508.92,43.3,47.2,54.5,8,M30,0.13495,1.18,Low,1,1,1.7897,15.81,5.346,0.159,36.62,2
4.87,110.57,74.66,2492.0,67.2,6.9,52.2,5,M40,18.43,1.03,Medium,2,2,1.8665,538.48,13.176,18.983,14.04,2
3.21,70.55,32.77,2292.51,36.2,12.9,87.3,3,M30,18.44,0.9,Low,1,1,1.0923,226.47,11.677,16.596,28.72,1
4.95,65.06,34.72,1371.39,70.9,-4.5,41.6,9,M50,12.42,1.22,Low,3,1,0.6944,322.05,7.791,15.152,6.45,2
1.84,32.99,55.69,3333.2,16.9,-3.3,38.7,7,M20,1.15,0.83,High,0,0,2.7845,60.7,2.38,0.954,6.46,1
13.36,44.85,28.31,175.49,6.5,33.6,90.4,1,M30,14.5,0.34,Low,1,1,0.9437,599.2,5.909,4.93,48.45,0
8.92,107.55,7.26,1132.66,67.0,46.7,80.7,8,M30,19.14,0.39,Low,1,1,0.242,959.35,8.272,7.465,53.83,2
10.2,80.31,67.49,3231.64,63.7,26.6,81.5,10,M20,6.77,0.35,High,0,0,3.3745,819.16,6.307,2.369,37.98,2
11.85,94.7,58.18,1191.18,74.5,33.0,34.6,5,M20,16.68,0.54,High,0,0,2.909,1122.2,14.608,9.007,18.34,2
7.5,55.07,54.36,957.66,51.3,35.7,30.7,6,M50,8.85,0.62,Low,3,1,1.0872,413.02,8.41,5.487,17.1,2
1.35,76.0,68.04,1916.35,70.3,5.8,22.0,9,M30,14.35,1.08,Medium,1,2,2.268,102.6,7.725,15.498,5.68,2
8.08,30.56,62.39,2900.93,62.2,-7.3,37.8,10,M30,9.61,0.41,Medium,1,2,2.0797,246.92,6.158,3.94,4.8,2
8.82,84.95,22.5,450.7,63.5,-9.6505,78.1,8,M30,7.59,1.0,Low,1,1,0.75,749.26,7.84,7.59,8.08,2
11.19,51.88,34.96,3306.27,43.1,11.0,38.0,3,M40,21.4,0.74,Medium,2,2,0.874,580.54,13.903,15.836,11.78,2
6.5,53.66,15.72,2803.25,29.3,4.5,74.7,5,M30,18.85,1.29,Low,1,1,0.524,348.79,5.745,24.316,18.3,1
1.96,78.27,16.04,716.25,70.2,-6.3,38.9,4,M40,8.64,1.05,Low,2,1,0.401,153.41,17.122,9.072,5.33,2
4.29,112.42,62.48,2520.83,33.0,0.8,49.6,1,M30,10.87,1.27,High,1,0,2.0827,482.28,30.0,13.805,10.32,1
5.48,8.62,77.98,1408.86,40.9,-2.5,93.7,5,M30,17.29,0.58,High,1,0,2.5993,47.24,8.02,10.028,16.4,2
9.71,99.14,86.83,1467.8,34.0,44.9,38.4,10,M20,20.28,0.34,High,0,0,4.3415,962.65,3.366,6.895,24.92,1
8.58,35.79,58.41,2763.19,42.8,-1.6,48.2,7,M40,17.11,0.76,Medium,2,2,1.4602,307.08,6.028,13.004,8.87,2
5.37,53.83,20.65,3373.47,35.8,22.3,42.6,1,M40,13.52,0.34,Low,2,1,0.5162,289.07,32.545,4.597,18.02,1
14.8,3.61,13.98,530.63,4.5,25.6,28.2,4,M30,23.86,0.74,Low,1,1,0.466,53.43,1.098,17.656,12.86,0
9.11,36.82,74.09,1530.14,66.3,22.6,56.7,6,M20,19.35,0.5,High,0,0,3.7045,335.43,10.869,9.675,24.15,2
3.6,60.81,54.19,1735.2,33.9,-4.1,48.4,9,M30,2.89,0.74,Low,1,1,1.8063,218.92,3.725,2.139,7.7,1
1.57,7.68,57.55,1379.46,44.6,9.1,72.1,8,M20,13.95,1.24,High,0,0,2.8775,12.06,5.506,17.298,20.98,2
2.34,59.44,71.42,1334.84,11.3,-6.9,81.3,2,M30,10.24,0.52,Medium,1,2,2.3807,139.09,5.381,5.325,10.65,0
3.73,111.33,64.78,277.71,1.4,13.7,60.8,3,M40,19.87,1.29,Medium,2,2,1.6195,415.26,0.452,25.632,20.49,0
2.45,13.54,75.93,2430.83,19.2,1.3,22.4,10,M40,1.12,0.45,Low,2,1,1.8983,33.17,1.901,0.504,4.77,1
2.84,91.97,9.78,1583.13,53.1,23.7,66.4,5,M20,10.27,0.43,Low,0,1,0.489,261.19,10.412,4.416,29.02,2
4.31,49.75,68.54,762.3,8.3,31.6,24.2,7,M50,7.96,0.8,Low,3,1,1.3708,214.42,1.169,6.368,12.49,0
2.64,78.97,77.32,2874.51,68.3,21.9,66.2,3,M50,3.53,1.13,Medium,3,2,1.5464,208.48,22.032,3.989,27.74,2
13.46,31.97,29.32,2828.71,16.9,16.1,71.4,7,M30,9.47,1.02,Medium,1,2,0.9773,430.32,2.38,9.659,25.78,1
1.25,19.98,59.44,1753.73,16.1,13.2,34.8,5,M30,16.82,1.0,Medium,1,2,1.9813,24.98,3.157,16.82,11.55,1
7.89,20.1,31.7,1114.73,14.4,40.5,81.5,10,M50,9.04,0.51,Low,3,1,0.634,158.59,1.426,4.61,49.31,0
6.19,9.39,86.43,2269.52,2.0,3.2,88.3,6,M30,14.5,0.22,High,1,0,2.881,58.12,0.328,3.19,20.49,0
14.74,23.09,7.84,1079.72,58.1,34.1,81.0,6,M30,14.82,0.38,Low,1,1,0.2613,340.35,9.525,5.632,43.82,2
1.72,80.04,54.28,902.43,65.8,35.4,42.9,4,M40,14.68,0.58,Medium,2,2,1.357,137.67,16.049,8.514,23.77,2
6.0,105.92,19.15,2583.75,46.4,15.2,64.0,8,M20,13.24,1.27,Low,0,1,0.9575,635.52,5.728,16.815,22.53,2
14.54,97.88,65.54,237.11,14.9,7.8,88.6,9,M40,2.92,1.21,Medium,2,2,1.6385,1423.18,1.637,3.533,24.63,0
12.99,82.53,19.95,422.21,22.1,18.2,44.0,2,M30,5.46,0.42,Low,1,1,0.665,1072.06,10.524,2.293,16.81,1
12.27,14.14,25.01,123.08,36.2,-4.4,81.5,9,M30,20.0,1.0,Low,1,1,0.8337,173.5,3.978,20.0,12.71,1
3.91,35.41,47.02,620.01,71.6,-7.2,20.7,4,M20,12.56,0.84,Medium,0,2,2.351,138.45,17.463,10.55,2.65,2
2.6,37.87,82.76,334.57,19.3,-3.3,20.3,6,M30,17.65,0.25,High,1,0,2.7587,98.46,3.164,4.412,3.39,1
10.05,30.74,23.0,3478.6891000000005,55.1,1.2,77.0,7,M30,14.25,0.61,Low,1,1,0.7667,308.94,7.761,8.692,16.32,2
13.94,62.29,17.26,1081.95,33.5,20.3,77.1,4,M30,0.97,0.73,Low,1,1,0.5753,868.32,8.171,0.708,31.07,1
8.37,64.73,69.51,607.51,23.0,40.9,79.2,8,M40,19.91,0.93,Medium,2,2,1.7378,541.79,2.84,18.516,48.23,1
8.6,43.47,47.55,919.39,34.7,4.1,89.8,10,M20,1.61,0.52,Medium,0,2,2.3775,373.84,3.436,0.837,21.64,1
4.24,43.1,82.5,3282.83,6.3,46.1,28.8,8,M20,23.58,1.23,High,0,0,4.125,182.74,0.778,29.003,19.04,0
11.55,99.6,17.46,1868.54,60.1,47.3,37.4,1,M30,5.38,0.7,Low,1,1,0.582,1150.38,54.636,3.766,25.17,2
2.85,94.93,59.9,1340.38,19.0,47.5,87.8,8,M30,12.81,0.47,Medium,1,2,1.9967,270.55,2.346,6.021,59.26,1
4.89,37.63,24.79,3069.53,54.7,40.3,33.3,10,M20,1.59,0.55,Low,0,1,1.2395,184.01,5.416,0.875,20.08,2
6.41,109.74,18.32,1442.97,6.1,11.8,71.2,3,M20,22.37,1.03,Medium,0,2,0.916,703.43,1.968,23.041,22.64,0
7.64,114.38,63.09,1239.03,71.7,-5.6,59.8,5,M50,24.5,0.9,Medium,3,2,1.2618,873.86,14.059,22.05,8.61,2
3.67,39.88,55.46,804.76,15.3,24.1,26.2,10,M20,3.66,1.02,Medium,0,2,2.773,146.36,1.515,3.733,11.55,1
1.77,43.18,69.16,1384.51,66.3,23.5,41.4,8,M40,7.39,0.52,Medium,2,2,1.729,76.43,8.185,3.843,18.01,2
9.18,61.17,31.3,1176.73,60.9,41.0,59.0,6,M30,0.4,0.56,Low,1,1,1.0433,561.54,9.984,0.224,35.99,2
4.37,112.99,43.08,2402.83,72.6,49.7,83.9,4,M40,19.67,0.64,Medium,2,2,1.077,493.77,17.707,12.589,58.48,2
8.74,105.28,39.47,1084.58,36.4,20.5,73.1,4,M20,7.79,0.41,Medium,0,2,1.9735,920.15,8.878,3.194,29.61,1
2.36,13.21,88.65,2062.48,54.8,10.7,66.6,4,M40,14.72,0.96,High,2,0,2.2162,31.18,13.366,14.131,20.45,2
7.24,47.73,29.84,324.03,28.4,1.2,57.2,6,M20,0.98,0.56,Low,0,1,1.492,345.57,4.656,0.549,12.13,1
8.01,66.85,30.06,750.38,14.6,-9.6505,42.4,7,M30,17.89,0.56,Low,1,1,1.002,535.47,2.056,10.018,4.39,0
0.82,60.87,35.14,1485.18,33.8,20.5,28.9,5,M20,13.24,0.5,Medium,0,2,1.757,49.91,6.627,6.62,11.7,1
5.08,24.07,52.99,3285.63,13.3,23.3,50.7,10,M40,18.12,0.7,Medium,2,2,1.3248,122.28,1.317,12.684,21.95,0
2.06,103.2,26.45,1382.66,73.7,39.5,22.1,8,M40,19.74,1.05,Low,2,1,0.6612,212.59,9.099,20.727,13.15,2
1.0,81.56,82.8,2357.85,8.1,20.3,35.8,7,M30,2.23,1.12,High,1,0,2.76,81.56,1.141,2.498,14.43,0
14.85,100.71,27.58,967.3,44.6,45.0,52.4,8,M30,14.45,1.08,Low,1,1,0.9193,1495.54,5.506,15.606,34.06,2
4.87,103.19,81.14,531.91,47.4,27.7,51.4,4,M40,16.25,0.88,Medium,2,2,2.0285,502.54,11.561,14.3,24.52,2
12.16,90.05,13.8,299.02,40.8,40.4,23.3,8,M40,12.92,0.51,Low,2,1,0.345,1095.01,5.037,6.589,14.07,2
3.86,53.27,60.81,1138.41,50.0,-1.1,64.2,6,M30,4.56,1.01,Medium,1,2,2.027,205.62,8.197,4.606,12.13,2
10.24,73.66,82.09,636.05,9.6,41.3,61.2,3,M50,19.89,0.24,Medium,3,2,1.6418,754.28,3.097,4.774,37.52,0
11.42,20.08,19.34,691.64,42.1,30.5,25.9,8,M30,24.90505,1.08,Low,1,1,0.6447,229.31,5.198,26.897,13.08,2
8.95,81.16,87.31,2686.58,22.3,0.2,90.7,7,M20,24.23,1.06,High,0,0,4.3655,726.38,3.141,25.684,18.32,1
7.1,22.33,43.5,153.85,70.6,1.4,27.5,10,M20,19.44,0.94,Medium,0,2,2.175,158.54,6.99,18.274,5.88,2
6.21,83.58,85.39,1996.55,57.4,45.6,84.1,5,M40,10.45,0.31,Medium,2,2,2.1348,519.03,11.255,3.239,55.17,2
5.27,28.32,62.53,1390.17,73.0,-8.1,20.3,4,M30,8.43,1.29,Medium,1,2,2.0843,149.25,17.805,10.875,2.42,2
13.95,14.99,30.63,1822.27,3.8,17.8,86.2,1,M20,1.71,1.03,Medium,0,2,1.5315,209.11,3.455,1.761,32.58,0
12.47,20.67,21.01,2013.62,22.1,8.8,21.5,10,M20,10.41,1.01,Low,0,1,1.0505,257.75,2.188,10.514,6.19,1
14.48,1.5099,30.82,1165.45,15.5,29.9,76.8,3,M30,3.9,0.27,Low,1,1,1.0273,21.86,5.0,1.053,38.32,1
1.91,86.53,12.91,1103.37,1.8,40.4,47.1,2,M20,6.36,0.64,Low,0,1,0.6455,165.27,0.857,4.07,28.45,0
10.98,88.16,17.23,2593.57,18.9,11.6,75.4,8,M20,22.3,0.29,Low,0,1,0.8615,968.0,2.333,6.467,23.83,1
14.08,62.28,13.9,3062.34,51.2,15.6,50.1,8,M50,24.21,0.6,Low,3,1,0.278,876.9,6.321,14.526,17.84,2
2.76,20.2,40.95,754.78,18.1,48.9,25.3,5,M30,23.71,0.83,Low,1,1,1.365,55.75,3.549,19.679,17.43,1
1.04,10.94,72.62,431.9,38.7,37.0,77.6,5,M20,4.83,1.17,High,0,0,3.631,11.38,7.588,5.651,44.23,1
11.13,3.28,17.02,3152.51,66.7,43.8,25.3,4,M40,22.52,0.51,Low,2,1,0.4255,36.51,16.268,11.485,16.14,2
8.64,20.72,16.08,1289.64,52.3,16.3,89.2,1,M40,3.54,0.89,Low,2,1,0.402,179.02,47.545,3.151,32.38,2
12.64,107.01,59.69,1974.48,30.2,4.0,23.8,1,M30,12.69,0.38,High,1,0,1.9897,1352.61,27.455,4.822,5.71,1
2.14,29.74,21.76,1322.45,28.6,14.7,55.9,6,M20,16.09,0.59,Low,0,1,1.088,63.64,4.689,9.493,19.4,1
11.94,43.16,13.3,527.73,34.7,33.0,74.2,4,M40,11.56,1.24,Low,2,1,0.3325,515.33,8.463,14.334,39.33,1
3.06,13.54,19.18,2103.73,14.1,-3.4,49.5,4,M30,23.8,1.02,Low,1,1,0.6393,41.43,3.439,24.276,8.22,0
2.5,27.46,83.52,1885.48,47.9,6.2,36.3,3,M30,8.33,0.8,High,1,0,2.784,68.65,15.452,6.664,9.51,2
2.51,62.79,74.83,790.18,27.9,-7.2,76.9,9,M30,13.18,0.48,Medium,1,2,2.4943,157.6,3.066,6.326,9.84,1
12.23,73.32,35.1,1636.35,64.1,15.9,78.8,3,M40,1.89,0.62,Low,2,1,0.8775,896.7,20.677,1.172,28.29,2
9.99,30.2,60.74,2809.62,57.0,39.6,89.2,8,M30,21.31,0.37,Medium,1,2,2.0247,301.7,7.037,7.885,53.16,2
7.87,7.87,50.67,2107.45,46.2,-8.5,48.2,2,M50,10.33,0.59,Medium,3,2,1.0134,61.94,22.0,6.095,5.54,2
5.41,47.53,62.56,429.52,28.0,30.5,58.0,4,M30,17.51,0.37,Medium,1,2,2.0853,257.14,6.829,6.479,29.29,1
13.16,28.87,63.03,1963.27,16.5,45.9,47.2,1,M40,17.06,1.07,Medium,2,2,1.5758,379.93,15.0,18.254,31.1,1
5.92,27.13,58.44,2489.31,58.4,4.2,39.3,5,M30,16.91,0.29,Medium,1,2,1.948,160.61,11.451,4.904,9.51,2
12.26,115.22,27.62,2795.19,37.0,31.6,76.3,2,M30,12.67,0.41,Low,1,1,0.9207,1412.6,17.619,5.195,39.37,1
6.62,74.34,8.32,2239.0,17.6,48.5,45.5,1,M30,6.94,0.96,Low,1,1,0.2773,492.13,16.0,6.662,31.17,1
5.69,67.27,43.72,619.04,15.4,47.7,52.1,1,M20,15.63,1.19,High,0,0,2.186,382.77,14.0,18.6,35.27,1
6.97,50.48,80.73,2514.59,13.2,4.1,50.3,2,M20,24.04,1.26,High,0,0,4.0365,351.85,6.286,30.29,12.12,0
4.56,52.04,53.41,2402.96,58.5,-4.0,73.4,5,M40,20.85,1.12,Medium,2,2,1.3352,237.3,11.471,23.352,11.74,2
11.23,65.37,75.75,183.05,17.9,-1.1,88.8,9,M40,2.72,0.43,Medium,2,2,1.8938,734.11,1.967,1.17,16.78,1
7.57,83.88,89.29,1499.94,40.0,32.1,70.0,6,M20,0.58,0.51,High,0,0,4.4645,634.97,6.557,0.296,36.47,1
3.52,84.56,18.91,1232.03,34.4,33.5,55.4,4,M30,12.47,1.16,Low,1,1,0.6303,297.65,8.39,14.465,29.64,1
13.5,21.43,63.8,2376.0,43.9,30.5,78.4,3,M20,19.4,1.18,High,0,0,3.19,289.3,14.161,22.892,39.59,2
5.79,60.51,62.31,834.86,65.9,10.2,68.1,8,M40,7.85,0.9,Medium,2,2,1.5578,350.35,8.136,7.065,20.57,2
8.18,50.02,88.3,2108.96,65.2,0.2,24.5,3,M20,17.53,0.55,High,0,0,4.415,409.16,21.032,9.642,4.95,2
13.6,104.59,88.78,3204.9,34.4,24.8,27.2,1,M40,23.3,0.45,High,2,0,2.2195,1422.42,31.273,10.485,12.19,1
9.38,76.14,63.37,2812.53,2.1,19.0,22.8,4,M30,11.47,1.14,Medium,1,2,2.1123,714.19,0.512,13.076,8.89,0
1.8,64.37,25.71,3232.96,32.6,33.7,54.3,5,M30,6.1,0.43,Low,1,1,0.857,115.87,6.392,2.623,29.16,1
14.1,14.73,72.88,3426.92,45.9,16.5,81.9,5,M20,22.94,0.93,High,0,0,3.644,207.69,9.0,21.334,29.89,2
9.43,73.07,14.1,136.28,42.3,10.3,43.5,5,M30,11.81,1.26,Low,1,1,0.47,689.05,8.294,14.881,13.18,2
5.06,14.95,71.36,2217.32,49.2,7.6,48.8,8,M40,10.2,0.98,Medium,2,2,1.784,75.65,6.074,9.996,13.47,2
2.13,41.13,82.37,1503.65,12.4,2.7,88.2,8,M40,8.83,0.48,Medium,2,2,2.0592,87.61,1.531,4.238,20.02,0
11.92,18.0,37.54,3023.51,48.8,5.9,82.8,4,M40,10.58,0.51,Medium,2,2,0.9385,214.56,11.902,5.396,21.45,2
9.32,83.36,58.6,956.17,14.5,-4.3,69.9,9,M40,16.84,0.3,Low,2,1,1.465,776.92,1.593,5.052,10.97,0
8.03,25.54,41.56,3435.5,56.5,10.8,40.0,1,M20,10.84,0.95,High,0,0,2.078,205.09,51.364,10.298,12.32,2
13.41,47.63,42.21,2186.61,26.1,-7.8,28.8,5,M20,8.11,0.77,High,0,0,2.1105,638.72,5.118,6.245,3.51,1
11.84,107.59,31.38,2798.03,53.5,1.2,21.2,5,M40,18.59,0.43,Low,2,1,0.7845,1273.87,10.49,7.994,4.49,2
2.32,25.31,69.78,391.04,4.5,34.8,28.0,5,M40,5.07,0.45,Low,2,1,1.7445,58.72,0.882,2.282,15.34,0
4.71,61.43,84.58,723.76,31.2,9.5,41.9,8,M40,5.05,0.21,Medium,2,2,2.1145,289.34,3.852,1.06,12.36,1
3.76,50.89,84.96,2678.57,53.2,30.1,61.4,9,M30,17.41,1.28,High,1,0,2.832,191.35,5.846,22.285,30.76,2
11.17,3.16,19.86,174.75,17.8,33.0,24.8,3,M30,21.67,1.11,Low,1,1,0.662,35.3,5.742,24.054,13.14,1
0.55,95.34,79.35,2877.39,59.9,24.9,30.2,9,M20,6.03,0.63,High,0,0,3.9675,52.44,6.582,3.799,13.56,2
8.57,9.22,67.68,147.43,47.7,47.5,33.6,8,M40,4.78,1.24,Medium,2,2,1.692,79.02,5.889,5.927,22.68,2
11.45,57.44,26.49,2334.2,44.5,-8.7,67.4,3,M50,16.76,0.94,Low,3,1,0.5298,657.69,14.355,15.754,7.62,2
13.16,67.72,10.72,1341.32,27.2,34.3,66.2,2,M30,15.52,1.03,Low,1,1,0.3573,891.2,12.952,15.986,35.95,1
5.16,75.78,27.78,2179.08,36.7,47.5,61.3,4,M30,11.18,0.95,Low,1,1,0.926,391.02,8.951,10.621,41.38,1
12.33,82.95,82.54,2466.51,45.2,41.7,38.8,2,M20,2.4,1.03,High,0,0,4.127,1022.77,21.524,2.472,23.94,2
1.7,31.14,58.82,1264.42,36.0,0.1,47.8,4,M20,2.29,0.39,High,0,0,2.941,52.94,8.78,0.893,9.61,1
12.7,2.19,66.29,467.07,52.7,9.6,27.3,5,M30,19.43,0.82,High,1,0,2.2097,27.81,10.333,15.933,8.08,2
1.96,87.09,26.86,336.8,33.1,0.3,37.0,2,M50,11.29,1.13,Low,3,1,0.5372,170.7,15.762,12.758,7.51,1
5.99,64.74,66.15,2102.38,16.0,26.1,87.3,8,M40,21.45,0.22,Medium,2,2,1.6538,387.79,1.975,4.719,40.25,1
11.97,100.5,7.39,1870.23,16.8,32.7,93.5,1,M40,14.37,0.34,Low,2,1,0.1848,1202.99,15.273,4.886,49.27,1
2.29,98.75,36.9,2623.48,1.4,9.0,68.6,3,M30,15.47,0.47,Low,1,1,1.23,226.14,0.452,7.271,19.89,0
3.48,101.36,58.27,1833.1,23.3,22.4,88.8,7,M30,23.35,0.52,Medium,1,2,1.9423,352.73,3.282,12.142,37.65,1
10.85,58.73,17.42,1536.32,56.4,31.5,68.2,10,M50,4.12,0.4,Low,3,1,0.3484,637.22,5.584,1.648,35.12,2
10.81,40.7,74.96,1453.5,59.8,15.3,22.5,1,M30,13.58,0.89,High,1,0,2.4987,439.97,54.364,12.086,7.94,2
9.64,95.2,24.98,189.92,16.0,41.2,94.6505,2,M50,1.45,0.52,Low,3,1,0.4996,917.73,7.619,0.754,57.93,1
10.42,54.7,60.44,1240.89,72.0,36.3,27.4,3,M40,8.97,0.37,Medium,2,2,1.511,569.97,23.226,3.319,15.43,2
8.16,22.83,39.44,3418.47,38.2,-6.1,71.2,2,M30,3.7,1.2,Medium,1,2,1.3147,186.29,18.19,4.44,9.9,1
3.81,102.74,55.66,3070.09,68.9,27.3,39.0,2,M30,4.7,0.96,Medium,1,2,1.8553,391.44,32.81,4.512,18.45,2
5.22,106.02,14.13,1219.89,53.3,4.1,49.4,6,M30,23.37,0.47,Low,1,1,0.471,553.42,8.738,10.984,11.91,2
2.76,56.49,6.44,2098.5,54.5,23.5,68.4,7,M20,15.27,0.6,Low,0,1,0.322,155.91,7.676,9.162,29.75,2
13.63,10.01,82.31,2980.81,7.3,47.4,52.7,6,M30,22.3,1.01,High,1,0,2.7437,136.44,1.197,22.523,35.52,0
8.77,47.15,27.92,1600.33,17.3,42.7,38.8,6,M40,11.09,1.07,Low,2,1,0.698,413.51,2.836,11.866,24.33,1
6.04,96.62,74.67,161.06,1.7,14.3,45.1,9,M40,14.94,0.39,Medium,2,2,1.8668,583.58,0.187,5.827,15.47,0
6.96,108.31,89.34050000000002,353.34,54.0,7.5,45.6,8,M20,0.8,1.23,High,0,0,4.467,753.84,6.667,0.984,12.54,2
14.21,25.21,22.97,1835.34,26.5,4.1,91.9,8,M30,11.74,1.06,Low,1,1,0.7657,358.23,3.272,12.444,22.15,1
2.34,8.97,27.54,3396.09,59.2,22.0,79.9,6,M30,14.1,1.14,Low,1,1,0.918,20.99,9.705,16.074,33.56,2
8.81,105.4,61.34,2456.91,26.1,-3.1,54.4,5,M30,0.42,0.36,Medium,1,2,2.0447,928.57,5.118,0.151,9.19,1
7.61,47.34,87.06,341.12,61.6,23.0,35.0,9,M30,19.74,0.36,High,1,0,2.902,360.26,6.769,7.106,15.05,2
9.19,65.47,82.84,743.83,10.7,-9.6505,80.8,2,M40,7.39,0.54,Medium,2,2,2.071,601.67,5.095,3.991,8.36,0
0.32,116.2,47.74,2722.5,13.8,9.4,31.8,7,M30,11.31,0.27,Low,1,1,1.5913,37.18,1.944,3.054,9.35,0
13.09,8.92,72.58,2960.9,26.2,3.2,35.8,6,M20,13.39,0.3,High,0,0,3.629,116.76,4.295,4.017,8.31,1
13.99,78.15,16.54,2200.16,31.2,48.3,47.5,7,M30,24.8,0.36,Low,1,1,0.5513,1093.32,4.394,8.928,32.44,1
8.5,9.82,88.08,2291.04,26.8,33.6,86.0,4,M30,2.48,0.98,High,1,0,2.936,83.47,6.537,2.43,46.1,1
10.46,45.68,86.97,196.35,57.5,11.0,29.9,9,M20,13.88,0.23,High,0,0,4.3485,477.81,6.319,3.192,9.27,2
13.84,96.65,18.92,2917.0,8.2,-4.4,29.2,7,M30,13.26,0.29,Low,1,1,0.6307,1337.64,1.155,3.845,4.56,0
10.62,52.58,30.45,2780.14,27.0,21.0,57.0,2,M30,1.72,1.24,Low,1,1,1.015,558.4,12.857,2.133,23.37,1
2.33,119.42545,13.51,980.72,63.0,2.8,40.7,4,M40,15.85,0.29,Low,2,1,0.3378,278.26,15.366,4.596,9.28,2
8.67,67.53,28.1,2509.5,5.9,22.2,62.7,5,M40,7.17,0.79,Low,2,1,0.7025,585.49,1.157,5.664,26.46,0
9.12,39.22,74.36,830.51,70.7,40.1,53.9,2,M40,2.59,0.91,Medium,2,2,1.859,357.69,33.667,2.357,32.39,2
6.39,27.19,37.16,237.12,74.0,26.9,52.6,10,M30,4.47,1.25,Low,1,1,1.2387,173.74,7.327,5.587,24.67,2
11.06,42.71,12.51,783.86,7.6,28.0,28.4,8,M20,20.59,1.19,Low,0,1,0.6255,472.37,0.938,24.502,13.63,0
14.02,45.33,34.09,707.34,22.6,22.5,30.6,1,M30,2.6,0.68,Low,1,1,1.1363,635.53,20.545,1.768,13.0,1
13.89,9.18,88.42,1248.34,28.6,45.6,81.6,3,M40,11.67,1.24,High,2,0,2.2105,127.51,9.226,14.471,53.53,1
6.79,44.98,58.52,1522.73,58.5,45.9,86.4,1,M30,4.88,0.68,Medium,1,2,1.9507,305.41,53.182,3.318,56.94,2
1.74,56.24,40.37,1829.03,45.1,20.8,37.6,5,M30,4.06,0.94,Low,1,1,1.3457,97.86,8.843,3.816,15.34,2
14.77,87.01,19.16,1720.96,48.7,8.3,28.5,8,M20,5.14,0.49,Low,0,1,0.958,1285.14,6.012,2.519,8.07,2
12.59,79.15,88.83,1020.29,57.1,17.6,24.0,7,M50,12.32,0.9,Medium,3,2,1.7766,996.5,8.042,11.088,9.02,2
1.91,85.34,74.77,199.18,9.7,1.2,65.6,9,M50,5.94,0.79,Low,3,1,1.4954,163.0,1.066,4.693,13.91,0
13.82,2.0,28.93,2157.35,62.7,28.2,73.7,2,M20,2.42,0.87,Medium,0,2,1.4465,27.64,29.857,2.105,35.52,2
13.05,26.9,10.96,1445.53,53.2,20.0,48.0,8,M40,20.04,0.95,Low,2,1,0.274,351.04,6.568,19.038,19.2,2
7.81,79.74,9.81,1115.49,43.7,-3.8,71.0,8,M20,13.5,0.39,Low,0,1,0.4905,622.77,5.395,5.265,11.5,2
8.89,58.59,15.23,3047.6,66.8,1.9,73.5,6,M30,3.92,0.53,Low,1,1,0.5077,520.87,10.951,2.078,16.1,2
6.02,1.63,54.37,2638.93,52.8,18.8,90.2,3,M20,11.79,1.01,High,0,0,2.7185,9.81,17.032,11.908,35.0,2
0.87,96.73,83.94,3016.4,15.9,43.3,24.9,2,M20,1.71,0.38,High,0,0,4.197,84.16,7.571,0.65,15.76,1
5.06,92.96,47.22,1782.94,32.8,24.0,34.4,8,M20,14.51,0.58,Medium,0,2,2.361,470.38,4.049,8.416,15.14,1
12.05,66.26,76.65,545.17,37.6,30.9,25.1,6,M50,8.51,0.93,Medium,3,2,1.533,798.43,6.164,7.914,12.78,1
0.17485,8.91,42.9,2467.15,5.1,10.3,85.1,4,M40,2.59,1.23,Low,2,1,1.0725,1.56,1.244,3.186,25.79,0
5.04,92.22,65.23,800.65,71.6,24.3,79.4,5,M20,4.59,0.28,High,0,0,3.2615,464.79,14.039,1.285,35.17,2
6.0,70.46,67.21,1600.18,10.5,16.8,63.1,5,M30,8.64,0.77,Medium,1,2,2.2403,422.76,2.059,6.653,23.22,0
8.08,94.05,19.79,321.0,52.6,29.5,26.3,9,M20,20.16,0.29,Low,0,1,0.9895,759.92,5.78,5.846,13.02,2
13.8,90.46,35.7,2906.05,38.5,-7.0,40.5,9,M20,4.34,0.62,Medium,0,2,1.785,1248.35,4.231,2.691,5.26,1
5.23,96.56,59.17,528.2,2.9,19.6,42.3,8,M40,2.74,0.39,Low,2,1,1.4792,505.01,0.358,1.069,16.75,0
5.24,62.64,11.01,3170.53,69.4,7.8,62.1,8,M20,12.9,0.91,Low,0,1,0.5505,328.23,8.568,11.739,17.26,2
11.08,17.7,35.73,3038.38,64.0,9.6,39.4,2,M30,13.97,1.03,Medium,1,2,1.191,196.12,30.476,14.389,11.66,2
6.81,80.87,50.46,1679.58,39.8,47.7,25.5,3,M30,2.26,0.47,Medium,1,2,1.682,550.72,12.839,1.062,17.26,1
3.41,74.84,89.34050000000002,2630.85,17.9,1.0,74.8,8,M20,7.11,0.98,High,0,0,4.467,255.2,2.21,6.968,15.71,1
6.81,89.33,45.34,2206.11,10.0,8.7,42.4,5,M30,6.57,0.69,Medium,1,2,1.5113,608.34,1.961,4.533,12.17,0
2.16,21.22,74.36,2830.46,27.9,20.6,53.9,7,M50,4.66,0.51,Low,3,1,1.4872,45.84,3.93,2.377,21.88,1
2.69,24.2,41.73,1568.14,19.9,41.8,29.6,8,M40,7.89,0.78,Low,2,1,1.0432,65.1,2.457,6.154,18.29,1
7.5,106.96,72.69,2771.75,38.5,15.0,80.2,6,M20,0.93,0.62,High,0,0,3.6345,802.2,6.311,0.577,28.07,1
6.31,90.25,55.61,1672.35,72.5,34.6,62.4,5,M40,16.29,0.45,Medium,2,2,1.3902,569.48,14.216,7.33,34.07,2
13.73,109.08,80.36,3299.28,43.5,41.4,87.6,8,M50,24.71,1.03,High,3,0,1.6072,1497.67,5.37,25.451,53.79,2
5.47,91.29,39.93,1753.67,66.9,8.6,57.2,1,M20,15.85,1.08,High,0,0,1.9965,499.36,60.818,17.118,16.36,2
8.73,72.06,56.37,1672.91,49.2,13.6,90.6,1,M30,9.03,1.08,Medium,1,2,1.879,629.08,44.727,9.752,30.44,2
9.5,78.84,58.55,2769.24,36.2,11.4,86.9,1,M20,16.7,0.62,High,0,0,2.9275,748.98,32.909,10.354,27.29,1
0.25,106.81,40.48,2893.36,64.2,40.0,63.2,3,M30,14.29,0.39,Medium,1,2,1.3493,26.7,20.71,5.573,37.92,2
9.97,69.88,17.27,1985.26,35.9,-7.3,90.0,10,M40,21.17,1.12,Low,2,1,0.4318,696.7,3.554,23.71,11.43,1
2.71,76.25,12.95,711.31,65.3,8.5,44.2,6,M20,15.55,0.56,Low,0,1,0.6475,206.64,10.705,8.708,12.6,2
14.42,19.62,6.42,1690.38,22.6,30.8,47.4,6,M20,15.85,1.02,Low,0,1,0.321,282.92,3.705,16.167,24.08,1
2.27,57.4,79.25,3391.45,10.5,23.9,23.4,5,M30,5.54,1.1,High,1,0,2.6417,130.3,2.059,6.094,10.27,0
6.25,86.25,25.1,2660.15,64.3,16.2,64.2,7,M30,10.39,1.04,Low,1,1,0.8367,539.06,9.056,10.806,23.24,2
1.33,33.24,22.98,2857.95,44.5,22.4,74.1,5,M30,8.61,0.63,Low,1,1,0.766,44.21,8.725,5.424,31.42,2
14.91505,25.07,67.56,211.61,66.8,1.9,78.0,2,M40,0.29,1.23,Medium,2,2,1.689,373.92,31.81,0.357,17.08,2
7.56,38.35,32.2,1690.72,70.4,15.8,31.2,4,M20,7.83,0.93,Medium,0,2,1.61,289.93,17.171,7.282,11.17,2
8.95,29.74,48.01,2298.51,5.0,20.1,53.3,1,M30,12.15,0.83,Medium,1,2,1.6003,266.17,4.545,10.084,21.37,0
1.05,26.57,18.81,2922.11,38.1,44.1,33.3,7,M20,15.0,0.97,Low,0,1,0.9405,27.9,5.366,14.55,21.35,1
11.26,51.56,86.58,267.53,28.7,5.7,69.7,4,M50,23.36,0.25,Medium,3,2,1.7316,580.57,7.0,5.84,17.91,1
3.19,109.03,77.38,2998.29,47.3,42.1,31.8,4,M30,5.98,0.63,High,1,0,2.5793,347.81,11.537,3.767,19.75,2
13.48,61.34,78.42,1964.56,59.7,28.7,87.8,4,M20,3.81,1.17,High,0,0,3.921,826.86,14.561,4.458,42.76,2
3.12,23.36,39.58,770.87,21.8,-8.8,37.3,3,M20,21.74,0.38,Medium,0,2,1.979,72.88,7.032,8.261,4.18,1
2.9,10.16,69.8,1178.67,42.2,33.5,41.9,8,M20,23.55,0.66,High,0,0,3.49,29.46,5.21,15.543,22.42,2
0.6,83.84,17.23,1058.56,53.4,-7.9,83.8,4,M20,12.2,0.65,Low,0,1,0.8615,50.3,13.024,7.93,10.14,2
7.11,46.55,5.73,1904.92,10.9,49.7,54.4,8,M30,2.88,0.59,Low,1,1,0.191,330.97,1.346,1.699,37.92,0
8.49,98.8,6.7,275.73,61.2,42.4,21.8,9,M40,12.13,0.82,Low,2,1,0.1675,838.81,6.725,9.947,13.6,2
1.03,79.48,54.86,639.02,45.9,7.8,57.1,1,M30,2.74,1.29,Medium,1,2,1.8287,81.86,41.727,3.535,15.87,2
11.64,95.75,43.71,2863.16,71.3,5.4,26.3,4,M30,22.08,0.48,Medium,1,2,1.457,1114.53,17.39,10.598,6.68,2
6.83,33.36,49.03,550.85,26.1,12.9,93.9,6,M40,17.7,0.98,Low,2,1,1.2258,227.85,4.279,17.346,30.89,1
7.89,83.39,5.67455,893.55,9.0,11.4,64.1,8,M30,6.03,1.03,Low,1,1,0.1892,657.95,1.111,6.211,20.13,0
6.64,32.42,40.93,1641.46,38.5,12.3,39.2,6,M20,22.17,0.84,Medium,0,2,2.0465,215.27,6.311,18.623,12.66,1
6.04,112.75,66.04,1858.21,7.3,9.1,62.3,6,M20,15.95,0.31,High,0,0,3.302,681.01,1.197,4.944,18.13,0
8.42,76.73,42.63,2696.28,72.7,27.3,25.8,10,M40,23.83,0.83,Medium,2,2,1.0658,646.07,7.198,19.779,12.2,2
2.37,39.62,67.24,1620.93,3.9,-0.1,80.0,4,M40,24.51,1.25,Medium,2,2,1.681,93.9,0.951,30.638,15.92,0
2.77,33.07,24.81,2785.54,56.8,40.8,89.4,9,M20,0.13495,0.58,Low,0,1,1.2405,91.6,6.242,0.078,54.36,2
12.93,23.72,74.12,2202.38,39.9,38.7,85.6,7,M20,3.01,0.9,High,0,0,3.706,306.7,5.62,2.709,50.25,1
14.19,83.66,55.02,484.54,28.3,18.6,45.6,6,M40,13.67,1.26,Medium,2,2,1.3755,1187.14,4.639,17.224,17.6,1
5.63,27.03,22.91,631.53,5.9,41.2,44.4,1,M30,23.9,1.08,Low,1,1,0.7637,152.18,5.364,25.812,27.17,0
4.1,71.84,25.12,1585.91,47.0,4.8,22.6,2,M40,24.86,0.96,Low,2,1,0.628,294.54,22.381,23.866,5.6,2
9.68,32.49,58.38,1449.42,44.3,-8.9,68.9,6,M20,14.19,1.27,High,0,0,2.919,314.5,7.262,18.021,7.65,2
6.16,79.77,75.54,2628.05,21.8,27.2,60.1,1,M50,4.35,0.39,Medium,3,2,1.5108,491.38,19.818,1.696,28.37,1
0.43,97.98,40.33,2074.51,68.4,17.5,54.5,5,M40,4.08,1.05,Low,2,1,1.0082,42.13,13.412,4.284,20.44,2
2.38,93.59,26.96,1419.65,23.5,24.0,88.1,1,M20,19.1,0.65,Medium,0,2,1.348,222.74,21.364,12.415,38.76,1
10.75,91.54,78.7,680.58,34.3,44.0,32.6,3,M30,14.8,0.6,High,1,0,2.6233,984.06,11.065,8.88,20.86,1
9.9,23.34,61.89,871.25,41.2,48.2,20.7,7,M20,13.72,0.77,High,0,0,3.0945,231.07,5.803,10.564,14.12,2
0.46,11.52,43.09,2056.7,8.4,28.1,25.5,5,M30,11.64,0.24,Low,1,1,1.4363,5.3,1.647,2.794,12.27,0
3.37,84.17,46.47,1539.69,70.0,35.8,36.8,10,M40,18.13,0.54,Low,2,1,1.1618,283.65,6.931,9.79,20.53,2
3.5,44.83,22.36,1850.75,28.7,-5.0,22.5,1,M30,21.45,0.38,Low,1,1,0.7453,156.9,26.091,8.151,3.38,1
10.09,52.45,58.28,680.3,7.0,-0.4,57.7,1,M40,7.57,0.35,Medium,2,2,1.457,529.22,6.364,2.649,11.31,0
0.34,4.71,35.49,2353.88,29.7,34.0,43.6,8,M20,5.52,0.57,Medium,0,2,1.7745,1.6,3.667,3.146,23.54,1
1.61,31.89,89.34050000000002,2998.63,45.4,15.9,33.5,9,M40,16.75,1.08,Medium,2,2,2.2335,51.34,4.989,18.09,12.03,2
12.01,5.01,45.82,976.99,39.0,16.8,76.3,7,M30,22.87,0.42,Medium,1,2,1.5273,60.17,5.493,9.605,28.08,1
2.72,105.62,46.3,1771.15,52.4,8.5,35.3,3,M40,8.7,0.78,Low,2,1,1.1575,287.29,16.903,6.786,10.06,2
9.81,29.96,53.1,3416.79,5.1,26.4,71.6,6,M20,6.81,1.02,High,0,0,2.655,293.91,0.836,6.946,33.22,0
3.61,67.32,82.92,1233.02,22.1,1.1,46.2,3,M30,5.65,0.47,High,1,0,2.764,243.03,7.129,2.656,9.75,1
1.54,5.64,73.07,2123.16,61.6,27.6,58.4,10,M30,6.36,1.22,Medium,1,2,2.4357,8.69,6.099,7.759,27.8,2
3.69,80.35,43.35,406.67,6.9,0.4,90.0,4,M30,3.37,1.15,Low,1,1,1.445,296.49,1.683,3.875,18.36,0
10.85,39.44,66.09,2160.45,64.3,-6.2,22.8,4,M30,14.92,0.48,High,1,0,2.203,427.92,15.683,7.162,3.15,2
12.84,107.85,54.83,404.75,7.8,9.8,57.5,3,M30,7.02,1.29,Medium,1,2,1.8277,1384.79,2.516,9.056,17.13,0
12.46,106.69,46.85,3361.4,62.7,3.9,84.1,10,M50,15.37,0.94,Medium,3,2,0.937,1329.36,6.208,14.448,20.1,2
5.99,39.71,21.35,2533.25,27.7,43.3,64.1,6,M20,2.08,0.51,Low,0,1,1.0675,237.86,4.541,1.061,40.58,1
10.04,108.21,44.43,2779.74,46.3,-6.7,40.8,5,M40,2.89,0.95,Medium,2,2,1.1107,1086.43,9.078,2.746,5.43,2
3.11,119.42545,25.89,2493.95,12.3,0.6,49.8,9,M30,13.4,0.93,Low,1,1,0.863,371.41,1.352,12.462,10.26,0
4.43,99.22,82.76,2105.08,5.9,22.9,71.0,9,M30,12.79,0.87,High,1,0,2.7587,439.54,0.648,11.127,30.46,0
13.45,101.54,33.51,1629.7,17.0,18.9,86.8,3,M30,6.79,0.98,Medium,1,2,1.117,1365.71,5.484,6.654,33.77,1
0.24,30.63,85.94,3018.47,10.5,-7.2,23.1,9,M40,20.68,0.5,Medium,2,2,2.1485,7.35,1.154,10.34,2.96,0
1.33,69.63,50.31,3353.24,24.1,-9.6,25.4,3,M30,4.68,1.28,Medium,1,2,1.677,92.61,7.774,5.99,2.64,1
3.16,9.0,58.68,1796.72,39.1,49.3,44.4,4,M40,9.02,1.14,Medium,2,2,1.467,28.44,9.537,10.283,30.77,1
0.45,12.3,51.15,3267.22,44.6,29.5,37.5,1,M20,13.89,1.02,High,0,0,2.5575,5.54,40.545,14.168,18.56,2
2.76,119.42545,16.0,2083.33,59.5,11.9,39.9,5,M40,21.68,0.23,Low,2,1,0.4,329.61,11.667,4.986,12.73,2
8.77,39.87,36.94,1930.51,49.6,18.2,36.6,9,M30,10.46,0.85,Low,1,1,1.2313,349.66,5.451,8.891,13.98,2
6.35,90.03,13.43,1645.24,46.0,6.0,34.7,2,M30,9.97,0.98,Low,1,1,0.4477,571.69,21.905,9.771,9.02,2
13.4,96.99,57.95,811.58,31.5,10.7,29.8,4,M30,14.49,1.14,High,1,0,1.9317,1299.67,7.683,16.519,9.15,1
12.27,103.1,42.98,113.72415,36.1,28.9,90.0,10,M30,7.92,1.24,Medium,1,2,1.4327,1265.04,3.574,9.821,44.01,1
5.16,119.42545,71.13,921.12,31.7,43.0,30.8,2,M30,17.73,1.21,High,1,0,2.371,616.24,15.095,21.453,19.4,1
3.93,29.74,23.74,1833.06,63.3,1.0,35.3,8,M30,6.22,0.65,Low,1,1,0.7913,116.88,7.815,4.043,7.41,2
5.73,5.8,18.99,1391.86,18.0,40.4,38.5,9,M30,20.58,1.19,Low,1,1,0.633,33.23,1.978,24.49,23.25,1
8.87,49.93,39.54,1624.85,1.4,-2.7,90.0,3,M30,6.81,0.21,Low,1,1,1.318,442.88,0.452,1.43,15.57,0
4.06,16.48,83.76,3434.2,49.2,2.9,76.7,9,M30,24.82,0.59,High,1,0,2.792,66.91,5.407,14.644,17.56,2
9.38,3.67,65.39,1290.93,16.0,-7.8,79.2,6,M20,7.91,0.33,High,0,0,3.2695,34.42,2.623,2.61,9.66,1
6.17,43.89,40.61,1637.42,66.9,-1.6,27.9,6,M40,21.97,1.17,Medium,2,2,1.0152,270.8,10.967,25.705,5.13,2
8.3,94.26,48.97,553.95,64.6,45.0,82.7,7,M40,9.93,1.22,Medium,2,2,1.2242,782.36,9.099,12.115,53.76,2
6.57,68.38,12.16,263.06,6.7,17.6,50.6,5,M20,6.15,0.48,Low,0,1,0.608,449.26,1.314,2.952,19.03,0
4.45,38.22,88.69,2736.39,8.9,-5.3,39.7,6,M20,5.65,0.6,High,0,0,4.4345,170.08,1.459,3.39,5.84,0
14.23,78.87,61.64,2040.32,37.6,47.6,63.2,1,M20,21.25,1.28,High,0,0,3.082,1122.32,34.182,27.2,42.72,1
11.47,28.61,29.26,2686.4,46.1,42.7,81.7,3,M40,7.72,0.82,Low,2,1,0.7315,328.16,14.871,6.33,51.23,2
2.14,2.71,54.79,609.53,21.3,35.3,78.4,9,M40,8.46,0.75,Low,2,1,1.3698,5.8,2.341,6.345,43.36,1
13.03,91.96,14.31,2044.22,54.0,46.0,86.7,5,M20,4.92,0.75,Low,0,1,0.7155,1198.24,10.588,3.69,57.22,2
7.34,75.23,87.1,962.38,45.0,3.2,89.6,5,M40,24.03,0.97,High,2,0,2.1775,552.19,8.824,23.309,20.79,2
13.42,91.71,19.86,875.41,25.0,40.2,37.9,8,M20,6.12,1.25,Low,0,1,0.993,1230.75,3.086,7.65,22.82,1
12.01,5.63,60.08,139.19,2.9,31.4,51.8,2,M20,6.19,0.6,High,0,0,3.004,67.62,1.381,3.714,26.63,0
6.41,100.62,25.86,543.16,56.5,42.2,21.1,7,M50,23.6,0.39,Low,3,1,0.5172,644.97,7.958,9.204,13.12,2
0.39,74.72,65.99,1151.51,16.9,37.8,85.9,9,M40,22.52,0.4,Medium,2,2,1.6498,29.14,1.857,9.008,49.65,1
4.07,68.04,71.03,497.39,62.8,10.8,31.6,7,M40,6.22,0.22,Low,2,1,1.7758,276.92,8.845,1.368,9.73,2
8.15,75.33,62.24,3451.92,32.1,36.5,84.6,5,M30,21.62,0.81,High,1,0,2.0747,613.94,6.294,17.512,47.8,1
9.52,103.87,57.23,1149.35,43.7,5.7,44.7,6,M30,6.25,1.22,Medium,1,2,1.9077,988.84,7.164,7.625,11.49,2
3.91,70.85,80.86,543.1,65.6,9.7,47.6,4,M40,2.11,0.98,Medium,2,2,2.0215,277.02,16.0,2.068,14.14,2
2.13,70.13,11.68,776.88,64.9,-3.5,22.9,7,M40,20.51,1.29,Low,2,1,0.292,149.38,9.141,26.458,3.78,2
12.53,118.89,33.13,2098.19,28.5,46.1,44.5,1,M20,19.29,1.2,High,0,0,1.6565,1489.69,25.909,23.148,29.41,1
14.77,91.05,26.1,317.75,16.5,7.5,86.6,4,M30,7.37,0.74,Low,1,1,0.87,1344.81,4.024,5.454,23.82,1
7.91,53.63,88.98,3032.28,58.4,21.2,21.9,3,M40,2.25,0.74,High,2,0,2.2245,424.21,18.839,1.665,9.02,2
2.62,85.18,38.1,3369.1,33.0,13.5,50.5,4,M50,5.16,0.89,Low,3,1,0.762,223.17,8.049,4.592,16.92,1
4.12,47.32,67.27,938.94,15.2,47.6,22.4,1,M40,19.28,0.32,Medium,2,2,1.6818,194.96,13.818,6.17,15.14,1
0.32,28.24,63.2,1630.32,67.9,10.1,47.8,2,M40,24.12,0.87,Medium,2,2,1.58,9.04,32.333,20.984,14.39,2
13.72,72.03,23.03,175.26,15.7,36.7,32.9,9,M20,6.48,0.71,Low,0,1,1.1515,988.25,1.725,4.601,18.65,1
1.81,111.45,25.31,2278.41,2.9,41.3,38.9,7,M30,20.46,0.91,Low,1,1,0.8437,201.72,0.408,18.619,23.85,0
8.67,111.57,28.91,1507.35,2.5,16.1,85.8,6,M40,5.7,0.82,Low,2,1,0.7228,967.31,0.41,4.674,30.97,0
4.15,41.69,39.95,1018.2,47.1,12.7,52.7,2,M20,16.99,0.54,Medium,0,2,1.9975,173.01,22.429,9.175,17.23,2
8.33,63.79,24.92,803.25,50.0,34.9,40.5,1,M40,2.09,0.87,Low,2,1,0.623,531.37,45.455,1.818,22.23,2
9.79,26.18,6.67,2323.68,24.0,44.8,64.2,2,M50,14.63,0.6,Low,3,1,0.1334,256.3,11.429,8.778,41.6,1
12.45,119.42545,79.75,1515.14,24.7,35.3,30.7,7,M20,6.73,0.41,High,0,0,3.9875,1486.85,3.479,2.759,16.98,1
3.14,117.75,87.08,710.84,26.1,3.6,39.5,2,M40,23.15,0.94,Medium,2,2,2.177,369.74,12.429,21.761,9.32,1
0.21,78.29,34.03,2442.97,51.3,43.3,61.0,3,M40,7.24,0.54,Low,2,1,0.8508,16.44,16.548,3.91,38.61,2
2.1,96.73,33.77,2021.25,5.3,13.3,37.8,8,M30,9.96,1.18,Low,1,1,1.1257,203.13,0.654,11.753,12.59,0
13.51,86.1,5.67455,3019.48,69.8,24.6,70.9,7,M40,21.02,0.42,Low,2,1,0.1419,1163.21,9.831,8.828,31.62,2
13.11,71.59,62.82,499.42,17.5,39.9,56.9,9,M20,10.96,0.86,High,0,0,3.141,938.54,1.923,9.426,34.08,1
8.98,7.35,75.16,2771.27,74.65050000000001,1.3,77.9,4,M40,5.96,0.83,Medium,2,2,1.879,66.0,18.207,4.947,16.59,2
9.03,55.12,17.46,2389.96,13.7,37.1,91.1,7,M30,13.69,0.42,Low,1,1,0.582,497.73,1.93,5.75,52.02,0
9.99,81.3,18.57,491.04,58.1,25.8,28.7,1,M40,21.0,0.68,Low,2,1,0.4642,812.19,52.818,14.28,13.14,2
2.67,81.63,72.16,2462.39,17.5,43.6,45.1,2,M30,10.83,0.94,High,1,0,2.4053,217.95,8.333,10.18,28.68,1
13.72,45.4,57.38,1601.26,7.0,0.3,44.0,7,M20,3.32,0.55,High,0,0,2.869,622.89,0.986,1.826,8.93,0
6.31,113.06,8.81,3312.95,65.7,15.2,31.3,2,M30,9.58,0.33,Low,1,1,0.2937,713.41,31.286,3.161,11.02,2
5.78,20.92,57.92,581.48,64.5,40.0,80.8,6,M20,23.86,0.88,High,0,0,2.896,120.92,10.574,20.997,48.48,2
7.81,60.54,31.26,2285.63,30.9,-8.8,77.0,10,M20,1.8,0.45,Low,0,1,1.563,472.82,3.059,0.81,8.62,1
0.75,83.22,36.34,1398.73,53.0,-3.3,56.3,9,M20,10.21,0.95,Medium,0,2,1.817,62.42,5.824,9.7,9.4,2
2.54,83.96,70.43,3353.17,42.2,49.4,60.3,5,M40,16.2,1.12,Medium,2,2,1.7608,213.26,8.275,18.144,41.85,2
11.08,78.19,73.93,1221.91,64.1,6.8,24.5,10,M40,1.96,0.34,Medium,2,2,1.8482,866.35,6.347,0.666,6.57,2
1.29,33.76,39.03,3371.43,24.3,48.5,61.7,7,M50,8.62,0.68,Low,3,1,0.7806,43.55,3.423,5.862,42.26,1
9.07,19.59,85.51,3165.05,39.8,1.0,79.4,1,M40,23.51,0.69,High,2,0,2.1378,177.68,36.182,16.222,16.67,1
3.72,76.68,39.55,1019.3,36.9,11.7,63.0,8,M40,0.77,0.9,Low,2,1,0.9887,285.25,4.556,0.693,19.97,1
5.87,72.32,70.61,2832.04,27.2,35.2,39.9,9,M20,18.79,0.57,High,0,0,3.5305,424.52,2.989,10.71,22.02,1
4.37,22.34,46.13,3478.6891000000005,67.0,29.5,70.1,5,M40,21.03,0.66,Medium,2,2,1.1533,97.63,13.137,13.88,34.7,2
5.37,84.91,81.29,959.05,13.3,24.9,47.1,6,M40,6.93,0.21,Medium,2,2,2.0323,455.97,2.18,1.455,21.15,0
10.8,55.17,82.16,1585.04,12.1,21.8,60.9,8,M20,5.37,0.33,High,0,0,4.108,595.84,1.494,1.772,25.46,0
4.49,80.46,12.43,1868.61,43.7,40.6,56.6,4,M40,22.87,0.83,Low,2,1,0.3107,361.27,10.659,18.982,34.3,2
8.52,100.65,84.6,1102.77,49.7,4.1,48.6,2,M30,19.1,0.44,High,1,0,2.82,857.54,23.667,8.404,11.71,2
7.17,21.2,75.17,151.9,15.4,16.5,73.9,10,M50,2.83,0.36,Low,3,1,1.5034,152.0,1.525,1.019,26.97,1
9.97,3.28,72.26,848.44,29.9,-0.7,86.3,8,M40,5.3,0.56,Medium,2,2,1.8065,32.7,3.691,2.968,16.66,1
14.06,93.71,22.08,1058.59,71.0,25.8,20.4,2,M50,15.53,0.38,Low,3,1,0.4416,1317.56,33.81,5.901,9.34,2
11.0,73.55,73.44,1608.24,19.2,5.0,90.0,5,M20,10.49,0.27,High,0,0,3.672,809.05,3.765,2.832,22.5,1
3.26,84.26,77.26,681.75,50.5,10.0,58.4,6,M20,12.6,0.51,High,0,0,3.863,274.69,8.279,6.426,17.52,2
0.52,100.74,29.58,3069.06,55.8,18.3,72.6,5,M50,23.79,0.38,Low,3,1,0.5916,52.38,10.941,9.04,27.81,2
3.97,96.53,85.94,2496.7,34.2,-8.4,84.2,6,M20,10.51,1.08,High,0,0,4.297,383.22,5.607,11.351,9.77,1
8.95,115.35,9.24,389.68,70.4,-4.5,55.0,6,M30,22.04,0.27,Low,1,1,0.308,1032.38,11.541,5.951,8.52,2
0.82,64.78,17.74,2310.31,55.5,31.2,82.6,3,M30,16.52,1.02,Low,1,1,0.5913,53.12,17.903,16.85,42.29,2
7.47,59.13,50.69,2322.43,34.9,15.7,33.3,3,M40,3.04,0.62,Medium,2,2,1.2672,441.7,11.258,1.885,11.89,1
8.97,48.82,53.94,3351.15,43.1,41.9,31.9,9,M20,18.61,0.94,High,0,0,2.697,437.92,4.736,17.493,19.75,2
5.05,19.29,59.84,113.72415,52.3,31.7,69.3,3,M20,13.01,0.26,High,0,0,2.992,97.41,16.871,3.383,35.83,2
11.58,69.14,6.44,942.97,44.8,-9.5,85.3,3,M30,5.63,1.21,Low,1,1,0.2147,800.64,14.452,6.812,8.96,2
1.64,33.96,86.63,3254.49,66.0,27.0,86.9,2,M30,7.24,1.04,High,1,0,2.8877,55.69,31.429,7.53,40.84,2
1.17,110.64,8.79,3269.26,27.4,-4.4,68.3,7,M30,13.93,0.35,Low,1,1,0.293,129.45,3.859,4.876,10.65,1
10.94,70.4,17.16,2549.99,23.2,36.9,59.4,10,M40,15.04,0.44,Low,2,1,0.429,770.18,2.297,6.618,33.8,1
7.46,71.55,6.19,2703.6,16.8,49.5,44.9,10,M40,24.2,0.91,Low,2,1,0.1548,533.76,1.663,22.022,31.21,1
10.34,43.24,53.18,411.04,3.8,21.9,93.5,4,M40,21.37,1.21,Medium,2,2,1.3295,447.1,0.927,25.858,39.18,0
6.55,7.19,84.24,1847.18,4.2,31.0,44.0,1,M20,5.15,0.69,High,0,0,4.212,47.09,3.818,3.554,22.44,0
3.73,4.78,61.61,887.38,65.4,4.2,75.8,6,M40,19.35,0.73,Medium,2,2,1.5402,17.83,10.721,14.126,18.34,2
12.3,51.38,74.93,716.14,51.2,16.3,59.9,5,M50,0.21,0.46,Medium,3,2,1.4986,631.97,10.039,0.097,21.74,2
12.0,11.06,6.13,2855.03,49.9,41.4,65.6,2,M30,3.25,0.62,Low,1,1,0.2043,132.72,23.762,2.015,40.28,2
10.44,73.21,51.07,559.13,46.5,0.0,49.5,6,M20,4.99,0.51,Medium,0,2,2.5535,764.31,7.623,2.545,9.9,2
4.12,105.84,44.06,1693.42,63.8,5.9,92.4,1,M50,14.93,0.59,Low,3,1,0.8812,436.06,58.0,8.809,23.93,2
8.87,106.07,47.41,3291.17,36.5,16.7,62.9,3,M30,4.87,0.22,Medium,1,2,1.5803,940.84,11.774,1.071,23.08,1
5.45,79.43,11.14,731.83,65.4,32.7,90.3,4,M40,9.13,0.25,Low,2,1,0.2785,432.89,15.951,2.282,47.59,2
1.42,26.14,63.18,3425.18,27.6,12.6,20.6,3,M20,6.07,0.95,High,0,0,3.159,37.12,8.903,5.766,6.72,1
13.76,103.7,47.77,3478.6891000000005,69.6,45.7,63.0,6,M40,8.44,0.95,Medium,2,2,1.1942,1426.91,11.41,8.018,41.39,2
2.1,106.45,70.04,1989.1,52.7,-4.3,73.8,4,M50,23.56,0.56,Medium,3,2,1.4008,223.54,12.854,13.194,11.59,2
14.26,24.4,46.25,678.49,20.0,12.2,75.9,1,M30,24.90505,1.17,Medium,1,2,1.5417,347.94,18.182,29.139,24.44,1
6.72,88.75,17.7,1174.76,42.7,32.5,87.9,5,M20,17.14,0.49,Low,0,1,0.885,596.4,8.373,8.399,46.15,2
2.82,35.1,60.1,1543.28,40.4,3.6,20.3,5,M20,14.31,0.64,High,0,0,3.005,98.98,7.922,9.158,4.79,2
8.15,96.51,19.65,1151.7,11.2,29.4,20.3,9,M20,17.71,1.0,Low,0,1,0.9825,786.56,1.231,17.71,10.03,0
13.1,119.42545,79.15,1054.16,44.8,-0.1,55.4,8,M30,19.29,1.02,High,1,0,2.6383,1564.47,5.531,19.676,11.02,2
11.0,4.57,57.11,3405.58,24.3,-6.6,22.2,8,M40,18.48,1.15,Medium,2,2,1.4278,50.27,3.0,21.252,2.97,1
12.11,107.79,18.36,621.44,4.9,-2.7,93.1,5,M20,2.05,0.23,Low,0,1,0.918,1305.34,0.961,0.472,16.11,0
9.9,75.09,86.8,2593.31,71.2,45.8,36.7,8,M20,7.76,0.4,High,0,0,4.34,743.39,8.79,3.104,24.15,2
10.4,116.83,49.06,113.72415,48.5,23.1,55.4,10,M30,8.59,0.9,Medium,1,2,1.6353,1215.03,4.802,7.731,23.88,2
12.75,56.34,11.2,2127.02,65.9,37.8,24.6,7,M30,9.23,0.57,Low,1,1,0.3733,718.34,9.282,5.261,14.22,2
3.78,101.84,58.28,3214.21,51.0,10.0,59.2,1,M30,8.61,0.25,Medium,1,2,1.9427,384.96,46.364,2.152,17.76,2
7.37,8.42,26.52,1078.98,27.4,25.6,48.5,7,M40,19.68,0.85,Low,2,1,0.663,62.06,3.859,16.728,22.12,1
3.36,40.9,73.31,730.79,38.9,19.7,23.3,8,M40,18.69,0.63,Medium,2,2,1.8328,137.42,4.802,11.775,9.25,1
14.82,8.97,74.51,2315.71,51.0,46.7,45.1,3,M20,0.13495,0.6,High,0,0,3.7255,132.94,16.452,0.081,30.08,2
14.16,117.07,88.21,2522.84,72.1,34.9,49.4,9,M30,7.41,0.49,High,1,0,2.9403,1657.71,7.923,3.631,27.12,2
0.64,98.22,47.66,2439.3,19.8,33.8,94.2,8,M30,15.59,0.21,Low,1,1,1.5887,62.86,2.444,3.274,50.68,1
10.6,102.45,43.67,1185.68,65.7,-7.2,35.6,2,M20,3.01,0.4,Medium,0,2,2.1835,1085.97,31.286,1.204,4.56,2
13.88,112.62,69.05,957.49,69.4,23.0,60.9,6,M30,1.78,0.72,High,1,0,2.3017,1563.17,11.377,1.282,26.19,2
2.75,11.13,16.26,3350.12,50.6,18.0,94.0,4,M40,20.71,0.5,Low,2,1,0.4065,30.61,12.341,10.355,35.72,2
8.54,46.89,51.49,3239.22,69.9,45.7,79.4,3,M20,11.32,1.16,High,0,0,2.5745,400.44,22.548,13.131,52.17,2
13.74,9.45,51.43,1654.88,30.4,5.4,94.5,6,M20,21.39,0.36,High,0,0,2.5715,129.84,4.984,7.7,24.0,1
0.56,26.08,12.61,2977.06,71.5,6.2,92.6,10,M40,20.59,1.16,Low,2,1,0.3152,14.6,7.079,23.884,24.26,2
10.48,28.29,40.53,1637.9,53.0,14.7,56.7,9,M40,22.33,0.65,Low,2,1,1.0132,296.48,5.824,14.514,19.67,2
4.5,56.82,77.53,1542.92,4.1,4.6,72.2,2,M30,1.21,0.5,Medium,1,2,2.5843,255.69,1.952,0.605,17.76,0
13.87,32.96,77.77,632.99,68.1,-2.2,28.3,10,M40,4.65,0.53,Medium,2,2,1.9442,457.16,6.743,2.464,5.04,2
14.57,13.02,13.44,1549.78,36.9,41.4,53.1,10,M50,7.4,0.56,Low,3,1,0.2688,189.7,3.653,4.144,32.6,1
14.17,20.93,12.71,1927.22,35.1,23.5,80.7,10,M20,3.41,0.76,Low,0,1,0.6355,296.58,3.475,2.592,35.1,1
7.14,18.53,27.33,176.51,42.9,41.7,57.9,5,M20,12.14,0.59,Low,0,1,1.3665,132.3,8.412,7.163,35.72,2
12.94,116.8,79.36,1609.98,12.1,39.9,72.7,6,M20,19.97,0.91,High,0,0,3.968,1511.39,1.984,18.173,43.55,0
12.68,91.36,15.96,2756.61,35.7,6.9,75.9,4,M40,23.78,0.67,Low,2,1,0.399,1158.44,8.707,15.933,20.42,1
4.82,116.16,66.2,2412.16,62.5,22.9,39.0,7,M30,22.24,0.94,High,1,0,2.2067,559.89,8.803,20.906,16.73,2
12.44,53.33,13.6,2259.53,2.1,-5.0,85.7,2,M50,11.43,0.86,Low,3,1,0.272,663.43,1.0,9.83,12.86,0
0.6,34.13,57.97,3192.49,21.2,44.9,54.5,7,M40,15.91,0.47,Medium,2,2,1.4492,20.48,2.986,7.478,35.37,1
8.96,96.0,35.27,161.31,1.4,14.3,35.8,2,M30,5.77,1.09,Low,1,1,1.1757,860.16,0.667,6.289,12.28,0
3.49,39.82,72.06,1993.96,31.8,13.6,84.9,1,M20,10.08,1.08,High,0,0,3.603,138.97,28.909,10.886,28.53,1
1.85,36.63,24.86,2776.99,54.9,8.2,51.3,5,M30,21.78,1.29,Low,1,1,0.8287,67.77,10.765,28.096,14.47,2
1.2,28.67,59.33,1940.54,60.1,17.6,76.3,2,M20,0.73,0.39,High,0,0,2.9665,34.4,28.619,0.285,28.69,2
10.46,16.43,25.03,1201.24,70.9,5.1,61.1,8,M50,13.32,1.13,Low,3,1,0.5006,171.86,8.753,15.052,15.34,2
5.13,31.52,65.66,563.25,46.0,12.5,48.6,8,M30,21.82,1.16,Medium,1,2,2.1887,161.7,5.679,25.311,15.8,2
10.89,43.28,79.26,3117.71,19.8,38.0,80.7,1,M20,3.05,0.91,High,0,0,3.963,471.32,18.0,2.776,46.81,1
1.03,81.21,15.78,1700.59,69.4,40.1,63.8,4,M30,24.56,0.76,Low,1,1,0.526,83.65,16.927,18.666,38.34,2
4.76,8.45,78.66,3085.59,58.4,8.3,49.3,9,M20,0.31,1.25,High,0,0,3.933,40.22,6.418,0.388,13.95,2
8.12,26.05,55.45,2091.9,43.5,18.1,28.2,5,M30,22.15,1.27,High,1,0,1.8483,211.53,8.529,28.13,10.74,2
11.87,97.27,15.8,2392.25,52.5,42.4,87.2,10,M20,8.84,0.91,Low,0,1,0.79,1154.59,5.198,8.044,54.41,2
4.82,18.48,41.34,2834.49,69.4,-6.8,22.7,6,M30,3.32,0.6,Medium,1,2,1.378,89.07,11.377,1.992,3.0,2
9.41,41.77,18.67,2341.13,53.7,43.3,84.7,3,M30,3.93,1.1,Low,1,1,0.6223,393.06,17.323,4.323,53.62,2
13.3,103.89,64.53,1453.39,28.3,3.2,47.0,5,M30,17.53,0.3,Medium,1,2,2.151,1381.74,5.549,5.259,10.9,1
9.26,19.44,69.5,1846.35,53.8,30.7,68.0,1,M40,21.77,0.52,Medium,2,2,1.7375,180.01,48.909,11.32,34.48,2
3.53,10.85,13.99,2830.35,4.0,25.0,89.2,8,M20,16.03,1.28,Low,0,1,0.6995,38.3,0.494,20.518,40.14,0
0.41,58.66,48.02,1370.41,29.6,23.2,31.4,6,M30,23.22,1.1,Medium,1,2,1.6007,24.05,4.852,25.542,13.56,1
13.06,36.99,74.24,1419.61,31.1,41.6,62.5,2,M30,21.06,1.23,High,1,0,2.4747,483.09,14.81,25.904,38.5,1
0.37,68.05,84.57,425.35,13.3,-3.9,77.3,4,M30,0.23,0.85,Medium,1,2,2.819,25.18,3.244,0.196,12.45,0
13.13,96.65,48.65,3209.59,2.7,10.8,76.8,4,M50,16.74,0.65,Medium,3,2,0.973,1269.01,0.659,10.881,23.65,0
7.96,17.32,85.77,409.52,10.9,22.3,59.4,9,M20,7.62,1.28,High,0,0,4.2885,137.87,1.198,9.754,25.13,0
14.09,70.1,50.53,2303.91,49.4,38.7,66.9,9,M40,11.36,0.54,Medium,2,2,1.2632,987.71,5.429,6.134,39.27,2
11.99,61.16,38.51,1504.86,60.4,3.0,76.8,5,M30,2.35,1.03,Medium,1,2,1.2837,733.31,11.843,2.42,17.66,2
14.91505,18.15,77.1,1479.11,74.1,38.2,83.1,3,M30,7.05,0.81,High,1,0,2.57,270.71,23.903,5.711,48.36,2
5.29,75.26,46.9,2410.48,26.6,14.0,77.1,1,M40,15.82,0.45,Medium,2,2,1.1725,398.13,24.182,7.119,26.21,1
11.52,33.56,45.11,328.12,45.4,1.3,46.6,6,M20,5.46,0.22,Medium,0,2,2.2555,386.61,7.443,1.201,9.93,2
6.06,59.05,46.68,2118.6,70.3,35.5,94.6505,8,M40,16.19,0.62,Medium,2,2,1.167,357.84,8.679,10.038,52.53,2
7.22,10.79,76.98,2724.91,13.4,-4.5,52.6,1,M20,23.08,0.8,High,0,0,3.849,77.9,12.182,18.464,8.15,0
9.43,55.69,75.72,2915.92,54.1,20.9,21.8,1,M30,0.13495,0.4,High,1,0,2.524,525.16,49.182,0.054,8.92,2
13.11,37.47,39.3,679.8,56.9,-6.2,47.2,7,M40,19.64,0.66,Low,2,1,0.9825,491.23,8.014,12.962,6.51,2
14.76,98.86,33.33,3151.22,7.6,11.4,29.6,7,M20,16.03,0.88,Medium,0,2,1.6665,1459.17,1.07,14.106,9.29,0
11.54,7.78,46.81,2330.9,64.7,26.1,29.1,2,M40,1.17,0.99,Medium,2,2,1.1702,89.78,30.81,1.158,13.42,2
6.3,50.81,53.69,3098.31,61.2,23.4,41.1,3,M20,19.75,0.26,High,0,0,2.6845,320.1,19.742,5.135,17.84,2
6.35,55.55,25.26,1749.95,3.5,14.3,24.0,2,M40,5.61,0.93,Low,2,1,0.6315,352.74,1.667,5.217,8.23,0
11.08,87.28,72.49,1942.91,7.7,15.7,71.6,6,M30,6.65,0.26,Medium,1,2,2.4163,967.06,1.262,1.729,25.56,0
3.62,69.34,46.35,3224.73,4.6,3.6,25.5,8,M40,2.34,0.23,Low,2,1,1.1588,251.01,0.568,0.538,6.02,0
1.7,80.4,33.39,3159.69,25.8,17.4,35.2,8,M50,13.36,0.37,Low,3,1,0.6678,136.68,3.185,4.943,13.16,1
5.35,93.47,14.08,1623.75,38.7,47.2,27.0,1,M30,12.46,0.92,Low,1,1,0.4693,500.06,35.182,11.463,18.14,1
4.34,103.6,25.3,1033.0,40.4,41.0,24.7,9,M20,8.68,0.26,Low,0,1,1.265,449.62,4.44,2.257,15.07,2
4.48,38.35,85.69,1436.78,20.8,-1.3,40.1,8,M40,4.22,0.22,Medium,2,2,2.1422,171.81,2.568,0.928,7.5,1
3.54,65.02,30.93,1418.4,68.5,-8.2,62.9,9,M20,20.95,0.33,Medium,0,2,1.5465,230.17,7.527,6.914,7.42,2
0.68,100.97,19.35,1075.35,28.3,46.0,92.4,9,M30,21.91,1.24,Low,1,1,0.645,68.66,3.11,27.168,60.98,1
0.32,118.74,44.16,1013.17,4.4,21.6,85.7,6,M50,13.51,1.2,Low,3,1,0.8832,38.0,0.721,16.212,35.65,0
14.82,106.85,31.1,3027.61,23.2,22.3,85.7,3,M40,6.11,0.3,Low,2,1,0.7775,1583.52,7.484,1.833,36.25,1
6.45,45.2,7.99,337.53,40.3,36.8,33.2,1,M20,2.4,0.53,Low,0,1,0.3995,291.54,36.636,1.272,18.86,2
5.8,24.22,32.47,2403.88,31.2,8.9,39.9,8,M20,21.71,1.24,Medium,0,2,1.6235,140.48,3.852,26.92,11.53,1
10.21,59.24,51.25,687.59,21.3,18.9,25.7,10,M20,2.4,0.31,Medium,0,2,2.5625,604.84,2.109,0.744,10.0,1
3.31,89.26,51.9,1271.32,10.7,48.1,78.4,3,M30,0.33,0.3,Low,1,1,1.73,295.45,3.452,0.099,53.39,0
14.25,59.62,35.31,309.25,61.6,30.3,25.2,7,M20,11.73,0.29,Medium,0,2,1.7655,849.58,8.676,3.402,12.68,2
11.81,58.5,43.02,1017.91,74.65050000000001,-0.8,61.8,10,M40,18.28,1.27,Medium,2,2,1.0755,690.88,7.391,23.216,11.87,2
1.39,100.75,87.07,2712.63,25.4,-2.0,38.6,6,M30,11.44,1.02,High,1,0,2.9023,140.04,4.164,11.669,6.95,1
6.29,44.01,37.07,3109.05,29.2,2.3,38.3,3,M50,1.29,0.44,Low,3,1,0.7414,276.82,9.419,0.568,8.54,1
13.19,103.32,26.95,853.19,46.7,36.0,94.3,6,M40,17.25,0.25,Low,2,1,0.6738,1362.79,7.656,4.312,52.81,2
14.17,49.41,25.69,1676.06,54.2,7.7,76.8,3,M50,16.06,1.26,Low,3,1,0.5138,700.14,17.484,20.236,21.27,2
7.04,40.06,43.91,1699.1,30.0,-8.7,82.8,9,M20,17.04,0.67,Medium,0,2,2.1955,282.02,3.297,11.417,9.36,1
9.22,55.02,69.56,3070.16,68.0,46.7,62.9,1,M30,5.28,0.86,High,1,0,2.3187,507.28,61.818,4.541,41.95,2
2.55,91.73,22.51,2693.52,42.4,0.2,85.3,8,M30,19.89,0.51,Low,1,1,0.7503,233.91,5.235,10.144,17.23,2
14.87,15.99,65.29,1844.46,34.3,-9.4,68.4,5,M20,11.98,1.03,High,0,0,3.2645,237.77,6.725,12.339,7.25,1
3.51,24.37,6.8,2380.54,48.9,4.2,91.0,4,M30,13.41,0.42,Low,1,1,0.2267,85.54,11.927,5.632,22.02,2
14.14,114.22,40.61,2981.01,71.5,4.1,41.1,1,M40,13.65,1.07,Medium,2,2,1.0152,1615.07,65.0,14.606,9.91,2
9.76,21.88,70.95,132.43,59.8,15.3,64.6,9,M20,7.17,0.45,High,0,0,3.5475,213.55,6.571,3.226,22.8,2
9.14,68.56,33.79,1469.83,4.0,45.2,71.8,9,M20,6.25,0.31,Medium,0,2,1.6895,626.64,0.44,1.938,46.81,0
7.71,69.94,52.92,3184.63,25.6,42.8,49.5,5,M20,0.13495,0.73,High,0,0,2.646,539.24,5.02,0.099,31.09,1
3.5,59.27,22.42,2617.06,35.8,17.4,86.0,9,M40,9.92,1.09,Low,2,1,0.5605,207.45,3.934,10.813,32.16,1
2.69,77.72,68.07,1945.66,24.3,14.7,93.5,10,M50,12.13,0.62,Low,3,1,1.3614,209.07,2.406,7.521,32.44,1
3.35,28.35,9.44,1900.79,52.8,23.3,57.0,9,M20,18.57,0.23,Low,0,1,0.472,94.97,5.802,4.271,24.68,2
2.84,66.77,77.47,1282.42,62.1,4.6,49.3,7,M30,1.67,0.81,Medium,1,2,2.5823,189.63,8.746,1.353,12.13,2
11.7,45.29,21.85,1869.77,55.1,-6.9,55.4,8,M50,23.1,0.95,Low,3,1,0.437,529.89,6.802,21.945,7.26,2
5.28,79.74,79.32,2328.3,74.2,46.4,84.0,1,M30,6.6,1.01,High,1,0,2.644,421.03,67.455,6.666,55.78,2
0.91,17.81,34.96,1522.43,21.2,1.2,68.4,4,M40,9.17,0.64,Low,2,1,0.874,16.21,5.171,5.869,14.5,1
14.54,68.93,66.43,2528.12,65.7,1.9,23.4,10,M20,1.21,0.31,High,0,0,3.3215,1002.24,6.505,0.375,5.12,2
13.26,23.05,32.13,3028.19,57.7,18.3,60.7,10,M30,16.33,0.84,Medium,1,2,1.071,305.64,5.713,13.717,23.25,2
13.92,34.16,82.0,625.93,27.8,19.5,21.3,4,M30,17.72,0.56,High,1,0,2.7333,475.51,6.78,9.923,8.41,1
14.91505,27.03,15.76,1635.26,55.3,-8.9,78.4,9,M40,23.22,1.24,Low,2,1,0.394,403.15,6.077,28.793,8.7,2
2.65,22.76,20.17,1487.27,8.7,-1.1,44.6,3,M20,8.42,0.75,Low,0,1,1.0085,60.31,2.806,6.315,8.43,0
5.97,99.26,46.91,2437.38,59.4,12.7,55.4,10,M20,6.43,0.72,Medium,0,2,2.3455,592.58,5.881,4.63,18.12,2
11.39,35.0,11.96,949.55,40.4,31.0,79.9,10,M30,18.15,0.54,Low,1,1,0.3987,398.65,4.0,9.801,40.75,2
10.46,111.33,21.66,2276.85,22.6,3.7,23.5,1,M30,17.67,0.57,Low,1,1,0.722,1164.51,20.545,10.072,5.57,1
2.35,116.42,85.22,3083.46,49.5,15.4,31.9,5,M40,23.43,0.76,High,2,0,2.1305,273.59,9.706,17.807,11.29,2
12.25,68.98,88.0,1521.65,48.5,23.4,49.8,7,M40,5.13,0.54,Medium,2,2,2.2,845.0,6.831,2.77,21.61,2
3.41,18.02,36.98,3197.45,16.5,43.3,37.2,4,M20,17.63,1.18,Medium,0,2,1.849,61.45,4.024,20.803,23.55,1
3.4,45.57,83.48,3476.76,3.2,9.6,45.3,9,M40,1.67,0.68,Medium,2,2,2.087,154.94,0.352,1.136,13.41,0
8.08,95.93,51.31,460.71,33.1,-2.0,94.6505,6,M20,12.01,0.52,Medium,0,2,2.5655,775.11,5.426,6.245,17.04,1
8.91,44.72,27.93,892.38,43.1,19.4,81.9,6,M30,2.98,0.37,Low,1,1,0.931,398.46,7.066,1.103,32.27,2
8.72,11.36,64.7,3331.29,65.9,34.8,86.3,3,M40,16.33,0.94,High,2,0,1.6175,99.06,21.258,15.35,47.29,2
1.42,67.26,61.01,3358.31,69.7,-3.4,90.3,10,M20,15.04,0.23,High,0,0,3.0505,95.51,6.901,3.459,14.99,2
13.17,101.57,89.08,432.2,40.1,15.5,45.6,10,M20,1.22,0.69,High,0,0,4.454,1337.68,3.97,0.842,16.19,2
4.02,95.72,27.53,150.99,56.8,-8.9,42.3,5,M30,7.99,0.81,Low,1,1,0.9177,384.79,11.137,6.472,4.7,2
1.99,21.84,62.13,647.74,33.5,-8.0,37.6,10,M40,9.88,0.57,Low,2,1,1.5532,43.46,3.317,5.632,4.51,1
13.34,81.06,9.42,3478.6891000000005,56.2,19.0,82.3,6,M30,6.2,1.02,Low,1,1,0.314,1081.34,9.213,6.324,32.1,2
14.34,27.24,14.66,712.0,16.2,7.9,71.0,4,M30,0.97,0.94,Low,1,1,0.4887,390.62,3.951,0.912,19.81,1
12.94,26.97,5.67455,1808.66,28.5,40.7,37.7,3,M40,7.97,1.27,Low,2,1,0.1419,348.99,9.194,10.122,22.88,1
12.15,105.01,89.34050000000002,2984.62,47.9,26.1,48.3,5,M40,19.82,0.76,High,2,0,2.2335,1275.87,9.392,15.063,22.27,2
9.85,30.71,73.19,169.37,2.3,17.2,58.0,7,M40,9.0,0.79,Medium,2,2,1.8298,302.49,0.324,7.11,21.58,0
8.29,32.33,71.87,2155.26,54.5,14.5,59.6,6,M30,8.08,0.47,High,1,0,2.3957,268.02,8.934,3.798,20.56,2
1.35,1.5099,48.33,1041.89,62.8,19.8,86.7,2,M20,23.54,0.62,High,0,0,2.4165,2.04,29.905,14.595,34.51,2
6.16,104.61,30.51,3031.94,30.5,-7.6,48.5,1,M20,1.04,0.23,Medium,0,2,1.5255,644.4,27.727,0.239,6.01,1
5.62,95.32,17.86,1063.77,34.1,43.6,88.1,5,M40,19.18,0.96,Low,2,1,0.4465,535.7,6.686,18.413,56.03,1
3.93,75.65,29.2,2434.97,64.0,49.7,53.1,5,M40,12.08,0.54,Low,2,1,0.73,297.3,12.549,6.523,37.01,2
10.87,90.28,36.96,2392.35,58.4,0.9,76.0,6,M50,23.61,0.79,Medium,3,2,0.7392,981.34,9.574,18.652,15.88,2
7.46,19.09,69.29,853.08,22.3,-2.8,89.8,3,M20,9.84,0.48,High,0,0,3.4645,142.41,7.194,4.723,15.45,1
1.26,55.54,50.87,218.32,25.0,-1.4,88.1,1,M20,17.7,0.88,High,0,0,2.5435,69.98,22.727,15.576,16.39,1
3.34,42.8,11.59,1491.45,51.2,29.7,24.3,4,M20,1.75,0.69,Low,0,1,0.5795,142.95,12.488,1.208,12.08,2
10.26,12.16,6.53,1083.26,42.7,29.7,35.4,4,M20,23.22,0.73,Low,0,1,0.3265,124.76,10.415,16.951,17.59,2
1.19,58.85,13.7,2850.52,13.0,40.9,55.8,10,M30,8.61,1.24,Low,1,1,0.4567,70.03,1.287,10.676,33.98,0
12.78,110.57,39.89,2821.24,23.9,35.1,52.4,2,M50,13.1,0.98,Medium,3,2,0.7978,1413.08,11.381,12.838,28.87,1
7.45,5.77,84.32,1653.88,67.6,17.0,68.1,8,M30,3.46,0.49,High,1,0,2.8107,42.99,8.346,1.695,25.2,2
7.23,35.68,59.18,2162.14,51.9,26.8,90.9,6,M30,23.64,0.75,Medium,1,2,1.9727,257.97,8.508,17.73,42.54,2
8.91,25.7,73.16,2154.48,74.0,31.3,28.4,3,M40,16.82,0.71,Medium,2,2,1.829,228.99,23.871,11.942,14.57,2
12.38,29.34,44.64,2912.34,57.8,20.8,53.9,1,M20,1.35,1.07,High,0,0,2.232,363.23,52.545,1.445,21.99,2
5.25,109.1,35.74,1545.01,70.7,18.5,34.4,3,M40,3.88,1.12,Low,2,1,0.8935,572.78,22.806,4.346,13.24,2
10.19,56.7,14.21,1036.52,17.0,28.7,87.1,8,M30,10.0,0.51,Low,1,1,0.4737,577.77,2.099,5.1,42.42,1
8.51,56.49,79.45,1001.12,58.1,23.4,92.3,4,M20,5.42,1.1,High,0,0,3.9725,480.73,14.171,5.962,40.06,2
4.04,91.51,71.57,1923.05,2.5,28.6,55.9,3,M30,7.62,0.4,Medium,1,2,2.3857,369.7,0.806,3.048,27.17,0
13.19,19.38,19.29,1627.1,50.6,26.8,27.8,4,M30,24.90505,1.04,Medium,1,2,0.643,255.62,12.341,25.901,13.01,2
11.97,58.98,48.54,1596.41,35.7,33.2,78.9,4,M20,16.47,0.47,High,0,0,2.427,705.99,8.707,7.741,41.97,1
9.89,52.17,46.43,409.87,26.7,28.6,72.3,2,M20,23.06,0.53,High,0,0,2.3215,515.96,12.714,12.222,35.14,1
12.77,72.03,58.13,2543.25,64.8,21.2,46.6,4,M30,10.89,1.14,High,1,0,1.9377,919.82,15.805,12.415,19.2,2
13.02,119.42545,85.43,826.7,64.2,30.9,86.6,9,M20,17.76,0.66,High,0,0,4.2715,1554.92,7.055,11.722,44.08,2
10.64,92.56,54.28,769.64,2.7,17.0,93.2,4,M20,11.49,1.29,High,0,0,2.714,984.84,0.659,14.822,34.48,0
12.56,48.35,50.92,1503.38,46.1,4.5,61.8,1,M30,8.21,0.37,Medium,1,2,1.6973,607.28,41.909,3.038,15.14,2
10.48,99.48,9.28,874.45,28.2,-9.6505,62.4,1,M30,12.98,0.71,Low,1,1,0.3093,1042.55,25.636,9.216,6.46,1
10.22,21.31,10.35,2085.12,31.8,23.6,42.3,1,M40,10.68,1.01,Low,2,1,0.2588,217.79,28.909,10.787,18.44,1
9.3,4.63,20.92,1362.98,62.6,25.4,63.8,5,M50,24.51,0.21,Low,3,1,0.4184,43.06,12.275,5.147,28.97,2
11.3,25.33,7.76,1626.3,23.9,48.3,53.0,6,M40,12.4,0.37,Low,2,1,0.194,286.23,3.918,4.588,36.2,1
2.42,41.51,68.18,1926.38,70.8,11.7,42.7,6,M30,20.28,0.22,Medium,1,2,2.2727,100.45,11.607,4.462,13.54,2
13.22,61.76,66.48,792.02,14.3,13.6,25.0,6,M40,16.67,1.29,Medium,2,2,1.662,816.47,2.344,21.504,8.4,0
13.08,74.2,16.56,629.56,50.0,2.1,39.0,9,M30,11.99,1.04,Low,1,1,0.552,970.54,5.495,12.47,8.62,2
0.49,109.36,76.07,3093.43,50.7,-5.8,34.8,1,M20,11.85,0.61,High,0,0,3.8035,53.59,46.091,7.228,4.94,2
12.4,61.67,18.16,1574.66,19.7,36.4,60.7,10,M30,8.55,0.37,Low,1,1,0.6053,764.71,1.95,3.164,34.23,1
1.98,60.65,30.6,1501.12,25.0,5.0,65.1,6,M40,2.67,0.3,Low,2,1,0.765,120.09,4.098,0.801,16.27,1
5.06,6.98,26.16,221.08,62.8,26.5,65.6,8,M40,19.04,0.79,Low,2,1,0.654,35.32,7.753,15.042,30.5,2
11.17,5.15,36.65,1793.12,57.4,31.3,49.1,8,M50,22.95,1.27,Low,3,1,0.733,57.53,7.086,29.146,25.19,2
2.45,66.59,26.65,1984.18,25.4,18.3,51.6,3,M30,5.45,0.94,Low,1,1,0.8883,163.15,8.194,5.123,19.76,1
12.28,53.14,46.56,2000.06,40.5,42.6,82.6,5,M40,23.14,0.6,Medium,2,2,1.164,652.56,7.941,13.884,51.71,2
12.49,100.86,39.63,2503.91,5.6,16.6,55.7,10,M20,5.81,0.75,Medium,0,2,1.9815,1259.74,0.554,4.358,20.39,0
7.64,20.12,88.86,703.44,16.4,7.1,94.1,4,M30,13.25,1.29,High,1,0,2.962,153.72,4.0,17.092,25.5,1
0.17485,3.97,9.75,957.56,37.0,43.8,53.0,1,M50,8.59,0.77,Low,3,1,0.195,0.69,33.636,6.614,33.81,1
4.34,54.44,17.09,2856.48,7.4,41.7,68.7,9,M20,2.86,1.26,Low,0,1,0.8545,236.27,0.813,3.604,42.39,0
9.27,29.26,9.49,3320.38,63.4,-0.2,23.8,5,M20,1.32,0.22,Low,0,1,0.4745,271.24,12.431,0.29,4.71,2
14.72,6.9,58.2,562.17,54.1,-8.4,69.0,2,M30,9.13,0.99,High,1,0,1.94,101.57,25.762,9.039,8.0,2
9.5,87.23,9.63,1792.01,70.8,-4.6,83.9,2,M40,1.18,0.89,Low,2,1,0.2408,828.68,33.714,1.05,12.92,2
3.93,14.28,76.1,828.2,52.3,7.2,90.7,7,M20,2.61,0.95,High,0,0,3.805,56.12,7.366,2.48,24.67,2
9.53,73.39,48.51,304.25,70.6,48.3,94.6505,4,M30,3.56,0.83,Medium,1,2,1.617,699.41,17.22,2.955,64.65,2
8.12,34.44,49.8,1206.71,42.0,23.5,41.2,1,M20,0.13495,0.25,Medium,0,2,2.49,279.65,38.182,0.034,17.92,2
11.71,21.65,52.74,588.54,45.4,12.4,63.2,5,M30,3.83,0.36,Medium,1,2,1.758,253.52,8.902,1.379,20.48,2
1.65,46.19,19.52,2513.77,73.3,43.3,53.8,2,M50,14.43,1.21,Low,3,1,0.3904,76.21,34.905,17.46,34.06,2
11.43,96.37,21.8,1914.67,48.5,17.2,62.3,7,M20,20.49,0.46,Medium,0,2,1.09,1101.51,6.831,9.425,23.18,2
8.14,47.66,32.1,589.04,3.3,8.9,31.8,9,M20,4.84,1.29,Medium,0,2,1.605,387.95,0.363,6.244,9.19,0
14.45,90.34,55.45,131.42,54.6,46.5,84.2,1,M30,2.02,0.95,Medium,1,2,1.8483,1305.41,49.636,1.919,55.99,2
5.16,15.93,22.86,2847.73,68.0,41.0,88.2,2,M30,18.24,0.69,Low,1,1,0.762,82.2,32.381,12.586,53.8,2
9.51,92.96,14.89,699.06,59.9,40.6,53.7,6,M20,0.2,1.21,Low,0,1,0.7445,884.05,9.82,0.242,32.54,2
13.98,29.2,87.46,2161.14,44.2,20.7,41.0,8,M30,18.35,1.07,High,1,0,2.9153,408.22,5.457,19.635,16.69,2
1.58,81.61,6.87,1245.53,50.7,37.4,30.6,7,M50,3.28,0.67,Low,3,1,0.1374,128.94,7.141,2.198,17.56,2
14.06,68.33,73.23,2090.65,74.3,0.8,71.3,9,M30,5.71,0.28,High,1,0,2.441,960.72,8.165,1.599,14.83,2
10.33,111.57,71.98,1173.22,7.7,24.4,43.4,2,M30,3.0,1.16,High,1,0,2.3993,1152.52,3.667,3.48,19.27,0
1.06,47.09,30.26,395.59,50.4,49.0,88.2,9,M30,6.18,1.04,Low,1,1,1.0087,49.92,5.538,6.427,60.86,2
4.55,8.87,16.53,858.03,22.0,7.5,70.3,4,M30,19.95,1.07,Low,1,1,0.551,40.36,5.366,21.346,19.33,1
10.64,3.28,17.38,739.4,48.4,37.7,68.4,3,M20,3.31,1.02,Low,0,1,0.869,34.9,15.613,3.376,39.47,2
1.06,99.4,64.28,1555.27,46.0,19.4,62.0,7,M30,24.85,0.5,Medium,1,2,2.1427,105.36,6.479,12.425,24.43,2
8.75,63.44,59.64,2338.16,12.4,-7.6,23.4,5,M50,8.18,1.14,Medium,3,2,1.1928,555.1,2.431,9.325,2.9,0
5.22,93.25,71.53,996.94,16.3,35.8,89.9,5,M20,23.05,0.21,High,0,0,3.5765,486.76,3.196,4.84,50.16,1
9.33,28.9,84.69,141.04,47.0,0.1,67.1,2,M30,4.75,0.46,High,1,0,2.823,269.64,22.381,2.185,13.49,2
0.73,42.06,63.81,1864.39,10.5,27.9,94.6,6,M20,4.7,0.25,High,0,0,3.1905,30.7,1.721,1.175,45.31,0
13.08,4.58,18.25,2159.58,20.6,-4.9,60.3,6,M30,14.13,0.32,Low,1,1,0.6083,59.91,3.377,4.522,9.11,1
14.6,115.42,25.69,3373.76,62.8,46.8,73.3,4,M30,1.27,0.79,Medium,1,2,0.8563,1685.13,15.317,1.003,48.96,2
14.53,80.48,76.59,2104.2,25.2,7.5,24.2,5,M30,20.03,0.24,High,1,0,2.553,1169.37,4.941,4.807,6.65,1
11.26,112.05,22.79,1701.99,37.1,3.6,67.4,7,M30,10.99,0.4,Low,1,1,0.7597,1261.68,5.225,4.396,15.91,1
1.99,32.59,11.16,2049.57,70.6,-2.3,77.3,8,M20,17.48,0.46,Low,0,1,0.558,64.85,8.716,8.041,13.68,2
11.39,73.76,64.78,3254.86,17.8,46.8,78.4,6,M40,4.37,0.92,Medium,2,2,1.6195,840.13,2.918,4.02,52.37,1
0.42,81.74,39.21,2916.49,29.8,32.7,77.8,5,M30,16.06,0.72,Low,1,1,1.307,34.33,5.843,11.563,41.0,1
0.38,38.79,83.2,1198.13,45.9,34.5,37.0,3,M20,14.85,0.7,High,0,0,4.16,14.74,14.806,10.395,20.16,2
4.89,101.92,60.27,906.66,56.9,20.0,93.2,7,M50,18.89,1.05,Medium,3,2,1.2054,498.39,8.014,19.835,37.28,2
7.36,113.71,12.69,992.95,67.7,18.5,94.6,8,M20,7.44,0.7,Low,0,1,0.6345,836.91,8.358,5.208,36.42,2
11.57,106.3,85.57,1815.03,68.7,-3.4,25.7,3,M40,23.33,0.58,High,2,0,2.1392,1229.89,22.161,13.531,4.27,2
10.27,88.95,26.98,2629.77,58.5,23.6,90.2,5,M30,24.03,1.26,Medium,1,2,0.8993,913.52,11.471,30.278,39.33,2
6.72,34.02,33.66,1810.95,17.9,4.8,41.7,2,M30,21.7,0.21,Low,1,1,1.122,228.61,8.524,4.557,10.34,1
4.14,34.51,39.19,330.51,2.8,48.6,71.7,10,M20,14.3,0.54,Medium,0,2,1.9595,142.87,0.277,7.722,49.19,0
14.91505,115.64,9.35,2560.17,29.4,37.8,45.4,10,M30,10.51,0.87,Low,1,1,0.3117,1724.78,2.911,9.144,26.24,1
6.42,2.22,47.2,2840.3,11.5,14.8,92.6,4,M20,1.45,1.06,Medium,0,2,2.36,14.25,2.805,1.537,32.22,0
6.8,86.21,15.48,1084.29,53.6,-0.9,27.6,4,M40,23.68,1.1,Low,2,1,0.387,586.23,13.073,26.048,5.27,2
2.5,85.04,39.08,2358.03,49.9,37.1,57.3,8,M40,23.79,0.25,Low,2,1,0.977,212.6,6.16,5.948,32.72,2
11.93,75.1,34.81,1550.41,4.3,-2.7,52.1,3,M40,0.47,0.98,Low,2,1,0.8702,895.94,1.387,0.461,9.01,0
10.42,118.82,70.69,3123.01,62.9,1.4,44.5,5,M40,8.92,0.99,Medium,2,2,1.7672,1238.1,12.333,8.831,9.52,2
3.35,38.11,73.27,2973.77,19.4,2.7,68.4,5,M50,22.0,0.44,Medium,3,2,1.4654,127.67,3.804,9.68,15.53,1
1.28,41.46,18.04,1886.47,33.0,23.4,29.8,2,M30,2.02,0.32,Low,1,1,0.6013,53.07,15.714,0.646,12.93,1
10.22,10.39,36.16,2451.12,50.4,37.2,73.7,9,M40,4.91,1.02,Low,2,1,0.904,106.19,5.538,5.008,42.16,2
9.83,53.69,36.74,3103.39,32.8,8.9,93.5,4,M20,24.47,0.47,High,0,0,1.837,527.77,8.0,11.501,27.02,1
4.14,32.06,17.87,1785.44,33.7,-4.9,80.3,9,M40,21.18,0.21,Low,2,1,0.4468,132.73,3.703,4.448,12.13,1
14.27,41.86,72.87,1165.05,5.9,17.9,84.5,9,M40,22.8,0.45,Medium,2,2,1.8218,597.34,0.648,10.26,32.03,0
2.31,100.31,65.11,2662.46,30.7,34.9,47.0,2,M20,3.55,0.23,High,0,0,3.2555,231.72,14.619,0.816,25.8,1
6.51,112.32,21.18,848.23,57.6,3.3,44.4,9,M30,5.28,0.47,Low,1,1,0.706,731.2,6.33,2.482,10.35,2
14.16,23.1,36.17,1421.01,68.7,3.2,58.8,9,M50,15.14,0.57,Low,3,1,0.7234,327.1,7.549,8.63,13.64,2
6.32,45.33,13.99,3043.47,31.6,46.8,23.4,2,M20,12.54,0.5,Low,0,1,0.6995,286.49,15.048,6.27,15.63,1
9.6,111.51,58.4,2563.04,32.3,47.2,90.9,6,M30,7.46,1.21,Medium,1,2,1.9467,1070.5,5.295,9.027,61.08,1
5.99,8.36,15.32,1472.96,53.0,49.4,30.8,9,M30,22.1,0.46,Low,1,1,0.5107,50.08,5.824,10.166,21.38,2
4.15,11.99,88.8,830.13,70.8,38.5,87.7,4,M30,22.53,0.71,High,1,0,2.96,49.76,17.268,15.996,51.3,2
14.76,20.37,71.36,1310.29,20.8,1.3,26.3,2,M20,7.29,1.25,High,0,0,3.568,300.66,9.905,9.112,5.6,1
6.17,71.83,38.17,1065.95,33.6,2.7,81.7,7,M20,3.89,1.17,Medium,0,2,1.9085,443.19,4.732,4.551,18.55,1
13.42,18.91,54.18,698.7,59.9,10.4,31.4,9,M20,3.73,0.54,High,0,0,2.709,253.77,6.582,2.014,9.55,2
3.49,116.2,82.46,2627.33,46.1,9.1,22.9,6,M40,12.11,0.56,Medium,2,2,2.0615,405.54,7.557,6.782,6.66,2
3.24,54.16,52.1,957.04,9.2,47.4,74.0,4,M30,3.32,0.85,Medium,1,2,1.7367,175.48,2.244,2.822,49.88,0
0.52,60.68,19.83,1644.17,47.5,37.3,41.0,1,M30,11.83,1.21,Low,1,1,0.661,31.55,43.182,14.314,23.49,2
9.79,30.35,37.19,1411.92,14.8,33.4,73.6,4,M30,11.55,0.21,Low,1,1,1.2397,297.13,3.61,2.426,39.3,0
5.56,57.04,76.67,3439.06,38.8,1.2,61.6,3,M20,22.1,0.63,High,0,0,3.8335,317.14,12.516,13.923,13.06,1
12.97,79.77,59.76,1429.71,40.2,44.6,28.2,7,M50,7.41,1.13,Medium,3,2,1.1952,1034.62,5.662,8.373,18.22,2
7.12,90.39,60.31,371.94,65.8,39.7,89.9,10,M40,14.02,0.65,Medium,2,2,1.5078,643.58,6.515,9.113,53.67,2
14.52,90.71,78.68,405.41,35.2,-0.2,53.9,5,M30,18.59,0.99,High,1,0,2.6227,1317.11,6.902,18.404,10.67,1
2.82,69.77,80.99,2108.56,21.7,42.3,75.1,3,M30,14.9,0.96,High,1,0,2.6997,196.75,7.0,14.304,46.79,1
13.04,108.62,83.18,2137.84,18.1,6.3,57.6,2,M30,23.85,0.43,High,1,0,2.7727,1416.4,8.619,10.256,15.15,1
11.66,98.27,13.06,1523.78,65.7,-5.1,65.3,2,M30,15.06,0.69,Low,1,1,0.4353,1145.83,31.286,10.391,9.73,2
11.58,91.09,51.25,1568.27,13.7,29.4,42.7,5,M20,22.55,0.82,High,0,0,2.5625,1054.82,2.686,18.491,21.09,0
12.68,7.62,67.94,283.37,32.5,29.2,35.0,8,M30,6.13,0.99,Medium,1,2,2.2647,96.62,4.012,6.069,17.22,1
11.43,1.82,69.34,1856.26,14.9,-4.3,60.7,8,M50,14.02,1.1,Medium,3,2,1.3868,20.8,1.84,15.422,9.53,0
9.41,26.28,56.57,1816.11,58.2,9.1,53.0,5,M20,13.58,1.04,High,0,0,2.8285,247.29,11.412,14.123,15.42,2
2.01,79.96,19.18,608.47,36.1,49.6,49.3,2,M30,24.74,0.23,Low,1,1,0.6393,160.72,17.19,5.69,34.31,1
0.54,49.93,72.78,453.05,27.0,30.7,70.4,4,M20,5.11,0.94,High,0,0,3.639,26.96,6.585,4.803,35.69,1
13.82,48.89,66.21,520.15,27.7,33.8,71.8,7,M20,3.52,0.75,High,0,0,3.3105,675.66,3.901,2.64,38.63,1
9.27,106.27,12.32,443.5,64.1,2.8,23.4,6,M30,15.29,0.83,Low,1,1,0.4107,985.12,10.508,12.691,5.34,2
11.96,107.57,44.42,2173.01,42.0,-5.3,45.4,10,M20,5.59,0.61,Medium,0,2,2.221,1286.54,4.158,3.41,6.67,2
7.25,109.19,19.79,768.04,54.1,6.6,50.9,7,M50,15.98,0.99,Low,3,1,0.3958,791.63,7.62,15.82,13.54,2
1.8,38.35,33.69,954.86,67.4,4.9,27.3,5,M30,24.31,0.94,Low,1,1,1.123,69.03,13.216,22.851,6.8,2
1.92,83.24,6.54,690.15,67.7,4.1,37.7,2,M20,23.66,0.84,Low,0,1,0.327,159.82,32.238,19.874,9.09,2
10.3,33.32,39.03,3356.64,25.3,1.6,23.9,8,M30,5.78,1.15,Medium,1,2,1.301,343.2,3.123,6.647,5.16,1
6.48,23.68,51.74,3005.7,71.5,24.5,94.6505,2,M40,4.27,0.31,Medium,2,2,1.2935,153.45,34.048,1.324,42.12,2
3.05,22.97,57.66,883.68,2.8,9.7,75.2,8,M20,14.02,0.53,High,0,0,2.883,70.06,0.346,7.431,22.33,0
7.4,41.71,61.4,1213.73,28.9,39.2,26.6,7,M30,14.67,0.74,Medium,1,2,2.0467,308.65,4.07,10.856,15.75,1
1.01,52.16,76.08,813.64,67.3,1.0,21.5,3,M40,16.56,1.25,Medium,2,2,1.902,52.68,21.71,20.7,4.51,2
8.75,99.88,23.31,1772.38,21.3,17.9,73.9,4,M20,18.54,0.28,Low,0,1,1.1655,873.95,5.195,5.191,28.01,1
4.07,15.27,15.24,166.68,21.2,-9.2,52.9,7,M50,15.02,0.57,Low,3,1,0.3048,62.15,2.986,8.561,5.71,1
11.97,88.46,77.38,2382.65,23.4,18.9,79.0,4,M20,2.79,1.22,High,0,0,3.869,1058.87,5.707,3.404,30.73,1
4.69,64.24,18.31,1878.74,46.3,-6.6,89.3,9,M20,19.75,1.19,Low,0,1,0.9155,301.29,5.088,23.502,11.97,2
6.86,35.27,87.85,3155.37,33.4,48.7,64.9,7,M30,1.99,1.15,High,1,0,2.9283,241.95,4.704,2.288,44.59,1
0.22,59.65,76.62,658.94,54.8,37.4,34.0,1,M20,0.5,0.54,High,0,0,3.831,13.12,49.818,0.27,19.52,2
1.13,36.69,47.57,2833.97,67.2,19.4,78.7,1,M40,19.24,1.13,Medium,2,2,1.1892,41.46,61.091,21.741,31.01,2
5.92,71.93,88.42,2792.67,50.9,-4.8,91.7,4,M30,13.71,0.76,High,1,0,2.9473,425.83,12.415,10.42,13.94,2
7.23,52.63,13.28,532.42,16.1,25.5,63.5,9,M20,17.46,0.88,Low,0,1,0.664,380.51,1.769,15.365,28.89,1
9.02,20.56,30.76,1455.1,70.0,35.5,71.1,4,M50,9.57,0.46,Low,3,1,0.6152,185.45,17.073,4.402,39.46,2
4.41,14.87,59.25,678.52,20.6,1.4,45.3,5,M40,0.28,0.98,Low,2,1,1.4812,65.58,4.039,0.274,9.69,1
10.44,66.06,34.75,966.05,12.1,24.1,48.6,1,M30,8.28,0.56,Low,1,1,1.1583,689.67,11.0,4.637,21.43,0
12.91,108.39,83.91,995.04,7.7,38.9,75.1,2,M30,15.2,0.58,High,1,0,2.797,1399.31,3.667,8.816,44.23,0
11.71,41.93,10.58,1991.2,42.7,36.1,89.6,4,M20,5.64,0.9,Low,0,1,0.529,491.0,10.415,5.076,50.27,2
0.64,88.23,51.7,1498.8,9.4,38.2,67.2,4,M40,17.2,0.46,Low,2,1,1.2925,56.47,2.293,7.912,39.11,0
7.23,79.38,55.22,3322.29,11.3,42.8,79.2,10,M40,19.86,0.45,Medium,2,2,1.3805,573.92,1.119,8.937,49.74,0
1.62,111.86,60.48,529.66,23.2,46.3,32.9,6,M20,11.36,0.61,High,0,0,3.024,181.21,3.803,6.93,21.81,1
3.67,98.7,26.73,3410.55,21.8,14.3,35.9,6,M30,21.89,1.06,Low,1,1,0.891,362.23,3.574,23.203,12.31,1
14.8,68.43,35.99,884.17,45.7,24.1,59.9,8,M30,21.37,0.45,Medium,1,2,1.1997,1012.76,5.642,9.616,26.42,2
2.18,79.19,76.71,2727.77,61.4,37.4,33.2,9,M30,21.95,1.07,High,1,0,2.557,172.63,6.747,23.486,19.06,2
7.51,107.91,21.57,1252.5,57.3,31.8,67.6,1,M40,16.53,0.97,Low,2,1,0.5392,810.4,52.091,16.034,35.02,2
9.29,48.54,75.28,586.48,20.4,49.7,41.9,1,M20,7.62,0.95,High,0,0,3.764,450.94,18.545,7.239,29.2,1
10.55,39.89,52.83,3016.82,19.2,-9.2,79.4,6,M20,12.03,0.72,High,0,0,2.6415,420.84,3.148,8.662,8.58,1
8.42,2.29,69.79,1150.13,72.5,11.3,80.6,4,M20,17.76,1.02,High,0,0,3.4895,19.28,17.683,18.115,25.23,2
0.2,99.36,65.66,2340.11,1.6,6.9,54.8,4,M30,5.26,0.21,Medium,1,2,2.1887,19.87,0.39,1.105,14.74,0
4.93,96.32,22.64,2025.91,66.1,5.7,33.6,1,M20,18.47,0.54,Medium,0,2,1.132,474.86,60.091,9.974,8.64,2
7.79,13.43,53.35,1703.97,15.8,3.4,68.5,9,M40,13.7,0.95,Medium,2,2,1.3338,104.62,1.736,13.015,16.03,1
1.36,69.65,78.76,1785.79,71.1,32.5,94.5,3,M40,2.4,1.29,Medium,2,2,1.969,94.72,22.935,3.096,49.61,2
5.29,56.21,41.73,2589.61,26.3,-4.9,66.7,5,M20,13.93,0.21,Medium,0,2,2.0865,297.35,5.157,2.925,10.07,1
0.55,15.13,87.16,398.43,33.6,34.5,22.7,10,M40,1.67,0.76,Low,2,1,2.179,8.32,3.327,1.269,12.37,1
1.22,117.69,43.44,2371.81,53.3,31.6,21.3,1,M40,0.36,1.22,Low,2,1,1.086,143.58,48.455,0.439,10.99,2
5.98,26.55,17.14,3145.76,44.5,5.0,44.0,8,M20,22.24,1.15,Medium,0,2,0.857,158.77,5.494,25.576,11.0,2
2.03,9.0,38.1,296.48,24.5,5.2,34.7,3,M20,12.25,0.23,Medium,0,2,1.905,18.27,7.903,2.818,8.74,1
8.53,71.79,85.89,578.22,42.0,27.7,81.0,1,M20,13.58,0.78,High,0,0,4.2945,612.37,38.182,10.592,38.64,2
10.36,88.93,32.18,2536.55,55.1,35.7,83.4,10,M20,7.0,0.21,Medium,0,2,1.609,921.31,5.455,1.47,46.45,2
12.02,4.86,78.79,1586.76,4.1,42.6,39.4,6,M40,13.57,1.07,Medium,2,2,1.9698,58.42,0.672,14.52,24.66,0
3.04,79.39,79.91,1472.07,1.8,41.1,44.4,1,M30,4.22,0.54,Medium,1,2,2.6637,241.35,1.636,2.279,27.13,0
2.55,64.34,34.77,565.69,34.9,47.9,37.7,3,M50,18.64,1.04,Low,3,1,0.6954,164.07,11.258,19.386,25.6,1
1.61,13.29,12.08,1823.02,10.8,24.9,88.1,5,M40,20.58,1.24,Low,2,1,0.302,21.4,2.118,25.519,39.56,0
9.56,21.53,66.59,530.25,50.2,44.5,57.7,4,M20,21.4,1.27,High,0,0,3.3295,205.83,12.244,27.178,37.22,2
10.61,68.59,31.48,1720.51,16.8,38.5,69.2,7,M40,2.67,1.18,Low,2,1,0.787,727.74,2.366,3.151,40.48,1
0.52,36.27,71.55,2696.29,33.0,43.7,51.2,6,M20,13.94,0.42,High,0,0,3.5775,18.86,5.41,5.855,32.61,1
14.05,112.66,42.63,978.1,15.6,-9.3,67.3,3,M20,20.22,0.41,High,0,0,2.1315,1582.87,5.032,8.29,7.2,1
0.83,98.43,46.25,1734.67,41.6,48.0,48.9,8,M30,3.21,0.89,Low,1,1,1.5417,81.7,5.136,2.857,33.25,2
8.14,118.04,71.12,3472.85,9.6,18.4,45.5,8,M30,2.49,0.8,Medium,1,2,2.3707,960.85,1.185,1.992,17.47,0
10.65,31.9,37.5,2434.61,2.7,37.9,67.6,2,M30,20.42,0.21,Medium,1,2,1.25,339.74,1.286,4.288,39.14,0
13.07,116.4,42.67,2960.61,4.8,-2.4,64.3,7,M40,19.92,0.63,Medium,2,2,1.0668,1521.35,0.676,12.55,11.32,0
10.73,52.32,36.98,1510.48,71.6,13.8,42.0,1,M40,11.22,1.2,Medium,2,2,0.9245,561.39,65.091,13.464,14.2,2
12.04,42.35,36.22,2710.73,11.5,6.3,31.2,2,M30,2.74,1.19,Medium,1,2,1.2073,509.89,5.476,3.261,8.21,0
5.12,6.99,49.71,237.73,53.4,7.5,47.6,8,M30,12.9,0.42,Medium,1,2,1.657,35.79,6.593,5.418,13.09,2
12.23,7.28,73.75,517.9,6.0,-2.6,51.1,1,M30,9.87,0.62,High,1,0,2.4583,89.03,5.455,6.119,8.89,0
1.25,83.35,35.75,790.44,9.0,38.3,67.2,2,M40,12.96,0.82,Low,2,1,0.8938,104.19,4.286,10.627,39.18,0
13.43,55.49,49.56,1466.64,38.7,-9.4,88.6,1,M20,11.0,1.14,High,0,0,2.478,745.23,35.182,12.54,9.39,1
8.24,27.96,62.01,2975.53,35.4,8.8,22.7,5,M50,14.21,0.79,Medium,3,2,1.2402,230.39,6.941,11.226,6.54,1
12.27,74.06,27.9,1277.3,71.4,0.5,38.3,7,M40,18.18,1.27,Low,2,1,0.6975,908.72,10.056,23.089,7.85,2
6.81,31.09,28.59,2325.71,70.9,25.3,34.5,6,M30,19.37,1.08,Low,1,1,0.953,211.72,11.623,20.92,15.63,2
9.67,69.74,84.34,2511.67,58.7,5.3,57.7,6,M50,16.22,1.25,Medium,3,2,1.6868,674.39,9.623,20.275,14.6,2
7.92,43.75,66.5,2093.02,45.6,5.5,52.2,6,M50,4.97,1.0,Medium,3,2,1.33,346.5,7.475,4.97,13.31,2
10.99,99.0,54.06,1314.62,34.7,19.3,74.7,8,M20,9.93,1.17,High,0,0,2.703,1088.01,4.284,11.618,29.36,1
1.27,98.66,60.06,2061.98,27.4,29.2,38.2,5,M20,1.78,1.11,High,0,0,3.003,125.3,5.373,1.976,18.79,1
0.95,57.8,7.49,1263.7,71.1,-2.7,64.6,10,M40,11.29,0.48,Low,2,1,0.1872,54.91,7.04,5.419,11.18,2
3.74,42.75,57.54,385.17,45.6,0.5,86.3,7,M50,24.26,0.45,Low,3,1,1.1508,159.89,6.423,10.917,17.69,2
2.44,44.14,48.31,3475.53,43.9,4.8,88.3,3,M40,16.04,1.15,Medium,2,2,1.2078,107.7,14.161,18.446,21.9,2
13.08,96.88,51.39,532.42,18.2,48.4,91.9,9,M30,3.87,0.29,Low,1,1,1.713,1267.19,2.0,1.122,62.86,1
3.33,40.05,35.55,345.98,4.5,13.8,78.0,10,M40,6.71,0.65,Low,2,1,0.8888,133.37,0.446,4.362,26.36,0
14.64,25.88,11.93,3087.0,70.9,25.9,87.9,3,M20,1.61,1.1,Low,0,1,0.5965,378.88,22.871,1.771,40.35,2
5.09,11.08,21.43,1126.24,24.2,4.5,37.6,6,M50,4.56,1.09,Low,3,1,0.4286,56.4,3.967,4.97,9.21,1
2.77,56.54,85.81,2311.01,33.8,19.4,34.8,3,M30,12.2,0.35,High,1,0,2.8603,156.62,10.903,4.27,13.71,1
11.86,58.37,39.74,1218.62,9.5,-5.6,20.5,1,M50,8.62,0.74,Low,3,1,0.7948,692.27,8.636,6.379,2.95,0
9.9,101.07,44.67,1430.94,62.9,-7.9,73.0,1,M30,5.1,0.73,Medium,1,2,1.489,1000.59,57.182,3.723,8.83,2
7.5,27.33,9.48,991.18,3.0,18.1,90.3,3,M50,3.66,0.56,Low,3,1,0.1896,204.98,0.968,2.05,34.4,0
8.35,46.34,8.19,1266.35,62.7,13.9,34.0,4,M30,16.4,1.21,Low,1,1,0.273,386.94,15.293,19.844,11.53,2
10.8,97.2,65.96,1496.38,11.4,-1.8,67.8,2,M40,13.95,0.92,Medium,2,2,1.649,1049.76,5.429,12.834,12.34,0
3.47,99.01,50.74,2549.41,66.6,31.3,76.0,9,M50,21.07,1.28,Medium,3,2,1.0148,343.56,7.319,26.97,38.99,2
14.91505,46.77,48.24,1839.22,55.0,49.6,89.6,8,M30,4.58,0.27,Medium,1,2,1.608,697.58,6.79,1.237,62.36,2
14.62,55.64,25.67,3308.12,13.2,13.7,68.5,3,M40,21.2,0.63,Medium,2,2,0.6418,813.46,4.258,13.356,23.08,0
9.77,37.09,68.3,242.39,42.9,27.5,92.8,7,M20,14.45,1.12,High,0,0,3.415,362.37,6.042,16.184,44.08,2
3.03,111.97,19.3,1810.43,24.1,47.8,45.9,4,M30,6.66,0.66,Low,1,1,0.6433,339.27,5.878,4.396,31.12,1
10.22,15.12,21.14,2086.36,14.2,39.9,46.2,5,M40,6.84,0.49,Low,2,1,0.5285,154.53,2.784,3.352,27.67,0
1.13,112.12,44.16,3228.67,64.6,17.8,60.7,4,M20,9.76,1.29,High,0,0,2.208,126.7,15.756,12.59,22.94,2
0.51,82.38,29.33,267.14,30.9,34.2,48.8,9,M40,11.5,1.16,Low,2,1,0.7332,42.01,3.396,13.34,26.45,1
3.9,64.26,26.03,2049.9,30.5,-2.3,20.3,7,M40,2.06,0.8,Low,2,1,0.6508,250.61,4.296,1.648,3.59,1
6.97,4.89,59.85,3002.34,13.6,20.7,74.9,4,M20,21.05,0.82,High,0,0,2.9925,34.08,3.317,17.261,30.48,0
13.03,57.6,60.33,922.55,29.3,6.7,76.4,8,M20,3.04,0.21,High,0,0,3.0165,750.53,3.617,0.638,20.4,1
10.92,49.52,75.08,3079.39,65.5,-0.3,76.0,2,M30,12.09,1.28,High,1,0,2.5027,540.76,31.19,15.475,14.97,2
11.15,20.19,40.51,164.75,27.9,15.6,45.9,7,M20,9.57,1.09,Medium,0,2,2.0255,225.12,3.93,10.431,16.34,1
6.41,79.11,11.21,2590.35,71.4,-2.1,59.2,1,M50,12.81,0.24,Low,3,1,0.2242,507.1,64.909,3.074,10.6,2
5.22,116.57,28.26,3272.58,71.0,31.9,47.0,8,M40,22.19,0.39,Low,2,1,0.7065,608.5,8.765,8.654,24.39,2
5.6,67.9,88.3,2334.47,11.7,17.4,21.2,6,M30,24.73,1.1,High,1,0,2.9433,380.24,1.918,27.203,7.93,0
14.82,86.06,55.68,1592.7,14.1,21.9,62.2,5,M20,0.51,0.3,High,0,0,2.784,1275.41,2.765,0.153,26.06,0
0.65,9.15,65.33,252.6,64.8,-1.2,29.3,9,M40,9.83,1.24,Low,2,1,1.6332,5.95,7.121,12.189,5.51,2
13.01,50.7,5.67455,3228.39,30.1,-1.6,26.0,9,M30,20.44,1.29,Low,1,1,0.1892,659.61,3.308,26.368,4.78,1
8.7,14.85,49.05,1699.01,1.4,25.0,76.7,3,M20,8.17,1.18,High,0,0,2.4525,129.2,0.452,9.641,34.52,0
6.61,73.92,8.19,198.59,21.3,49.1,20.7,9,M30,16.23,1.01,Low,1,1,0.273,488.61,2.341,16.392,14.3,1
10.89,112.68,53.38,2445.39,45.2,-4.2,91.9,9,M40,24.81,0.74,Medium,2,2,1.3345,1227.09,4.967,18.359,14.52,2
7.33,79.75,83.27,1738.25,60.1,7.1,58.6,2,M20,16.17,0.29,High,0,0,4.1635,584.57,28.619,4.689,15.88,2
13.11,10.14,87.32,522.77,10.9,42.2,93.7,5,M30,2.78,1.0,High,1,0,2.9107,132.94,2.137,2.78,58.28,0
13.52,43.21,50.95,828.52,9.2,-5.7,24.3,2,M50,21.07,0.64,Low,3,1,1.019,584.2,4.381,13.485,3.47,0
6.35,66.53,43.95,319.27,69.2,42.6,63.8,1,M20,24.17,0.83,High,0,0,2.1975,422.47,62.909,20.061,39.94,2
4.19,48.98,85.33,2052.6,56.6,21.5,46.2,7,M40,17.81,0.52,Medium,2,2,2.1332,205.23,7.972,9.261,19.17,2
8.91,100.2,62.26,2214.9,44.6,14.5,83.3,4,M30,10.48,0.47,Medium,1,2,2.0753,892.78,10.878,4.926,28.74,2
13.69,97.95,10.52,1819.52,57.9,8.6,47.1,5,M20,23.71,0.56,Low,0,1,0.526,1340.94,11.353,13.278,13.47,2
3.2,73.81,44.59,2878.15,32.7,7.8,39.5,4,M20,24.21,1.1,High,0,0,2.2295,236.19,7.976,26.631,10.98,1
9.36,45.44,25.42,3027.43,57.1,8.3,84.3,6,M20,23.38,0.67,Medium,0,2,1.271,425.32,9.361,15.665,23.86,2
9.49,31.39,44.93,2193.12,28.5,43.1,48.1,2,M20,10.3,0.54,High,0,0,2.2465,297.89,13.571,5.562,30.35,1
11.01,13.6,43.71,143.37,19.1,33.4,21.3,8,M20,19.74,0.68,Medium,0,2,2.1855,149.74,2.358,13.423,11.37,1
2.02,43.23,54.48,2463.78,54.9,30.2,49.3,4,M30,16.35,0.24,Medium,1,2,1.816,87.32,13.39,3.924,24.75,2
10.75,50.17,35.33,1521.2,32.1,37.9,69.1,8,M20,4.49,1.18,Medium,0,2,1.7665,539.33,3.963,5.298,40.01,1
13.64,81.42,18.96,2022.9,73.6,5.4,39.1,3,M40,13.39,0.81,Low,2,1,0.474,1110.57,23.742,10.846,9.93,2
2.74,79.32,47.82,2306.87,26.9,27.1,52.4,5,M40,18.69,0.32,Low,2,1,1.1955,217.34,5.275,5.981,24.68,1
3.6,9.34,75.57,1290.8,69.2,17.6,24.3,3,M40,22.4,0.52,Medium,2,2,1.8892,33.62,22.323,11.648,9.14,2
14.57,48.04,61.44,3218.13,70.0,36.9,64.1,7,M30,21.56,1.28,High,1,0,2.048,699.94,9.859,27.597,36.47,2
2.76,22.63,33.76,555.51,18.9,8.6,76.7,3,M50,3.87,0.85,Low,3,1,0.6752,62.46,6.097,3.29,21.94,1
12.82,19.66,84.52,2383.14,60.1,28.6,51.0,8,M20,12.2,0.52,High,0,0,4.226,252.04,7.42,6.344,24.79,2
7.41,99.45,82.54,114.82,33.0,42.9,51.5,9,M20,11.96,0.67,High,0,0,4.127,736.92,3.626,8.013,32.39,1
3.75,5.99,22.79,3243.81,68.9,14.1,26.6,2,M20,22.47,0.48,Medium,0,2,1.1395,22.46,32.81,10.786,9.07,2
13.07,50.88,8.35,482.51,34.3,-6.0,35.1,3,M40,0.13495,0.23,Low,2,1,0.2088,665.0,11.065,0.031,4.91,1
6.71,21.02,68.01,422.61,56.1,21.0,31.6,7,M40,18.47,1.13,Medium,2,2,1.7002,141.04,7.901,20.871,12.96,2
7.75,105.64,75.35,1232.23,35.6,10.8,56.1,5,M30,15.47,0.52,High,1,0,2.5117,818.71,6.98,8.044,17.28,1
5.42,67.29,87.27,1370.13,17.9,30.3,59.7,10,M30,23.04,1.12,High,1,0,2.909,364.71,1.772,25.805,30.03,1
8.91,28.53,80.64,828.62,15.8,47.1,91.2,7,M40,11.42,0.73,Medium,2,2,2.016,254.2,2.225,8.337,61.2,1
2.49,60.79,56.05,2089.41,32.5,19.1,25.5,2,M20,16.44,0.4,High,0,0,2.8025,151.37,15.476,6.576,9.97,1
5.9,88.05,50.05,1605.91,56.9,18.0,65.0,4,M30,24.32,1.08,Medium,1,2,1.6683,519.5,13.878,26.266,24.7,2
14.54,115.02,7.37,216.2,45.8,29.3,59.5,1,M30,18.6,0.61,Low,1,1,0.2457,1672.39,41.636,11.346,29.33,2
3.91,27.23,25.97,1186.82,52.0,-3.8,58.7,5,M20,1.68,0.98,Low,0,1,1.2985,106.47,10.196,1.646,9.51,2
9.87,106.46,44.07,2855.47,21.9,5.2,85.5,8,M20,4.19,1.12,Medium,0,2,2.2035,1050.76,2.704,4.693,21.55,1
4.91,112.18,58.42,2444.99,36.6,45.1,35.4,1,M40,20.54,1.26,Medium,2,2,1.4605,550.8,33.273,25.88,23.05,1
11.61,110.05,52.37,2564.56,4.3,30.2,23.1,7,M30,8.37,0.29,Medium,1,2,1.7457,1277.68,0.606,2.427,11.6,0
2.01,76.61,68.12,2473.6,61.5,-9.2,70.4,7,M30,17.65,0.21,Medium,1,2,2.2707,153.99,8.662,3.706,7.6,2
14.55,75.95,28.78,1157.31,74.3,2.3,45.9,7,M30,17.5,0.8,Low,1,1,0.9593,1105.07,10.465,14.0,10.24,2
6.83,48.98,53.02,438.86,31.1,31.0,21.3,1,M50,24.84,0.49,Low,3,1,1.0604,334.53,28.273,12.172,10.86,1
3.58,90.54,12.49,1026.39,1.8,35.9,38.9,3,M30,11.75,0.72,Low,1,1,0.4163,324.13,0.581,8.46,21.75,0
1.15,64.22,40.16,2928.07,13.6,40.4,43.2,2,M20,18.45,0.28,Medium,0,2,2.008,73.85,6.476,5.166,26.09,0
2.59,81.62,68.76,3433.6,49.3,7.5,66.3,5,M30,1.22,0.75,Medium,1,2,2.292,211.4,9.667,0.915,18.23,2
7.82,51.99,63.94,1779.08,46.3,45.9,32.9,2,M30,11.56,0.34,Medium,1,2,2.1313,406.56,22.048,3.93,21.68,2
5.09,88.05,89.2,132.98,59.3,23.2,51.0,5,M20,4.67,1.12,High,0,0,4.46,448.17,11.627,5.23,22.03,2
12.44,99.11,28.62,576.15,19.8,31.8,56.2,5,M30,21.01,1.04,Medium,1,2,0.954,1232.93,3.882,21.85,29.11,1
6.49,18.43,47.35,1195.07,57.5,25.8,54.4,4,M30,21.0,0.28,Medium,1,2,1.5783,119.61,14.024,5.88,24.92,2
3.77,100.12,33.01,2067.19,51.9,-2.6,93.0,7,M30,5.91,1.12,Low,1,1,1.1003,377.45,7.31,6.619,16.18,2
9.28,65.3,42.45,355.32,24.9,47.8,23.4,10,M30,7.96,0.56,Low,1,1,1.415,605.98,2.465,4.458,15.87,1
10.62,101.52,77.84,3307.41,41.4,-2.6,91.3,6,M40,17.56,0.59,Medium,2,2,1.946,1078.14,6.787,10.36,15.89,2
2.55,52.32,63.16,1341.28,11.9,5.3,63.6,2,M50,18.46,0.4,Low,3,1,1.2632,133.42,5.667,7.384,16.09,0
2.56,46.11,80.01,3202.79,34.5,38.8,79.7,4,M50,16.44,1.12,Medium,3,2,1.6002,118.04,8.415,18.413,46.86,1
0.6,109.89,22.3,2753.77,66.2,27.1,52.3,7,M40,24.90505,0.65,Low,2,1,0.5575,65.93,9.324,16.188,24.63,2
11.06,30.89,79.24,2668.49,32.2,40.3,54.0,9,M30,21.72,0.25,High,1,0,2.6413,341.64,3.538,5.43,32.56,1
9.97,101.46,10.08,2162.85,63.1,20.9,85.9,9,M40,10.43,1.26,Low,2,1,0.252,1011.56,6.934,13.142,35.13,2
7.15,58.6,80.53,2231.06,44.7,12.6,87.2,3,M40,8.17,0.48,Medium,2,2,2.0133,418.99,14.419,3.922,28.43,2
12.67,62.18,32.97,2269.21,15.2,45.3,37.9,1,M40,14.92,1.23,Medium,2,2,0.8242,787.82,13.818,18.352,24.75,1
12.09,37.71,31.74,2237.65,44.0,-7.8,34.9,9,M20,20.44,0.53,Medium,0,2,1.587,455.91,4.835,10.833,4.26,2
8.8,69.19,48.53,1982.68,38.4,41.4,57.2,8,M20,11.88,1.11,High,0,0,2.4265,608.87,4.741,13.187,35.12,1
13.03,39.7,84.96,3453.81,30.5,3.8,87.5,7,M50,18.44,0.93,Medium,3,2,1.6992,517.29,4.296,17.149,20.82,1
3.13,5.67,9.06,2589.79,9.9,40.9,44.2,6,M50,0.48,1.15,Low,3,1,0.1812,17.75,1.623,0.552,26.92,0
1.72,33.37,34.94,2741.62,31.8,-1.6,68.9,10,M30,23.15,1.27,Medium,1,2,1.1647,57.4,3.149,29.4,12.68,1
4.08,1.76,77.81,3066.37,6.4,24.8,73.1,7,M50,19.35,1.16,Medium,3,2,1.5562,7.18,0.901,22.446,32.75,0
0.9,117.42,38.66,833.18,8.3,43.3,78.4,9,M40,9.85,0.64,Low,2,1,0.9665,105.68,0.912,6.304,49.63,0
7.99,115.92,21.93,384.93,31.8,18.4,62.3,6,M30,9.6,1.1,Low,1,1,0.731,926.2,5.213,10.56,23.92,1
14.05,48.02,41.11,1741.84,23.6,34.8,50.2,10,M30,2.57,0.98,Medium,1,2,1.3703,674.68,2.337,2.519,27.51,1
0.64,87.68,37.77,1847.87,69.5,38.3,92.5,3,M30,20.4,0.27,Medium,1,2,1.259,56.12,22.419,5.508,53.93,2
1.88,42.15,82.81,2919.22,28.8,34.2,65.8,3,M30,19.22,1.22,High,1,0,2.7603,79.24,9.29,23.448,35.66,1
6.81,80.86,69.76,1608.86,57.1,45.5,74.6,4,M50,15.76,0.71,Medium,3,2,1.3952,550.66,13.927,11.19,48.86,2
14.01,96.85,47.93,2040.9,40.2,16.8,45.9,10,M30,2.54,0.35,Medium,1,2,1.5977,1356.87,3.98,0.889,16.89,2
4.78,113.66,89.01,1892.04,53.1,0.4,70.2,10,M40,6.56,0.67,Medium,2,2,2.2252,543.29,5.257,4.395,14.32,2
7.63,48.63,44.55,229.89,20.2,-7.1,39.3,8,M40,11.47,0.86,Low,2,1,1.1138,371.05,2.494,9.864,5.07,1
0.67,94.21,9.95,2191.73,70.7,4.8,38.4,10,M20,6.65,0.83,Low,0,1,0.4975,63.12,7.0,5.52,9.52,2
2.27,32.65,27.29,2915.35,40.2,-1.4,73.6,9,M20,10.85,0.83,Low,0,1,1.3645,74.12,4.418,9.006,13.69,2
14.8,118.85,42.07,635.5,62.5,23.5,59.1,8,M40,5.65,0.48,Low,2,1,1.0518,1758.98,7.716,2.712,25.71,2
14.48,4.07,18.34,2120.73,28.0,1.1,71.2,10,M20,8.74,0.9,Low,0,1,0.917,58.93,2.772,7.866,15.02,1
0.17485,72.82,85.54,2118.28,8.4,-7.7,40.2,2,M40,16.31,1.2,Medium,2,2,2.1385,12.73,4.0,19.572,4.94,0
14.28,79.48,70.18,658.23,50.9,-7.8,64.9,4,M20,22.31,0.63,High,0,0,3.509,1134.97,12.415,14.055,7.92,2
9.6,82.88,27.8,519.78,1.6,39.9,53.3,4,M30,9.63,0.89,Low,1,1,0.9267,795.65,0.39,8.571,31.93,0
13.03,15.33,55.22,3432.18,36.2,25.5,64.8,2,M20,17.3,0.47,High,0,0,2.761,199.75,17.238,8.131,29.48,1
6.85,112.69,66.32,1438.65,15.3,11.5,41.8,8,M20,3.37,0.25,High,0,0,3.316,771.93,1.889,0.842,13.17,1
7.76,22.56,85.01,873.23,47.4,43.7,73.7,3,M20,13.52,0.84,High,0,0,4.2505,175.07,15.29,11.357,46.95,2
7.36,75.11,79.94,682.5,73.5,-5.8,80.4,2,M50,23.04,0.25,Medium,3,2,1.5988,552.81,35.0,5.76,11.42,2
10.02,27.5,48.79,2369.85,35.4,48.8,39.5,7,M30,0.7,1.0,Medium,1,2,1.6263,275.55,4.986,0.7,27.18,1
2.14,37.56,70.85,2172.11,61.5,27.0,42.5,1,M50,6.69,0.94,Medium,3,2,1.417,80.38,55.909,6.289,19.97,2
0.5,66.03,52.78,2288.08,38.6,1.0,69.6,6,M50,3.31,0.61,Low,3,1,1.0556,33.02,6.328,2.019,14.62,1
4.65,50.65,51.98,399.22,37.7,30.7,72.2,3,M50,13.33,0.65,Low,3,1,1.0396,235.52,12.161,8.664,36.61,1
10.58,20.07,14.75,3138.02,69.9,35.8,72.8,3,M30,16.99,1.21,Medium,1,2,0.4917,212.34,22.548,20.558,40.62,2
3.07,21.34,15.72,1423.51,66.9,15.8,71.2,5,M40,1.44,0.21,Low,2,1,0.393,65.51,13.118,0.302,25.49,2
10.12,50.76,50.01,1165.46,59.1,41.7,49.5,3,M20,1.76,0.82,High,0,0,2.5005,513.69,19.065,1.443,30.54,2
14.55,91.12,27.85,1672.03,22.9,-1.0,49.6,4,M20,21.74,1.22,Medium,0,2,1.3925,1325.8,5.585,26.523,9.42,1
1.45,107.86,6.79,1426.22,41.3,6.7,39.1,3,M40,11.41,1.21,Low,2,1,0.1698,156.4,13.323,13.806,10.44,2
10.11,11.01,66.44,3036.16,17.6,-4.4,31.8,7,M20,11.57,0.84,High,0,0,3.322,111.31,2.479,9.719,4.96,1
6.68,47.78,7.76,3259.49,33.8,2.7,71.9,3,M50,23.61,0.62,Low,3,1,0.1552,319.17,10.903,14.638,16.32,1
13.03,12.93,55.6,1131.74,36.8,4.3,27.0,10,M40,8.01,0.31,Low,2,1,1.39,168.48,3.644,2.483,6.56,1
2.7,2.97,50.83,3037.38,62.5,45.1,90.3,4,M30,22.43,0.39,Medium,1,2,1.6943,8.02,15.244,8.748,58.79,2
10.4,79.74,87.35,2757.18,67.3,-5.3,82.0,2,M20,24.36,0.95,High,0,0,4.3675,829.3,32.048,23.142,12.05,2
12.58,72.69,46.16,3264.75,31.7,15.6,84.3,2,M40,6.04,0.22,Medium,2,2,1.154,914.44,15.095,1.329,30.01,1
14.17,20.4,10.41,935.55,2.3,21.9,88.0,9,M30,12.85,1.17,Low,1,1,0.347,289.07,0.253,15.034,36.87,0
10.26,28.82,51.89,2061.66,64.8,43.9,50.6,1,M40,13.36,0.85,Medium,2,2,1.2972,295.69,58.909,11.356,32.33,2
7.48,3.82,76.49,1033.45,13.9,49.7,83.5,1,M30,21.65,0.25,High,1,0,2.5497,28.57,12.636,5.412,58.2,0
9.29,100.36,89.34050000000002,2901.92,47.0,35.2,31.9,10,M20,7.6,0.46,High,0,0,4.467,932.34,4.653,3.496,17.61,2
13.04,116.99,41.58,118.1,2.8,48.2,21.6,1,M30,19.95,0.85,Medium,1,2,1.386,1525.55,2.545,16.958,14.73,0
8.58,17.12,32.23,2020.39,30.6,37.2,78.9,3,M30,24.28,0.24,Medium,1,2,1.0743,146.89,9.871,5.827,45.13,1
0.5,28.55,82.07,1253.29,74.0,47.8,25.6,2,M20,21.01,1.06,High,0,0,4.1035,14.28,35.238,22.271,17.36,2
13.97,104.34,21.26,1197.12,8.5,32.4,94.1,3,M20,22.73,1.21,Medium,0,2,1.063,1457.63,2.742,27.503,49.31,0
10.36,111.25,57.31,2292.68,32.4,-5.2,70.6,5,M30,17.71,1.26,High,1,0,1.9103,1152.55,6.353,22.315,10.45,1
10.16,50.94,39.49,2995.05,23.7,14.1,76.5,9,M40,22.6,1.01,Medium,2,2,0.9872,517.55,2.604,22.826,26.09,1
3.27,7.02,8.49,2171.26,68.0,28.8,38.4,2,M30,4.12,1.14,Low,1,1,0.283,22.96,32.381,4.697,18.74,2
9.9,5.69,34.52,3000.79,65.3,11.0,70.5,1,M20,17.81,0.87,High,0,0,1.726,56.33,59.364,15.495,21.86,2
5.94,69.3,27.54,999.63,18.6,6.4,23.2,6,M30,18.3,0.7,Low,1,1,0.918,411.64,3.049,12.81,6.12,1
9.79,47.75,63.32,1866.31,7.0,24.6,82.8,3,M30,10.98,0.98,Medium,1,2,2.1107,467.47,2.258,10.76,36.93,0
1.64,4.41,85.65,1631.82,47.4,46.0,32.7,7,M30,1.99,0.45,High,1,0,2.855,7.23,6.676,0.896,21.58,2
9.88,70.41,27.78,139.59,25.9,-7.9,72.3,6,M30,15.56,0.32,Low,1,1,0.926,695.65,4.246,4.979,8.75,1
14.91505,2.35,73.97,1993.16,50.7,36.2,36.8,7,M30,1.3,1.04,High,1,0,2.4657,35.05,7.141,1.352,20.68,2
0.77,94.7,9.71,2349.18,3.4,33.4,25.1,5,M20,9.56,1.25,Low,0,1,0.4855,72.92,0.667,11.95,13.4,0
14.66,37.47,50.74,2112.51,10.9,47.8,56.1,1,M30,9.84,0.84,Medium,1,2,1.6913,549.31,9.909,8.266,38.04,0
6.13,5.79,11.0,2603.35,51.8,45.8,32.7,3,M30,24.90505,0.73,Low,1,1,0.3667,35.49,16.71,18.181,21.52,2
13.07,71.01,84.39,2042.55,16.7,35.7,74.7,3,M30,7.5,0.79,High,1,0,2.813,928.1,5.387,5.925,41.61,1
11.75,48.32,70.14,326.95,64.5,21.2,37.8,7,M40,20.51,0.73,Medium,2,2,1.7535,567.76,9.085,14.972,15.57,2
8.53,116.88,60.93,495.91,5.3,2.3,45.7,3,M30,1.33,0.69,Medium,1,2,2.031,996.99,1.71,0.918,10.19,0
11.09,65.76,75.03,2128.01,16.9,22.7,62.6,5,M40,13.24,1.24,Medium,2,2,1.8758,729.28,3.314,16.418,26.73,1
13.18,33.75,60.04,1034.93,74.65050000000001,35.9,41.4,4,M40,13.42,0.73,Medium,2,2,1.501,444.82,18.207,9.797,23.14,2
6.09,85.42,87.36,370.79,33.0,43.7,48.3,4,M20,15.72,0.29,High,0,0,4.368,520.21,8.049,4.559,30.77,1
4.94,33.31,65.69,1560.65,53.0,37.4,81.2,7,M50,20.25,1.04,Medium,3,2,1.3138,164.55,7.465,21.06,46.61,2
10.03,108.6,83.6,1984.7,14.5,1.7,33.4,1,M20,19.05,0.63,High,0,0,4.18,1089.26,13.182,12.002,7.25,0
12.13,45.59,48.96,1217.74,46.1,26.0,26.2,7,M50,19.03,0.98,Medium,3,2,0.9792,553.01,6.493,18.649,12.05,2
11.45,66.43,14.95,2549.47,54.7,9.9,44.6,8,M20,10.81,0.84,Low,0,1,0.7475,760.62,6.753,9.08,13.34,2
11.98,7.02,49.9,2288.82,24.3,-9.4,51.8,3,M30,18.19,0.98,Medium,1,2,1.6633,84.1,7.839,17.826,5.49,1
6.56,51.71,15.78,1231.58,62.3,2.0,60.7,3,M30,12.28,0.27,Low,1,1,0.526,339.22,20.097,3.316,13.35,2
12.28,100.05,55.36,2666.57,45.7,-3.2,47.9,4,M50,1.67,0.24,Low,3,1,1.1072,1228.61,11.146,0.401,8.05,2
1.85,96.87,46.01,2305.56,29.8,40.6,79.2,6,M20,22.25,0.62,High,0,0,2.3005,179.21,4.885,13.795,48.0,1
8.19,27.69,57.92,2267.31,42.3,5.5,22.9,7,M40,22.25,0.96,Medium,2,2,1.448,226.78,5.958,21.36,5.84,2
0.17485,27.9,5.85,1981.65,43.7,7.1,52.4,1,M40,8.07,0.45,Low,2,1,0.1462,4.88,39.727,3.632,14.2,2
4.9,98.26,21.56,138.72,13.2,47.6,48.7,4,M20,22.85,0.68,Low,0,1,1.078,481.47,3.22,15.538,32.92,0
5.53,111.72,46.76,2468.12,30.8,12.7,68.6,7,M30,18.95,1.28,Medium,1,2,1.5587,617.81,4.338,24.256,22.43,1
5.97,12.35,85.79,1378.54,26.4,-9.4,92.5,2,M30,10.02,0.44,High,1,0,2.8597,73.73,12.571,4.409,9.8,1
10.45,54.56,37.61,3304.87,30.7,7.0,58.3,1,M30,8.29,1.13,Medium,1,2,1.2537,570.15,27.909,9.368,15.74,1
5.86,41.16,41.07,2881.15,57.3,-2.8,94.0,1,M40,24.38,1.11,Medium,2,2,1.0268,241.2,52.091,27.062,16.17,2
6.76,104.61,65.75,2098.16,36.7,-3.8,42.7,10,M50,17.82,1.18,Medium,3,2,1.315,707.16,3.634,21.028,6.92,1
3.6,10.94,56.32,957.42,70.6,-5.4,22.3,6,M40,9.47,1.21,Medium,2,2,1.408,39.38,11.574,11.459,3.26,2
5.63,26.12,30.41,792.64,22.7,25.6,32.4,5,M50,16.05,0.76,Low,3,1,0.6082,147.06,4.451,12.198,14.77,1
3.45,90.54,39.92,1257.31,31.8,1.4,49.6,1,M20,14.29,0.95,Medium,0,2,1.996,312.36,28.909,13.575,10.61,1
1.14,7.1,23.5,1720.33,59.2,11.7,43.7,10,M20,13.11,0.88,Low,0,1,1.175,8.09,5.861,11.537,13.85,2
9.07,59.61,87.11,1106.62,41.4,41.7,27.3,3,M40,16.12,0.54,High,2,0,2.1778,540.66,13.355,8.705,16.84,2
10.04,53.61,16.1,1850.76,41.5,15.5,52.4,7,M40,13.44,0.51,Low,2,1,0.4025,538.24,5.845,6.854,18.6,2
9.31,40.79,36.61,662.26,4.9,44.9,45.4,9,M20,16.37,0.58,Medium,0,2,1.8305,379.75,0.538,9.495,29.46,0
6.98,47.95,7.2,3424.22,30.5,19.9,29.2,9,M30,22.69,0.44,Low,1,1,0.24,334.69,3.352,9.984,11.65,1
5.73,64.06,23.85,466.94,21.0,13.9,42.2,6,M40,24.83,1.03,Low,2,1,0.5963,367.06,3.443,25.575,14.31,1
12.96,20.2,71.34,3268.61,74.65050000000001,35.0,86.5,3,M20,17.73,1.26,High,0,0,3.567,261.79,24.081,22.34,47.58,2
7.81,69.07,22.1,3206.17,23.8,-5.6,42.7,1,M20,23.2,1.15,Medium,0,2,1.105,539.44,21.636,26.68,6.15,1
7.21,96.85,11.81,1886.23,66.5,-4.6,73.5,3,M40,21.46,0.44,Low,2,1,0.2952,698.29,21.452,9.442,11.32,2
0.43,91.46,45.33,2564.69,51.0,29.1,65.9,10,M50,7.38,0.26,Low,3,1,0.9066,39.33,5.05,1.919,32.36,2
5.15,19.31,5.85,1582.56,26.2,19.2,52.0,2,M40,23.32,1.03,Low,2,1,0.1462,99.45,12.476,24.02,20.38,1
5.73,18.76,12.21,2242.12,41.2,37.4,37.9,5,M40,1.77,0.63,Low,2,1,0.3052,107.49,8.078,1.115,21.75,2
6.01,32.91,73.65,1257.96,63.2,45.0,47.7,8,M30,8.25,1.11,High,1,0,2.455,197.79,7.802,9.158,31.01,2
8.72,43.97,70.58,1123.94,66.4,13.3,64.4,5,M40,16.0,1.06,Medium,2,2,1.7645,383.42,13.02,16.96,21.45,2
8.03,49.61,82.79,2065.98,12.9,25.8,46.3,1,M20,13.17,0.89,High,0,0,4.1395,398.37,11.727,11.721,21.21,0
9.14,81.88,77.63,1793.64,26.1,20.0,36.1,3,M50,13.56,0.48,Medium,3,2,1.5526,748.38,8.419,6.509,14.44,1
11.49,7.74,63.07,2070.42,25.8,48.9,28.7,5,M30,19.87,0.31,High,1,0,2.1023,88.93,5.059,6.16,19.77,1
12.2,5.13,9.45,1074.65,4.1,39.9,86.0,7,M30,4.87,0.48,Low,1,1,0.315,62.59,0.577,2.338,51.51,0
10.79,47.64,71.54,1347.66,45.3,44.7,53.0,5,M40,24.55,0.76,Medium,2,2,1.7885,514.04,8.882,18.658,34.29,2
14.34,83.96,76.87,385.25,64.3,5.3,66.9,10,M20,10.94,1.28,High,0,0,3.8435,1203.99,6.366,14.003,16.93,2
0.32,24.02,72.92,277.74,29.2,36.4,56.8,5,M50,23.75,0.27,Low,3,1,1.4584,7.69,5.725,6.413,32.04,1
2.98,77.34,48.22,961.75,55.8,5.9,85.4,7,M30,9.58,0.42,Medium,1,2,1.6073,230.47,7.859,4.024,22.12,2
0.17485,31.92,24.8,352.44,47.4,2.5,61.0,8,M30,15.04,0.89,Low,1,1,0.8267,5.58,5.852,13.386,13.72,2
9.73,106.44,76.85,452.83,28.8,46.7,56.1,8,M20,11.26,0.53,High,0,0,3.8425,1035.66,3.556,5.968,37.42,1
13.48,107.59,66.81,2863.96,11.4,-8.8,89.3,7,M40,16.9,1.14,Medium,2,2,1.6702,1450.31,1.606,19.266,10.0,0
3.69,36.38,88.36,232.17,53.5,47.9,74.0,3,M40,4.59,0.35,Medium,2,2,2.209,134.24,17.258,1.606,50.25,2
13.91,28.37,18.23,2340.41,64.2,-1.0,28.4,2,M20,10.02,1.26,Medium,0,2,0.9115,394.63,30.571,12.625,5.4,2
0.95,49.95,24.18,1026.7,51.8,39.2,33.3,1,M20,1.71,1.2,Low,0,1,1.209,47.45,47.091,2.052,19.71,2
14.02,29.62,23.0,3063.26,2.3,6.6,79.0,6,M50,14.95,1.18,Low,3,1,0.46,415.27,0.377,17.641,21.01,0
5.31,81.01,72.37,1748.97,17.0,11.0,82.7,9,M20,24.07,0.39,High,0,0,3.6185,430.16,1.868,9.387,25.64,1
1.57,99.3,20.89,1138.96,6.1,3.0,60.9,3,M30,1.15,0.56,Low,1,1,0.6963,155.9,1.968,0.644,14.01,0
7.31,81.1,10.67,1859.97,43.2,25.1,61.6,5,M30,16.49,1.08,Low,1,1,0.3557,592.84,8.471,17.809,27.78,2
3.89,99.1,89.34050000000002,1398.66,57.0,10.9,67.4,9,M40,19.38,1.09,Medium,2,2,2.2335,385.5,6.264,21.124,20.83,2
4.31,48.24,7.11,2018.62,9.2,29.4,52.9,9,M30,5.33,0.98,Low,1,1,0.237,207.91,1.011,5.223,26.13,0
4.64,19.6,76.0,489.41,63.0,-9.1,71.0,7,M30,6.83,0.69,Medium,1,2,2.5333,90.94,8.873,4.713,7.74,2
12.06,88.82,36.06,3478.6891000000005,42.1,-6.1,28.1,4,M50,5.04,0.54,Low,3,1,0.7212,1071.17,10.268,2.722,3.91,2
8.11,43.9,76.54,1546.89,52.1,-4.0,92.1,2,M20,7.44,1.26,High,0,0,3.827,356.03,24.81,9.374,14.74,2
4.7,80.88,52.14,1283.98,72.9,15.1,76.3,2,M20,2.75,0.35,High,0,0,2.607,380.14,34.714,0.962,26.78,2
9.17,33.21,81.64,2514.71,7.2,38.9,67.3,4,M20,9.26,0.25,High,0,0,4.082,304.54,1.756,2.315,39.64,0
10.76,10.67,83.73,1337.26,67.7,43.3,43.7,1,M50,9.22,0.21,Medium,3,2,1.6746,114.81,61.545,1.936,27.66,2
4.13,119.12,5.77,2933.13,10.3,4.7,32.1,4,M40,20.18,1.05,Low,2,1,0.1442,491.97,2.512,21.189,7.93,0
6.23,19.59,11.41,1644.52,30.1,24.5,50.7,6,M20,20.02,0.26,Low,0,1,0.5705,122.05,4.934,5.205,22.56,1
1.87,118.62,26.28,2546.5,64.0,36.1,69.6,6,M40,19.92,0.79,Low,2,1,0.657,221.82,10.492,15.737,39.05,2
2.76,117.3,61.89,465.34,68.1,7.3,67.5,7,M30,14.18,0.6,Medium,1,2,2.063,323.75,9.592,8.508,18.43,2
10.23,95.46,80.5,2976.81,38.5,14.5,48.7,5,M50,8.15,0.36,Medium,3,2,1.61,976.56,7.549,2.934,16.8,1
2.76,79.47,44.1,2601.44,45.0,21.4,66.0,9,M20,10.27,1.01,Medium,0,2,2.205,219.34,4.945,10.373,27.32,2
7.9,69.76,56.59,819.84,53.4,-1.9,81.0,2,M40,7.94,0.26,Low,2,1,1.4148,551.1,25.429,2.064,14.66,2
10.65,104.07,21.02,593.97,62.6,-8.4,22.0,2,M30,14.55,0.55,Low,1,1,0.7007,1108.35,29.81,8.003,2.55,2
1.65,35.44,73.42,1175.39,10.0,-0.8,53.8,4,M20,23.45,0.82,High,0,0,3.671,58.48,2.439,19.229,10.33,0
8.53,56.65,87.22,3418.64,60.9,27.6,76.9,4,M40,7.11,0.64,High,2,0,2.1805,483.22,14.854,4.55,36.6,2
3.89,74.71,27.83,973.23,36.6,-5.6,61.0,4,M20,11.47,0.49,Low,0,1,1.3915,290.62,8.927,5.62,8.78,1
14.45,49.93,47.06,1650.83,34.3,1.4,68.9,1,M40,16.38,1.22,Medium,2,2,1.1765,721.49,31.182,19.984,14.74,1
7.28,51.87,12.32,202.07,32.4,10.3,58.8,4,M40,21.12,1.22,Low,2,1,0.308,377.61,7.902,25.766,17.82,1
12.1,40.3,52.53,1450.57,38.7,-5.3,94.4,5,M30,6.33,0.66,Medium,1,2,1.751,487.63,7.588,4.178,13.88,1
8.28,68.14,47.74,2042.49,70.9,1.5,24.1,9,M20,7.01,0.63,Medium,0,2,2.387,564.2,7.791,4.416,5.18,2
0.7,102.22,17.28,3340.62,41.6,44.7,56.8,3,M50,22.13,0.54,Low,3,1,0.3456,71.55,13.419,11.95,36.75,2
9.52,24.98,42.58,1856.9,71.5,-8.8,26.9,3,M20,2.01,1.14,High,0,0,2.129,237.81,23.065,2.291,3.01,2
14.27,112.2,33.4,2884.96,14.3,29.2,32.0,5,M30,15.14,0.82,Medium,1,2,1.1133,1601.09,2.804,12.415,15.74,0
9.04,83.0,49.36,1960.23,54.6,13.1,48.7,10,M40,21.51,0.3,Low,2,1,1.234,750.32,5.406,6.453,16.12,2
12.3,98.97,54.78,238.67,61.1,30.4,31.7,6,M50,23.04,1.14,Medium,3,2,1.0956,1217.33,10.016,26.266,15.98,2
13.27,67.19,5.72,1171.03,51.3,25.3,92.3,3,M30,0.32,0.79,Low,1,1,0.1907,891.61,16.548,0.253,41.81,2
3.46,93.76,69.69,2056.87,45.9,3.4,91.0,1,M20,9.24,0.66,High,0,0,3.4845,324.41,41.727,6.098,21.29,2
3.22,2.93,65.61,3332.02,42.8,40.8,45.2,10,M40,6.43,0.57,Medium,2,2,1.6402,9.43,4.238,3.665,27.48,2
9.18,98.39,36.13,3021.04,64.7,19.5,68.0,8,M20,14.2,0.31,Medium,0,2,1.8065,903.22,7.988,4.402,26.86,2
6.19,5.78,9.5,876.41,61.8,39.4,60.0,1,M20,15.82,1.25,Low,0,1,0.475,35.78,56.182,19.775,35.64,2
12.61,106.9,69.17,848.37,10.0,14.4,81.2,2,M50,24.90505,1.02,Medium,3,2,1.3834,1348.01,4.762,25.403,27.93,0
13.51,119.04,86.19,783.99,63.8,49.1,67.1,3,M30,12.82,0.34,High,1,0,2.873,1608.23,20.581,4.359,46.37,2
5.33,35.99,25.41,3236.5,31.6,36.2,20.3,6,M20,13.79,0.76,Medium,0,2,1.2705,191.83,5.18,10.48,11.41,1
3.59,26.03,32.5,2999.06,19.8,48.0,77.2,4,M30,10.36,0.81,Low,1,1,1.0833,93.45,4.829,8.392,52.5,1
11.72,92.08,20.62,2734.6,65.4,20.9,76.0,4,M20,3.69,0.38,Low,0,1,1.031,1079.18,15.951,1.402,31.08,2
4.16,31.11,54.04,1435.3,33.0,18.4,58.2,9,M20,7.58,0.67,High,0,0,2.702,129.42,3.626,5.079,22.35,1
12.35,104.0,18.16,1814.89,60.8,35.3,87.7,6,M20,6.17,0.91,Low,0,1,0.908,1284.4,9.967,5.615,48.5,2
6.38,13.24,35.28,1678.73,20.5,42.8,88.1,2,M40,20.03,0.51,Low,2,1,0.882,84.47,9.762,10.215,55.33,1
10.03,15.99,64.25,961.55,1.4,47.8,59.3,7,M40,13.65,0.56,Medium,2,2,1.6062,160.38,0.197,7.644,40.21,0
1.48,117.52,52.61,1817.1,37.7,9.5,65.6,3,M30,7.4,0.33,Medium,1,2,1.7537,173.93,12.161,2.442,19.35,1
9.38,81.19,37.85,203.69,8.4,37.9,94.6505,9,M20,12.23,0.65,Medium,0,2,1.8925,761.56,0.923,7.95,54.8,0
6.8,101.78,40.72,548.16,56.8,2.6,42.4,6,M40,5.47,0.84,Low,2,1,1.018,692.1,9.311,4.595,9.58,2
8.82,39.6,52.78,3114.4,21.4,22.7,44.3,8,M30,4.63,0.33,Medium,1,2,1.7593,349.27,2.642,1.528,18.92,1
2.56,81.5,5.67455,2655.71,33.8,0.8,33.7,1,M30,21.5,0.88,Low,1,1,0.1892,208.64,30.727,18.92,7.01,1
11.07,71.71,11.67,1537.75,7.4,10.8,87.2,2,M40,23.62,0.64,Low,2,1,0.2918,793.83,3.524,15.117,26.86,0
12.95,72.77,79.91,1858.31,22.2,45.9,75.8,6,M30,2.0,0.95,High,1,0,2.6637,942.37,3.639,1.9,49.95,1
3.29,82.22,11.62,1358.0,58.8,-1.2,27.9,3,M30,19.12,0.55,Low,1,1,0.3873,270.5,18.968,10.516,5.25,2
1.48,69.47,65.08,2618.65,12.2,27.9,93.6,1,M50,11.33,0.83,Medium,3,2,1.3016,102.82,11.091,9.404,44.83,0
0.4,52.06,83.2,2766.24,48.9,25.6,74.8,6,M30,9.72,0.87,High,1,0,2.7733,20.82,8.016,8.456,34.11,2
9.65,33.83,28.01,2695.17,68.9,-2.8,83.8,5,M30,17.24,0.96,Medium,1,2,0.9337,326.46,13.51,16.55,14.41,2
9.13,92.46,36.49,2556.88,51.3,9.6,23.6,9,M30,6.66,1.03,Low,1,1,1.2163,844.16,5.637,6.86,6.99,2
8.22,27.93,53.36,795.31,61.0,23.8,57.9,6,M20,0.51,0.35,Medium,0,2,2.668,229.58,10.0,0.178,25.36,2
3.52,83.39,79.95,1249.1,9.1,1.2,72.4,5,M40,5.35,1.26,Medium,2,2,1.9988,293.53,1.784,6.741,15.35,0
5.89,28.77,85.06,1697.47,19.6,38.0,60.7,1,M40,4.62,1.13,Medium,2,2,2.1265,169.46,17.818,5.221,35.21,1
8.94,75.41,67.86,1224.7,67.2,48.3,70.0,1,M20,0.85,0.82,High,0,0,3.393,674.17,61.091,0.697,47.81,2
7.48,89.9,12.36,2666.8,53.9,2.9,81.3,1,M20,8.03,1.18,Low,0,1,0.618,672.45,49.0,9.475,18.62,2
14.82,27.03,61.88,1219.8,48.3,1.2,48.1,7,M50,11.86,0.62,Medium,3,2,1.2376,400.58,6.803,7.353,10.2,2
2.09,8.13,39.88,569.99,50.1,17.3,83.7,6,M30,18.4,0.24,Low,1,1,1.3293,16.99,8.213,4.416,31.22,2
10.44,16.59,45.01,1456.74,31.7,34.9,32.2,5,M20,8.14,1.0,High,0,0,2.2505,173.2,6.216,8.14,17.68,1
6.09,73.11,9.18,3431.71,4.3,6.9,40.3,4,M20,4.86,1.24,Low,0,1,0.459,445.24,1.049,6.026,10.84,0
6.45,102.08,21.24,868.0,59.0,-8.8,23.3,8,M30,5.77,0.38,Low,1,1,0.708,658.42,7.284,2.193,2.61,2
10.78,6.35,72.19,2181.34,51.2,22.5,47.3,8,M20,22.28,0.91,High,0,0,3.6095,68.45,6.321,20.275,20.1,2
10.4,88.36,43.59,1572.11,36.0,47.4,48.5,5,M20,5.12,1.09,Medium,0,2,2.1795,918.94,7.059,5.581,32.69,1
14.87,41.62,30.64,341.48,67.6,13.5,80.4,4,M40,21.98,1.2,Medium,2,2,0.766,618.89,16.488,26.376,26.93,2
1.97,57.94,37.64,1758.78,25.9,15.2,69.0,2,M40,11.18,0.5,Low,2,1,0.941,114.14,12.333,5.59,24.29,1
1.61,111.53,77.62,2487.36,22.8,48.1,52.8,7,M30,23.36,0.34,High,1,0,2.5873,179.56,3.211,7.942,35.96,1
10.88,40.5,68.66,1844.95,65.6,31.7,68.9,5,M20,10.2,0.47,High,0,0,3.433,440.64,12.863,4.794,35.62,2
8.7,56.38,28.15,3065.16,60.0,33.2,24.0,3,M30,4.44,0.84,Medium,1,2,0.9383,490.51,19.355,3.73,12.77,2
4.15,2.63,14.99,1082.39,39.1,23.8,33.5,9,M20,13.73,1.21,Low,0,1,0.7495,10.91,4.297,16.613,14.67,1
1.24,10.71,26.42,393.25,10.7,48.5,67.0,9,M30,14.69,0.84,Low,1,1,0.8807,13.28,1.176,12.34,45.9,0
1.33,31.77,83.26,3284.32,16.9,31.3,68.1,10,M20,15.89,1.21,High,0,0,4.163,42.25,1.673,19.227,34.94,1
13.42,4.31,54.44,1385.87,49.6,43.7,78.1,8,M20,10.29,1.05,High,0,0,2.722,57.84,6.123,10.804,49.75,2
2.92,76.13,50.35,2059.78,29.5,32.0,50.2,1,M30,1.22,0.86,Medium,1,2,1.6783,222.3,26.818,1.049,26.1,1
4.88,51.74,55.69,2792.81,62.9,34.1,74.2,3,M50,15.67,0.22,Low,3,1,1.1138,252.49,20.29,3.447,40.14,2
3.44,66.23,36.11,1202.67,71.3,7.4,71.3,2,M20,23.33,0.57,Medium,0,2,1.8055,227.83,33.952,13.298,19.54,2
5.36,21.78,73.6,2534.96,60.6,8.2,92.3,4,M30,23.94,0.26,High,1,0,2.4533,116.74,14.78,6.224,26.03,2
1.09,36.22,49.48,560.42,28.9,37.0,36.1,2,M30,14.92,0.55,Medium,1,2,1.6493,39.48,13.762,8.206,20.58,1
7.81,80.0,14.92,1090.4,59.4,7.8,61.4,8,M30,0.5,0.27,Low,1,1,0.4973,624.8,7.333,0.135,17.07,2
1.06,115.87,15.97,592.02,27.0,23.8,65.1,1,M40,2.65,0.38,Low,2,1,0.3992,122.82,24.545,1.007,28.51,1
12.02,7.0,50.63,2858.18,13.4,5.0,94.6505,4,M30,20.85,0.65,Medium,1,2,1.6877,84.14,3.268,13.553,23.66,0
3.54,106.96,84.61,857.01,3.5,39.0,35.1,5,M40,20.74,0.77,Medium,2,2,2.1152,378.64,0.686,15.97,20.71,0
8.12,69.65,31.21,2539.17,29.5,-3.4,59.2,10,M20,23.65,0.44,Medium,0,2,1.5605,565.56,2.921,10.406,9.83,1
13.21,68.11,78.91,3307.21,67.9,39.8,46.0,4,M40,14.09,1.01,High,2,0,1.9728,899.73,16.561,14.231,27.51,2
9.78,60.53,69.95,1894.43,18.7,26.2,59.4,8,M20,21.6,0.85,High,0,0,3.4975,591.98,2.309,18.36,27.44,1
8.02,9.26,26.06,1936.1,16.3,1.2,37.4,2,M20,20.62,0.96,Medium,0,2,1.303,74.27,7.762,19.795,7.93,1
4.9,11.7,8.09,1667.51,72.8,22.5,23.6,9,M20,14.74,1.01,Low,0,1,0.4045,57.33,8.0,14.887,10.03,2
5.03,72.51,13.66,1208.03,2.9,6.9,62.9,2,M20,19.59,1.0,Low,0,1,0.683,364.73,1.381,19.59,16.92,0
10.06,41.57,66.92,1717.23,59.1,9.4,45.2,2,M30,3.14,1.23,High,1,0,2.2307,418.19,28.143,3.862,13.29,2
14.91,110.15,21.97,2149.55,24.8,11.1,33.6,2,M30,15.98,0.46,Low,1,1,0.7323,1642.34,11.81,7.351,10.45,1
9.94,49.38,36.56,3452.37,3.8,-6.2,44.3,10,M40,23.84,0.5,Low,2,1,0.914,490.84,0.376,11.92,6.11,0
8.39,18.05,47.64,3288.4,68.9,49.2,23.7,8,M20,4.05,0.3,Medium,0,2,2.382,151.44,8.506,1.215,16.4,2
10.97,86.05,66.66,3031.32,11.3,-8.1,91.3,3,M30,18.6,0.85,High,1,0,2.222,943.97,3.645,15.81,10.86,0
7.0,35.91,14.62,3123.04,41.8,29.7,63.6,10,M30,8.02,0.63,Low,1,1,0.4873,251.37,4.139,5.053,31.61,2
0.95,63.53,39.54,1690.69,21.3,12.3,81.1,10,M30,20.43,0.75,Low,1,1,1.318,60.35,2.109,15.322,26.2,1
8.46,84.04,46.23,2335.31,5.8,28.8,51.7,8,M20,17.43,0.39,Medium,0,2,2.3115,710.98,0.716,6.798,25.23,0
14.37,108.13,50.97,3143.23,4.7,11.4,87.7,7,M20,23.15,0.91,High,0,0,2.5485,1553.83,0.662,21.066,27.54,0
2.67,95.27,74.56,1436.03,9.6,30.4,56.2,10,M30,17.8,0.88,Medium,1,2,2.4853,254.37,0.95,15.664,28.32,0
10.37,81.49,19.59,3369.99,6.3,33.8,63.0,4,M40,10.26,0.49,Low,2,1,0.4898,845.05,1.537,5.027,33.89,0
3.05,81.88,73.67,1513.67,57.3,31.4,56.9,7,M40,0.27,0.71,Medium,2,2,1.8418,249.73,8.07,0.192,29.25,2
8.06,113.57,63.89,2143.68,36.9,-3.2,75.0,8,M20,19.82,1.18,High,0,0,3.1945,915.37,4.556,23.388,12.6,1
1.5,36.2,52.25,2513.34,26.4,29.4,62.5,6,M20,10.21,1.05,High,0,0,2.6125,54.3,4.328,10.721,30.88,1
6.78,1.5099,64.46,3332.01,32.0,6.8,40.4,6,M20,16.77,0.45,High,0,0,3.223,10.24,5.246,7.546,10.83,1
11.35,33.36,40.02,931.7,69.7,-8.3,30.9,3,M30,2.63,1.17,Medium,1,2,1.334,378.64,22.484,3.077,3.62,2
5.25,26.93,16.76,2636.85,68.4,14.9,65.5,5,M30,22.27,0.27,Low,1,1,0.5587,141.38,13.412,6.013,22.86,2
9.99,79.76,61.59,1870.77,54.0,16.0,56.7,10,M20,10.89,0.66,High,0,0,3.0795,796.8,5.347,7.187,20.41,2
11.94,76.41,49.6,1013.09,66.5,18.0,27.2,2,M30,22.99,0.29,Medium,1,2,1.6533,912.34,31.667,6.667,10.34,2
13.91,71.62,59.35,2740.46,24.7,32.3,49.7,5,M30,17.68,1.22,High,1,0,1.9783,996.23,4.843,21.57,25.99,1
3.56,2.93,33.73,1977.56,29.2,8.5,58.6,5,M30,3.04,0.24,Low,1,1,1.1243,10.43,5.725,0.73,16.7,1
6.02,87.72,82.08,2347.31,46.4,8.9,82.0,7,M20,14.48,0.37,High,0,0,4.104,528.07,6.535,5.358,23.7,2
2.33,39.5,54.93,1197.86,47.1,-6.4,25.7,4,M30,22.75,1.21,Medium,1,2,1.831,92.04,11.488,27.528,3.5,2
14.89,80.14,12.26,1736.33,36.6,31.2,46.1,6,M30,20.0,0.84,Low,1,1,0.4087,1193.28,6.0,16.8,23.6,1
13.91,67.23,43.23,2199.0,30.6,24.1,81.7,9,M40,10.45,1.07,Medium,2,2,1.0807,935.17,3.363,11.182,36.03,1
8.12,41.78,69.29,1476.7,74.0,11.0,68.6,4,M40,23.88,0.22,Medium,2,2,1.7322,339.25,18.049,5.254,21.27,2
12.64,17.01,72.5,774.47,61.8,32.3,41.7,6,M20,6.71,0.66,High,0,0,3.625,215.01,10.131,4.429,21.81,2
7.84,12.24,47.04,3369.58,33.2,22.2,83.4,9,M20,9.38,1.28,High,0,0,2.352,95.96,3.648,12.006,35.19,1
9.37,99.95,81.05,1838.99,54.8,18.2,57.0,10,M30,18.74,0.84,High,1,0,2.7017,936.53,5.426,15.742,21.77,2
1.38,110.29,27.75,2595.33,20.9,20.7,57.4,1,M30,5.82,1.13,Low,1,1,0.925,152.2,19.0,6.577,23.36,1
11.34,78.32,39.9,1497.56,8.4,28.2,93.2,8,M50,12.88,1.26,Low,3,1,0.798,888.15,1.037,16.229,44.92,0
1.96,13.31,81.38,1307.45,27.1,29.6,91.0,1,M30,18.22,0.95,High,1,0,2.7127,26.09,24.636,17.309,45.14,1
12.4,48.84,81.18,1484.36,30.8,7.3,46.9,4,M40,16.1,0.56,Medium,2,2,2.0295,605.62,7.512,9.016,12.8,1
11.74,87.74,63.29,1491.27,2.2,-1.6,30.5,3,M30,3.88,0.54,Medium,1,2,2.1097,1030.07,0.71,2.095,5.61,0
10.65,93.8,78.01,1950.21,61.3,-0.6,44.4,4,M40,15.74,0.28,Medium,2,2,1.9502,998.97,14.951,4.407,8.61,2
0.59,15.07,12.55,1947.8,27.6,28.4,22.3,7,M40,14.32,0.67,Low,2,1,0.3138,8.89,3.887,9.594,10.79,1
4.58,1.5099,78.52,1790.32,44.0,42.4,21.6,9,M40,13.95,1.21,Medium,2,2,1.963,6.92,4.835,16.88,13.48,2
3.98,85.74,32.25,558.27,6.5,14.6,49.7,9,M30,20.65,0.73,Low,1,1,1.075,341.25,0.714,15.074,17.2,0
5.43,43.43,20.16,1786.66,13.9,0.2,90.6,10,M40,4.6,1.2,Low,2,1,0.504,235.82,1.376,5.52,18.3,0
1.36,31.28,25.35,674.95,66.8,35.4,85.4,1,M20,18.79,1.1,Medium,0,2,1.2675,42.54,60.727,20.669,47.31,2
14.06,2.53,40.53,528.86,46.0,39.9,58.4,10,M50,19.02,1.28,Low,3,1,0.8106,35.57,4.554,24.346,34.98,2
8.33,65.3,26.35,3271.0,71.3,42.8,62.4,1,M30,18.07,1.24,Medium,1,2,0.8783,543.95,64.818,22.407,39.19,2
4.62,102.29,32.25,2156.83,74.65050000000001,26.4,20.4,9,M30,12.65,0.98,Low,1,1,1.075,472.58,8.203,12.397,9.47,2
5.98,114.96,16.47,2342.27,28.5,41.6,36.2,4,M50,9.89,1.16,Low,3,1,0.3294,687.46,6.951,11.472,22.3,1
6.74,68.32,30.18,1466.1,23.1,-9.1,21.9,3,M40,9.87,1.02,Low,2,1,0.7545,460.48,7.452,10.067,2.39,1
9.03,62.22,53.64,3190.54,64.5,-3.6,76.6,9,M40,18.35,0.97,Medium,2,2,1.341,561.85,7.088,17.8,12.56,2
7.76,11.12,42.56,2268.96,74.65050000000001,-4.4,30.9,5,M20,12.45,0.99,High,0,0,2.128,86.29,14.637,12.326,4.82,2
13.79,66.32,34.47,2715.18,47.6,32.8,85.2,6,M50,8.46,0.99,Low,3,1,0.6894,914.55,7.803,8.375,44.99,2
7.48,46.22,68.45,1353.11,59.8,-5.8,68.2,1,M40,15.64,0.62,Medium,2,2,1.7112,345.73,54.364,9.697,9.68,2
14.88,73.25,80.95,3364.04,58.8,19.8,37.2,1,M30,20.93,0.67,High,1,0,2.6983,1089.96,53.455,14.023,14.81,2
12.78,47.26,69.33,2889.57,27.3,18.4,31.8,7,M50,1.54,0.52,Low,3,1,1.3866,603.98,3.845,0.801,12.21,1
3.17,29.6,33.22,3003.42,43.5,8.6,67.1,10,M20,24.3,0.36,Medium,0,2,1.661,93.83,4.307,8.748,19.19,2
13.96,12.3,68.28,685.46,62.6,42.2,87.6,8,M20,2.42,0.7,High,0,0,3.414,171.71,7.728,1.694,54.49,2
1.79,38.48,17.92,1021.27,51.9,0.2,73.9,8,M30,12.79,1.19,Low,1,1,0.5973,68.88,6.407,15.22,14.93,2
12.27,12.5,16.08,1071.13,2.6,11.1,46.1,7,M20,14.01,0.92,Low,0,1,0.804,153.38,0.366,12.889,14.34,0
5.74,22.05,34.38,1021.09,25.9,36.5,64.1,9,M40,3.46,0.26,Low,2,1,0.8595,126.57,2.846,0.9,36.22,1
13.18,118.49,73.65,3008.39,11.7,-8.2,43.3,1,M20,22.89,1.09,High,0,0,3.6825,1561.7,10.636,24.95,5.11,0
13.03,53.85,25.94,208.41,18.2,30.4,94.6505,2,M20,11.79,1.23,Medium,0,2,1.297,701.67,8.667,14.502,47.7,1
12.1,64.29,10.38,358.74,68.0,39.0,76.2,3,M30,3.58,1.11,Low,1,1,0.346,777.91,21.935,3.974,44.96,2
11.86,104.96,16.2,1031.31,3.7,45.9,66.1,5,M30,17.79,1.0,Low,1,1,0.54,1244.83,0.725,17.79,43.56,0
4.6,119.42545,77.99,779.57,17.3,42.6,51.7,4,M20,16.59,0.37,High,0,0,3.8995,549.36,4.22,6.138,32.36,1
1.26,70.34,58.87,888.32,23.9,9.2,66.4,4,M20,24.07,0.58,High,0,0,2.9435,88.63,5.829,13.961,19.39,1
6.07,97.68,26.52,2813.01,46.6,25.2,45.6,8,M30,11.04,0.82,Low,1,1,0.884,592.92,5.753,9.053,20.61,2
2.64,39.91,52.2,2014.63,40.5,-5.4,22.2,8,M40,6.69,0.28,Low,2,1,1.305,105.36,5.0,1.873,3.24,2
10.44,37.38,49.84,119.62,17.2,5.5,49.6,7,M40,1.5,0.32,Low,2,1,1.246,390.25,2.423,0.48,12.65,1
5.22,48.92,60.71,1559.7,13.2,-4.3,89.8,1,M20,18.33,1.23,High,0,0,3.0355,255.36,12.0,22.546,14.1,0
14.64,81.03,24.82,1486.81,18.5,8.9,67.0,10,M30,15.43,0.97,Low,1,1,0.8273,1186.28,1.832,14.967,19.36,1
9.63,82.18,78.47,487.41,38.2,42.5,26.3,4,M20,24.32,0.5,High,0,0,3.9235,791.39,9.317,12.16,16.44,1
12.35,38.51,31.3,2398.88,21.1,10.8,86.4,1,M30,17.8,0.56,Medium,1,2,1.0433,475.6,19.182,9.968,26.61,1
2.03,16.85,64.0,2487.13,71.1,23.7,40.2,5,M50,23.33,0.62,Medium,3,2,1.28,34.21,13.941,14.465,17.57,2
12.94,76.26,6.37,2551.04,35.3,16.0,38.3,3,M30,24.79,0.28,Low,1,1,0.2123,986.8,11.387,6.941,13.79,1
13.85,16.27,36.68,2576.8,5.4,17.5,42.3,3,M30,10.71,1.01,Medium,1,2,1.2227,225.34,1.742,10.817,15.86,0
7.33,69.84,34.9,113.72415,55.0,48.2,63.3,4,M20,3.76,0.39,Medium,0,2,1.745,511.93,13.415,1.466,43.17,2
9.11,83.52,51.2,3343.33,25.3,7.8,60.9,2,M50,4.9,1.09,Medium,3,2,1.024,760.87,12.048,5.341,16.93,1
11.48,84.37,11.18,2868.31,49.4,27.6,56.9,7,M30,7.96,1.13,Low,1,1,0.3727,968.57,6.958,8.995,27.08,2
2.66,90.66,72.16,3173.54,21.7,15.2,73.8,4,M30,12.72,0.9,High,1,0,2.4053,241.16,5.293,11.448,25.98,1
7.56,104.87,23.51,153.19,43.2,-6.3,43.7,5,M30,3.06,1.05,Low,1,1,0.7837,792.82,8.471,3.213,5.99,2
6.01,60.5,62.55,3275.12,58.1,19.4,78.7,2,M20,7.54,0.39,High,0,0,3.1275,363.6,27.667,2.941,31.01,2
2.24,87.9,73.27,2853.28,69.7,38.8,33.1,6,M40,7.69,0.83,Medium,2,2,1.8318,196.9,11.426,6.383,19.46,2
5.54,74.68,52.76,2946.55,20.3,-4.1,78.7,9,M20,0.13495,0.94,Medium,0,2,2.638,413.73,2.231,0.127,12.51,1
1.07,23.21,67.98,417.18,25.8,-5.8,69.8,8,M40,8.85,0.93,Low,2,1,1.6995,24.83,3.185,8.23,9.91,1
0.44,4.06,61.26,2611.85,35.4,-0.8,71.2,8,M30,2.9,0.33,Medium,1,2,2.042,1.79,4.37,0.957,13.67,1
2.07,34.86,35.22,3363.72,69.6,35.9,56.1,2,M20,10.74,0.58,Medium,0,2,1.761,72.16,33.143,6.229,31.36,2
14.45,53.72,73.75,2407.06,67.7,33.4,70.0,4,M20,4.91,0.56,High,0,0,3.6875,776.25,16.512,2.75,37.38,2
8.27,74.44,30.05,2039.91,7.7,23.9,26.0,8,M40,20.55,0.83,Low,2,1,0.7512,615.62,0.951,17.056,11.41,0
14.49,102.15,53.55,3315.14,10.8,18.1,83.9,1,M30,2.01,1.04,Medium,1,2,1.785,1480.15,9.818,2.09,31.97,0
6.52,24.35,68.36,1605.99,37.7,43.3,24.2,8,M20,21.64,0.83,High,0,0,3.418,158.76,4.654,17.961,15.32,1
4.71,15.94,37.21,2137.6,8.9,36.0,31.2,3,M20,14.51,1.03,Medium,0,2,1.8605,75.08,2.871,14.945,17.47,0
7.62,115.65,30.74,1719.55,26.6,38.7,63.3,8,M40,11.47,0.31,Low,2,1,0.7685,881.25,3.284,3.556,37.16,1
6.62,13.86,44.04,3271.68,12.0,38.8,75.5,6,M40,13.74,1.17,Low,2,1,1.101,91.75,1.967,16.076,44.39,0
1.63,57.94,74.53,358.69,48.1,28.6,25.7,7,M40,9.4,0.79,Medium,2,2,1.8632,94.44,6.775,7.426,12.49,2
9.63,70.68,84.04,1803.81,71.3,17.5,89.1,2,M30,3.19,0.24,High,1,0,2.8013,680.65,33.952,0.766,33.41,2
3.28,65.42,51.33,2435.64,74.65050000000001,41.9,93.0,1,M30,19.15,0.91,Medium,1,2,1.711,214.58,67.864,17.426,57.57,2
9.31,11.24,61.22,2792.48,28.8,45.6,65.4,6,M20,23.2,0.77,High,0,0,3.061,104.64,4.721,17.864,42.9,1
9.77,7.79,81.78,2082.26,45.3,-8.6,56.1,3,M20,23.75,0.44,High,0,0,4.089,76.11,14.613,10.45,6.4,2
2.32,13.55,13.38,3190.32,64.4,-6.9,75.6,4,M40,16.77,1.04,Low,2,1,0.3345,31.44,15.707,17.441,9.9,2
0.97,70.68,24.73,3302.77,9.7,47.5,44.6,9,M40,10.26,1.23,Low,2,1,0.6182,68.56,1.066,12.62,30.1,0
11.72,65.78,65.26,318.69,52.0,6.6,57.0,3,M40,11.96,0.55,Medium,2,2,1.6315,770.94,16.774,6.578,15.16,2
6.92,28.82,75.02,1468.06,31.3,42.4,88.7,2,M30,16.42,0.74,High,1,0,2.5007,199.43,14.905,12.151,55.35,1
0.92,76.9,77.85,179.76,16.3,13.3,91.7,2,M40,20.58,0.34,Medium,2,2,1.9462,70.75,7.762,6.997,30.54,1
14.91505,98.59,40.28,1220.02,30.8,-2.9,89.5,2,M50,9.36,1.22,Low,3,1,0.8056,1470.47,14.667,11.419,15.3,1
0.91,5.95,12.59,1925.35,6.6,-5.2,39.7,6,M30,22.92,0.55,Low,1,1,0.4197,5.41,1.082,12.606,5.88,0
10.44,60.28,42.21,3196.7,52.5,-0.6,37.4,2,M20,8.11,0.41,Medium,0,2,2.1105,629.32,25.0,3.325,7.26,2
14.76,83.03,24.61,2978.28,19.7,5.0,42.3,7,M30,13.27,0.73,Low,1,1,0.8203,1225.52,2.775,9.687,10.58,1
3.63,31.03,29.75,533.5,24.0,19.3,53.1,7,M20,24.03,0.25,Medium,0,2,1.4875,112.64,3.38,6.008,20.87,1
2.18,37.62,70.64,416.3,10.0,32.1,43.6,7,M40,23.45,0.48,Medium,2,2,1.766,82.01,1.408,11.256,22.72,0
1.86,74.02,11.42,2103.51,65.0,49.2,48.1,2,M30,17.39,0.27,Low,1,1,0.3807,137.68,30.952,4.695,33.29,2
4.58,107.85,75.34,1909.2,37.5,16.5,66.5,7,M30,8.11,0.34,Medium,1,2,2.5113,493.95,5.282,2.757,24.27,1
1.56,97.38,41.35,1005.68,43.3,21.1,77.2,10,M30,5.48,0.32,Low,1,1,1.3783,151.91,4.287,1.754,31.73,2
10.4,70.39,55.67,3158.14,43.1,21.3,75.2,8,M30,2.0,1.16,Medium,1,2,1.8557,732.06,5.321,2.32,31.06,2
0.98,87.9,12.62,3253.05,31.4,22.4,81.1,8,M20,17.72,1.22,Low,0,1,0.631,86.14,3.877,21.618,34.39,1
7.67,44.41,33.68,1468.88,15.2,21.1,22.4,2,M50,12.59,0.72,Low,3,1,0.6736,340.62,7.238,9.065,9.21,1
14.91505,77.27,12.62,3127.03,56.1,-9.5,23.6,5,M20,14.31,0.89,Low,0,1,0.631,1152.49,11.0,12.736,2.48,2
12.22,56.48,86.73,1405.43,10.4,-9.6505,79.2,6,M40,11.81,0.97,Medium,2,2,2.1682,690.19,1.705,11.456,8.2,0
9.25,23.6,73.62,2605.18,8.7,-4.1,60.0,9,M40,12.07,0.63,Medium,2,2,1.8405,218.3,0.956,7.604,9.54,0
4.63,84.51,44.07,1718.2,53.6,-3.9,63.4,6,M20,14.28,0.61,Medium,0,2,2.2035,391.28,8.787,8.711,10.21,2
9.38,67.22,24.01,516.78,16.5,32.3,23.9,10,M50,22.86,0.94,Low,3,1,0.4802,630.52,1.634,21.488,12.5,1
7.93,43.68,84.34,3254.98,23.7,2.3,39.1,6,M30,0.73,0.61,High,1,0,2.8113,346.38,3.885,0.445,8.72,1
6.42,109.45,34.29,1643.93,36.2,43.7,67.9,10,M30,20.04,0.84,Low,1,1,1.143,702.67,3.584,16.834,43.25,1
2.0,3.49,18.68,2597.26,34.3,45.7,84.4,10,M30,9.76,0.77,Low,1,1,0.6227,6.98,3.396,7.515,55.45,1
13.3,38.58,52.87,1348.39,53.4,48.6,88.8,6,M30,18.62,0.78,Medium,1,2,1.7623,513.11,8.754,14.524,60.92,2
6.77,7.77,85.22,164.19,47.1,46.3,57.5,9,M20,23.71,1.11,High,0,0,4.261,52.6,5.176,26.318,38.12,2
2.96,92.22,5.67455,441.8,48.7,6.3,60.9,10,M40,7.66,0.97,Low,2,1,0.1419,272.97,4.822,7.43,16.02,2
5.55,84.55,25.24,1787.15,53.8,20.6,82.5,7,M30,2.24,1.26,Low,1,1,0.8413,469.25,7.577,2.822,33.49,2
6.24,40.43,84.77,2445.88,22.7,0.5,60.3,1,M20,5.81,1.07,High,0,0,4.2385,252.28,20.636,6.217,12.36,1
12.42,81.4,19.54,1238.1,24.9,38.4,58.8,1,M40,5.55,0.36,Low,2,1,0.4885,1010.99,22.636,1.998,34.34,1
11.02,48.12,14.63,2464.66,33.4,43.3,87.9,4,M40,18.55,1.01,Low,2,1,0.3658,530.28,8.146,18.736,55.64,1
11.55,90.99,53.47,2475.36,23.8,41.1,79.2,2,M30,1.55,0.93,Medium,1,2,1.7823,1050.93,11.333,1.442,48.39,1
0.21,55.05,78.26,2493.38,73.9,16.0,88.2,3,M20,1.27,0.91,High,0,0,3.913,11.56,23.839,1.156,31.75,2
6.27,50.06,45.55,1774.57,61.2,35.5,36.4,7,M30,17.34,0.73,Medium,1,2,1.5183,313.88,8.62,12.658,20.2,2
7.25,112.23,89.34050000000002,3210.61,13.2,-4.1,59.3,7,M20,13.92,0.27,High,0,0,4.467,813.67,1.859,3.758,9.43,0
0.34,30.85,62.73,1763.27,1.4,-7.6,83.2,3,M30,10.44,1.25,Medium,1,2,2.091,10.49,0.452,13.05,10.32,0
3.93,15.33,11.3,1630.9,4.2,35.2,28.3,2,M50,14.38,1.14,Low,3,1,0.226,60.25,2.0,16.393,15.62,0
11.42,70.56,89.34050000000002,777.89,19.1,15.5,79.6,1,M20,18.38,0.74,High,0,0,4.467,805.8,17.364,13.601,28.26,1
2.1,116.35,39.67,1146.03,9.5,49.7,33.7,9,M20,2.59,0.37,Low,0,1,1.9835,244.34,1.044,0.958,23.49,0
8.05,45.96,29.43,243.94,40.5,-4.2,80.6,10,M40,13.83,1.11,Low,2,1,0.7358,369.98,4.01,15.351,12.73,2
3.27,8.38,52.42,2254.02,64.5,41.3,65.9,3,M20,20.61,0.67,High,0,0,2.621,27.4,20.806,13.809,40.4,2
0.23,41.38,30.87,945.02,55.5,18.8,34.5,9,M20,9.06,0.63,Low,0,1,1.5435,9.52,6.099,5.708,13.39,2
3.66,61.21,12.35,1134.13,17.0,39.6,55.5,4,M30,19.08,0.93,Low,1,1,0.4117,224.03,4.146,17.744,33.08,1
14.64,20.27,5.67455,2720.77,30.5,39.0,71.1,10,M40,21.14,1.03,Low,2,1,0.1419,296.75,3.02,21.774,41.95,1
12.03,79.31,43.21,1212.55,38.6,45.0,67.5,6,M40,20.52,0.27,Medium,2,2,1.0802,954.1,6.328,5.54,43.88,1
14.4,119.42545,76.13,923.47,61.0,7.9,52.0,7,M40,16.26,1.04,High,2,0,1.9032,1719.73,8.592,16.91,14.51,2
7.34,54.76,53.65,674.8,63.1,47.0,87.5,10,M30,17.93,1.01,Medium,1,2,1.7883,401.94,6.248,18.109,58.62,2
1.69,43.21,89.34050000000002,2734.52,68.3,-0.9,58.9,6,M40,19.69,0.85,High,2,0,2.2335,73.02,11.197,16.736,11.25,2
8.24,48.68,29.38,541.0,38.7,-5.1,57.9,1,M20,18.34,0.57,Medium,0,2,1.469,401.12,35.182,10.454,8.63,1
6.84,14.7,28.84,1642.76,52.4,15.9,24.7,6,M30,11.29,0.38,Low,1,1,0.9613,100.55,8.59,4.29,8.87,2
12.67,106.11,18.58,1823.56,9.3,39.7,89.2,6,M30,3.98,0.31,Low,1,1,0.6193,1344.41,1.525,1.234,53.25,0
1.52,50.36,18.95,2437.13,42.8,18.4,33.3,5,M20,7.74,0.21,Low,0,1,0.9475,76.55,8.392,1.625,12.79,2
7.35,47.09,29.24,2253.16,19.4,39.8,59.6,3,M30,5.18,0.43,Low,1,1,0.9747,346.11,6.258,2.227,35.64,1
2.29,79.5,72.39,2856.45,32.9,33.8,80.3,10,M30,9.04,0.65,Medium,1,2,2.413,182.06,3.257,5.876,43.2,1
4.9,53.6,81.99,252.15,47.9,2.6,36.2,3,M30,12.23,0.47,High,1,0,2.733,262.64,15.452,5.748,8.18,2
11.07,78.14,87.88,1107.9,20.0,46.9,59.6,10,M30,23.98,0.54,High,1,0,2.9293,865.01,1.98,12.949,39.87,1
7.17,8.31,24.74,1052.46,4.9,-6.4,38.1,7,M40,23.99,0.63,Low,2,1,0.6185,59.58,0.69,15.114,5.18,0
5.67,97.83,79.91,596.46,1.8,43.9,77.0,8,M40,19.24,0.54,Medium,2,2,1.9978,554.7,0.222,10.39,49.2,0
5.95,112.92,32.9,1083.21,2.6,8.3,62.3,3,M20,24.5,1.0,Medium,0,2,1.645,671.87,0.839,24.5,17.63,0
6.92,78.2,14.59,1153.2,1.6,20.0,84.2,3,M30,24.90505,0.74,Low,1,1,0.4863,541.14,0.516,18.43,33.68,0
11.79,114.59,78.95,1874.41,9.2,15.3,87.1,7,M20,22.13,0.22,High,0,0,3.9475,1351.02,1.296,4.869,30.75,0
13.39,19.02,59.07,2356.6,18.7,0.3,68.7,10,M20,1.99,0.45,High,0,0,2.9535,254.68,1.851,0.896,13.95,1
14.33,57.81,19.0,1395.74,17.4,11.5,74.4,7,M40,10.65,0.98,Low,2,1,0.475,828.42,2.451,10.437,23.44,1
11.81,72.62,41.54,2546.2,74.0,1.6,61.2,9,M20,13.35,0.53,Medium,0,2,2.077,857.64,8.132,7.076,13.22,2
4.77,70.23,29.42,1242.96,23.6,2.2,48.8,6,M20,3.1,1.21,Low,0,1,1.471,335.0,3.869,3.751,10.83,1
10.34,48.77,67.63,1086.96,10.4,1.2,68.6,7,M20,20.22,0.98,High,0,0,3.3815,504.28,1.465,19.816,14.54,0
6.59,41.23,43.54,1940.04,41.4,19.3,88.1,10,M40,3.72,0.52,Low,2,1,1.0885,271.71,4.099,1.934,34.62,2
3.86,16.09,89.09,180.64,64.5,37.9,51.3,1,M20,9.58,0.77,High,0,0,4.4545,62.11,58.636,7.377,29.7,2
12.62,47.62,9.65,371.28,51.2,24.1,43.6,7,M40,1.72,0.93,Low,2,1,0.2412,600.96,7.211,1.6,19.23,2
0.62,20.36,35.18,1521.1,22.9,43.6,49.1,2,M20,13.11,0.41,Medium,0,2,1.759,12.62,10.905,5.375,31.23,1
13.53,88.39,45.96,3305.9,42.6,28.2,52.7,7,M40,14.93,0.47,Medium,2,2,1.149,1195.92,6.0,7.017,25.4,2
6.95,25.85,47.77,2553.14,53.9,31.4,25.5,3,M50,18.38,0.76,Medium,3,2,0.9554,179.66,17.387,13.969,13.11,2
9.58,7.97,31.85,399.63,54.9,30.1,57.4,9,M30,8.49,1.22,Low,1,1,1.0617,76.35,6.033,10.358,28.76,2
9.91,66.73,66.99,2977.48,50.3,17.0,57.1,5,M40,14.76,0.58,Medium,2,2,1.6748,661.29,9.863,8.561,21.13,2
13.43,71.83,79.35,2589.82,65.4,31.4,64.1,7,M40,18.35,0.64,High,2,0,1.9838,964.68,9.211,11.744,32.95,2
9.57,104.76,84.79,2177.22,65.4,-5.8,47.2,8,M40,19.05,0.41,High,2,0,2.1198,1002.55,8.074,7.81,6.7,2
9.23,69.66,73.43,2889.0,43.8,41.6,66.0,2,M40,7.54,0.85,Medium,2,2,1.8358,642.96,20.857,6.409,40.66,2
1.05,42.11,77.3,1473.97,32.8,36.7,85.9,1,M20,1.69,1.01,High,0,0,3.865,44.22,29.818,1.707,48.71,1
7.8,96.56,51.8,853.1,48.5,4.7,91.7,7,M30,0.94,0.68,Medium,1,2,1.7267,753.17,6.831,0.639,22.65,2
2.3,65.29,75.2,1840.88,61.5,36.1,63.8,6,M50,19.2,1.03,Medium,3,2,1.504,150.17,10.082,19.776,35.79,2
11.07,10.43,30.8,1966.06,1.4,-9.2,23.2,6,M30,9.64,0.53,Low,1,1,1.0267,115.46,0.23,5.109,2.51,0
7.71,68.34,38.87,1930.31,74.4,3.0,92.7,2,M50,3.35,0.98,Low,3,1,0.7774,526.9,35.429,3.283,21.32,2
10.22,109.05,31.94,2021.25,14.5,-6.1,72.9,3,M30,4.61,0.48,Low,1,1,1.0647,1114.49,4.677,2.213,10.13,0
0.67,48.16,44.73,3325.6,35.8,36.8,45.2,4,M30,19.15,1.06,Medium,1,2,1.491,32.27,8.732,20.299,25.67,1
1.32,36.26,29.27,3167.64,65.5,35.4,31.0,3,M40,14.97,1.11,Low,2,1,0.7318,47.86,21.129,16.617,17.17,2
10.76,18.07,86.74,3077.44,17.7,38.8,30.8,2,M40,12.54,1.08,High,2,0,2.1685,194.43,8.429,13.543,18.11,1
1.13,19.02,31.59,2824.82,36.3,-9.6505,32.6,3,M30,15.58,0.44,Low,1,1,1.053,21.49,11.71,6.855,3.37,1
1.12,52.5,13.33,3307.66,10.8,20.1,23.4,6,M20,3.44,0.96,Low,0,1,0.6665,58.8,1.77,3.302,9.38,0
0.23,71.89,49.78,434.88,30.2,32.3,87.7,9,M40,7.98,0.79,Low,2,1,1.2445,16.53,3.319,6.304,45.87,1
14.35,10.59,9.85,1001.42,14.1,-0.7,60.6,4,M50,9.35,1.28,Low,3,1,0.197,151.97,3.439,11.968,11.7,0
11.08,112.81,14.4,1783.19,27.9,29.0,72.5,6,M30,7.86,0.6,Low,1,1,0.48,1249.93,4.574,4.716,35.52,1
5.33,90.86,23.65,2978.22,28.6,-5.0,82.1,1,M20,21.61,1.05,Medium,0,2,1.1825,484.28,26.0,22.69,12.32,1
4.48,70.81,44.47,1817.56,74.5,0.9,79.4,6,M20,14.54,0.61,Medium,0,2,2.2235,317.23,12.213,8.869,16.59,2
5.28,99.58,41.83,2643.32,74.6,18.5,86.2,3,M50,18.23,0.64,Low,3,1,0.8366,525.78,24.065,11.667,33.19,2
11.63,10.54,72.97,572.46,9.5,29.2,92.5,9,M20,5.92,0.32,High,0,0,3.6485,122.58,1.044,1.894,45.51,0
9.94,57.74,67.86,958.21,54.7,-1.2,52.9,4,M30,6.6,0.46,Medium,1,2,2.262,573.94,13.341,3.036,9.95,2
2.82,75.98,41.24,2588.04,4.8,1.1,91.3,7,M20,5.63,0.38,Medium,0,2,2.062,214.26,0.676,2.139,19.26,0
2.65,99.61,33.36,660.1,3.2,2.3,74.2,4,M20,17.2,0.38,Medium,0,2,1.668,263.97,0.78,6.536,16.55,0
1.52,94.23,31.9,1294.61,8.8,4.3,25.3,6,M30,8.73,0.21,Low,1,1,1.0633,143.23,1.443,1.833,6.15,0
9.92,33.97,70.79,1000.55,72.4,3.6,71.1,7,M20,10.13,1.07,High,0,0,3.5395,336.98,10.197,10.839,16.78,2
11.48,112.96,9.43,1289.53,70.6,13.7,71.5,2,M40,17.73,0.71,Low,2,1,0.2358,1296.78,33.619,12.588,24.1,2
4.01,15.8,6.09,2508.3,15.4,29.2,87.9,10,M30,24.29,1.08,Low,1,1,0.203,63.36,1.525,26.233,43.25,1
0.36,105.14,72.62,1350.68,13.0,16.3,48.0,6,M30,4.05,0.87,Medium,1,2,2.4207,37.85,2.131,3.524,17.42,0
1.28,116.54,45.56,1987.9,18.8,36.6,63.9,8,M30,1.57,1.11,Low,1,1,1.5187,149.17,2.321,1.743,36.17,1
14.52,22.08,16.12,439.77,39.2,33.2,20.9,6,M50,4.87,0.75,Low,3,1,0.3224,320.6,6.426,3.652,11.12,1
4.47,86.93,25.02,2837.06,43.2,-2.4,44.9,2,M40,18.37,0.3,Low,2,1,0.6255,388.58,20.571,5.511,7.9,2
11.55,5.79,84.26,1357.62,17.4,-7.1,24.7,4,M20,4.87,0.88,High,0,0,4.213,66.87,4.244,4.286,3.19,1
9.39,49.25,78.06,2305.02,57.0,42.7,59.1,1,M20,14.61,0.95,High,0,0,3.903,462.46,51.818,13.879,37.06,2
5.76,62.44,65.33,2566.32,23.9,-5.2,81.3,7,M30,14.76,0.89,Medium,1,2,2.1777,359.65,3.366,13.136,12.03,1
3.13,70.1,45.99,812.85,69.2,-1.1,35.5,8,M40,7.36,1.08,Low,2,1,1.1498,219.41,8.543,7.949,6.71,2
1.86,112.38,49.23,3107.89,49.6,-8.7,59.6,10,M30,1.72,1.0,Medium,1,2,1.641,209.03,4.911,1.72,6.73,2
9.24,81.0,87.9,2195.16,33.3,27.7,35.3,2,M20,9.98,0.68,High,0,0,4.395,748.44,15.857,6.786,16.84,1
11.63,58.27,87.09,1557.67,59.5,24.9,29.1,10,M40,4.67,1.1,Medium,2,2,2.1772,677.68,5.891,5.137,13.07,2
9.68,97.35,23.3,719.94,61.5,49.2,58.3,5,M30,4.61,0.96,Low,1,1,0.7767,942.35,12.059,4.426,40.34,2
7.98,114.11,73.94,3303.82,22.5,43.2,25.9,8,M30,13.06,0.33,Medium,1,2,2.4647,910.6,2.778,4.31,16.37,1
0.68,3.63,21.77,2667.23,26.1,14.7,64.1,8,M20,16.83,0.79,Low,0,1,1.0885,2.47,3.222,13.296,22.24,1
14.53,117.92,23.15,807.28,70.3,12.3,22.4,5,M20,1.89,1.0,Medium,0,2,1.1575,1713.38,13.784,1.89,7.24,2
11.99,11.25,62.47,1248.22,13.2,7.8,28.0,8,M20,14.46,0.81,High,0,0,3.1235,134.89,1.63,11.713,7.78,0
4.43,97.91,39.43,2852.89,4.1,-0.9,61.2,6,M20,6.16,1.24,Medium,0,2,1.9715,433.74,0.672,7.638,11.69,0
14.7,34.36,84.18,2465.3,34.6,-1.7,64.4,5,M50,16.83,0.31,Medium,3,2,1.6836,505.09,6.784,5.217,11.79,1
9.05,16.73,12.57,2703.67,60.3,-2.1,22.2,4,M20,20.26,0.99,Low,0,1,0.6285,151.41,14.707,20.057,3.97,2
8.76,53.34,48.48,1600.08,58.1,-3.2,63.0,5,M30,20.18,1.11,Medium,1,2,1.616,467.26,11.392,22.4,10.58,2
11.23,77.63,83.07,2536.02,69.0,4.4,82.9,4,M30,9.25,0.97,High,1,0,2.769,871.78,16.829,8.972,20.23,2
12.19,46.33,81.85,1414.08,40.5,8.4,74.2,1,M30,14.18,0.62,High,1,0,2.7283,564.76,36.818,8.792,21.07,2
9.86,7.49,18.3,818.29,8.4,47.7,29.8,3,M40,19.84,0.62,Low,2,1,0.4575,73.85,2.71,12.301,20.17,0
1.97,72.34,36.16,2251.1,44.6,24.7,64.4,8,M40,1.52,0.85,Low,2,1,0.904,142.51,5.506,1.292,28.79,2
5.11,108.39,57.63,3418.45,58.6,49.3,70.4,7,M50,15.14,0.64,Medium,3,2,1.1526,553.87,8.254,9.69,48.79,2
13.92,46.6,18.55,1156.04,7.9,12.3,22.8,7,M20,20.91,1.17,Medium,0,2,0.9275,648.67,1.113,24.465,7.36,0
3.41,26.74,87.28,1667.3,13.8,17.5,84.2,3,M20,9.31,0.32,High,0,0,4.364,91.18,4.452,2.979,31.58,0
5.61,53.67,82.75,2391.6,1.9,9.5,88.0,9,M20,11.39,0.9,High,0,0,4.1375,301.09,0.209,10.251,25.96,0
6.51,6.76,19.19,1941.12,44.9,1.0,83.8,6,M20,17.47,0.35,Low,0,1,0.9595,44.01,7.361,6.114,17.6,2
6.62,98.64,15.3,2967.65,66.6,-1.4,81.8,8,M30,1.7,0.79,Low,1,1,0.51,653.0,8.222,1.343,15.21,2
9.21,99.33,12.26,2689.93,50.6,46.7,75.9,8,M40,9.64,0.99,Low,2,1,0.3065,914.83,6.247,9.544,50.63,2
14.15,70.97,82.3,298.21,73.7,49.2,67.5,3,M20,7.39,0.38,High,0,0,4.115,1004.23,23.774,2.808,46.71,2
3.65,43.02,21.46,3478.6891000000005,5.7,-7.3,70.9,4,M50,0.42,0.97,Low,3,1,0.4292,157.02,1.39,0.407,9.0,0
1.87,96.17,40.38,2658.17,67.8,-1.0,80.5,6,M30,4.9,0.35,Low,1,1,1.346,179.84,11.115,1.715,15.3,2
3.0,67.01,43.15,3037.27,61.2,15.4,69.7,2,M30,9.9,0.88,Medium,1,2,1.4383,201.03,29.143,8.712,24.67,2
13.31,99.29,55.92,2314.07,24.3,1.2,44.6,7,M20,4.94,0.76,High,0,0,2.796,1321.55,3.423,3.754,9.46,1
9.7,76.14,11.1,3011.37,73.0,11.8,48.2,2,M20,15.06,0.53,Low,0,1,0.555,738.56,34.762,7.982,15.33,2
4.32,94.34,24.27,482.1,22.3,-2.3,87.3,5,M40,11.22,0.32,Low,2,1,0.6068,407.55,4.373,3.59,15.45,1
12.25,72.23,84.18,1282.31,66.8,17.4,21.3,4,M20,0.99,1.01,High,0,0,4.209,884.82,16.293,1.0,7.97,2
12.93,50.28,82.21,3079.83,66.2,6.3,72.4,9,M40,6.88,0.62,Medium,2,2,2.0552,650.12,7.275,4.266,19.04,2
12.71,115.0,71.41,785.63,57.1,11.1,91.6,2,M30,0.49,0.3,Medium,1,2,2.3803,1461.65,27.19,0.147,28.49,2
13.79,65.39,6.65,366.02,42.7,-4.3,73.0,7,M40,8.95,1.05,Low,2,1,0.1662,901.73,6.014,9.397,11.46,2
3.82,73.01,32.8,2779.6,9.9,15.7,94.5,7,M40,6.48,0.46,Low,2,1,0.82,278.9,1.394,2.981,33.74,0
11.34,27.24,58.38,2940.65,40.4,49.0,71.6,7,M20,17.2,1.01,High,0,0,2.919,308.9,5.69,17.372,49.4,2
6.94,75.45,28.39,653.02,27.4,9.7,22.6,1,M30,7.69,0.82,Low,1,1,0.9463,523.62,24.909,6.306,6.71,1
12.64,69.02,82.31,3004.78,59.6,42.6,82.0,8,M20,9.38,0.41,High,0,0,4.1155,872.41,7.358,3.846,51.33,2
10.94,23.0,58.88,2435.01,57.1,40.6,41.3,2,M30,18.13,0.28,High,1,0,1.9627,251.62,27.19,5.076,25.03,2
11.66,8.09,11.11,1868.28,68.4,47.1,53.5,5,M20,12.02,0.85,Low,0,1,0.5555,94.33,13.412,10.217,35.9,2
9.86,72.92,82.27,2922.85,2.1,37.4,43.4,2,M30,13.91,0.23,High,1,0,2.7423,718.99,1.0,3.199,24.91,0
2.7,91.88,86.41,1525.45,60.9,29.6,40.1,5,M20,21.03,0.27,High,0,0,4.3205,248.08,11.941,5.678,19.89,2
8.2,63.28,11.61,759.58,70.4,41.4,52.4,7,M50,5.17,0.97,Low,3,1,0.2322,518.9,9.915,5.015,32.17,2
14.77,27.99,50.25,1068.5,59.4,-5.5,48.4,6,M30,24.73,0.79,Medium,1,2,1.675,413.41,9.738,19.537,7.02,2
14.06,80.32,30.79,1817.56,10.6,17.8,67.5,5,M50,22.5,0.56,Low,3,1,0.6158,1129.3,2.078,12.6,25.52,0
0.7,10.53,38.39,1906.52,7.0,49.4,81.0,4,M20,7.16,0.79,Medium,0,2,1.9195,7.37,1.707,5.656,56.21,0
2.51,53.58,20.27,2838.97,2.5,36.2,42.3,8,M30,22.32,0.85,Low,1,1,0.6757,134.49,0.309,18.972,23.77,0
2.02,20.44,54.14,2790.6,47.5,47.7,36.0,8,M30,18.85,0.82,Medium,1,2,1.8047,41.29,5.864,15.457,24.37,2
10.9,22.95,86.43,2076.65,47.6,36.8,70.0,1,M30,23.27,0.91,High,1,0,2.881,250.16,43.273,21.176,39.76,2
12.28,25.07,47.76,2754.67,74.0,42.5,70.3,10,M40,17.28,1.23,Medium,2,2,1.194,307.86,7.327,21.254,43.94,2
3.24,47.02,12.05,752.03,30.5,32.4,87.6,2,M50,16.86,0.63,Low,3,1,0.241,152.34,14.524,10.622,45.9,1
7.61,7.09,57.7,270.22,25.6,35.6,21.2,3,M20,0.13495,0.53,High,0,0,2.885,53.95,8.258,0.072,11.79,1
12.62,48.34,33.92,3070.35,47.2,21.4,84.0,1,M50,11.87,0.24,Low,3,1,0.6784,610.05,42.909,2.849,34.78,2
11.01,61.89,77.75,356.89,62.1,45.5,59.1,3,M40,5.01,0.36,Medium,2,2,1.9438,681.41,20.032,1.804,38.71,2
8.16,58.51,41.95,938.74,70.3,39.5,66.6,10,M50,8.1,0.32,Low,3,1,0.839,477.44,6.96,2.592,39.63,2
8.88,46.55,21.39,2464.08,60.4,40.6,26.9,8,M30,24.47,0.57,Low,1,1,0.713,413.36,7.457,13.948,16.3,2
7.65,100.86,21.24,1492.12,32.6,30.4,52.4,4,M50,2.14,0.87,Low,3,1,0.4248,771.58,7.951,1.862,26.41,1
4.5,18.29,70.34,3079.47,48.0,8.3,37.0,7,M40,18.06,0.25,Medium,2,2,1.7585,82.3,6.761,4.515,10.47,2
8.5,61.18,27.57,1113.13,64.4,-7.9,39.1,7,M20,4.32,1.0,Low,0,1,1.3785,520.03,9.07,4.32,4.73,2
10.35,8.38,70.21,140.36,37.3,46.1,57.8,5,M30,0.19,0.64,Medium,1,2,2.3403,86.73,7.314,0.122,38.21,1
13.11,9.47,22.5,1122.23,17.0,25.2,80.9,1,M20,12.54,1.26,Medium,0,2,1.125,124.15,15.455,15.8,36.57,1
9.56,69.29,32.34,2065.46,13.6,7.9,75.8,10,M30,4.03,0.83,Low,1,1,1.078,662.41,1.347,3.345,21.15,0
11.43,68.36,44.57,1378.19,1.4,-1.1,64.3,4,M40,24.14,1.05,Medium,2,2,1.1142,781.35,0.341,25.347,12.15,0
2.44,105.49,85.17,1918.57,54.1,39.8,60.5,7,M40,5.09,1.15,Medium,2,2,2.1292,257.4,7.62,5.853,36.18,2
6.95,67.39,84.2,3080.43,9.2,40.2,52.0,5,M40,4.8,1.18,Medium,2,2,2.105,468.36,1.804,5.664,31.3,0
0.19,115.22,22.58,3202.45,19.0,38.9,93.0,2,M30,0.8,0.77,Low,1,1,0.7527,21.89,9.048,0.616,54.78,1
3.74,6.79,35.45,1004.31,23.0,28.7,62.0,8,M20,8.25,0.64,Medium,0,2,1.7725,25.39,2.84,5.28,30.19,1
10.91,12.66,17.7,1671.28,42.5,12.0,39.0,2,M20,0.6,0.82,Low,0,1,0.885,138.12,20.238,0.492,12.48,2
14.88,6.24,48.35,1967.09,30.4,8.2,37.3,8,M40,12.47,0.64,Medium,2,2,1.2088,92.85,3.753,7.981,10.52,1
1.53,23.05,44.15,3326.98,50.9,-9.5,65.9,2,M20,12.64,0.46,Medium,0,2,2.2075,35.27,24.238,5.814,6.92,2
6.05,65.41,81.56,3478.6891000000005,5.1,40.0,59.2,5,M20,1.33,0.56,High,0,0,4.078,395.73,1.0,0.745,35.52,0
12.01,77.82,84.05,900.38,10.2,-4.8,20.6,4,M30,6.0,0.46,High,1,0,2.8017,934.62,2.488,2.76,3.13,0
3.1,6.42,37.6,2571.73,37.9,27.8,82.3,1,M20,20.8,0.5,Medium,0,2,1.88,19.9,34.455,10.4,39.34,1
8.35,113.57,46.8,1385.31,25.9,20.2,72.8,8,M20,11.56,0.3,Medium,0,2,2.34,948.31,3.198,3.468,29.27,1
11.01,101.22,81.18,127.57,22.9,21.6,69.6,10,M20,10.87,0.67,High,0,0,4.059,1114.43,2.267,7.283,28.95,1
9.26,36.3,73.57,131.46,6.0,45.6,25.2,3,M50,17.47,0.46,Medium,3,2,1.4714,336.14,1.935,8.036,16.53,0
2.86,10.19,5.67455,1665.92,67.3,-8.1,47.2,4,M20,17.87,0.69,Low,0,1,0.2837,29.14,16.415,12.33,5.62,2
5.36,21.22,32.21,1760.34,52.2,36.4,90.2,4,M40,19.05,1.07,Low,2,1,0.8052,113.74,12.732,20.384,50.87,2
11.77,16.11,40.85,176.74,10.0,-6.9,84.7,5,M20,20.76,0.69,Medium,0,2,2.0425,189.61,1.961,14.324,11.1,0
8.34,15.67,24.53,2435.55,5.8,-7.7,41.4,3,M40,5.81,1.25,Low,2,1,0.6133,130.69,1.871,7.262,5.09,0
0.17485,62.71,21.96,1099.61,73.1,15.8,31.8,9,M30,1.66,0.36,Low,1,1,0.732,10.96,8.033,0.598,11.38,2
11.43,30.26,8.21,2003.64,51.4,-6.2,53.7,4,M40,9.51,1.14,Low,2,1,0.2052,345.87,12.537,10.841,7.41,2
0.58,43.62,59.69,1123.12,31.9,37.3,46.7,10,M40,21.38,0.47,Low,2,1,1.4922,25.3,3.158,10.049,26.76,1
11.2,118.75,27.31,668.26,52.9,21.8,71.2,4,M30,1.95,1.23,Low,1,1,0.9103,1330.0,12.902,2.398,29.76,2
3.08,82.43,9.45,1484.39,57.0,-8.3,92.5,6,M50,14.4,0.45,Low,3,1,0.189,253.88,9.344,6.48,10.82,2
14.37,113.93,24.63,889.73,58.7,-7.6,47.2,8,M30,17.53,1.02,Low,1,1,0.821,1637.17,7.247,17.881,5.85,2
5.55,17.96,73.16,1918.32,36.4,26.8,24.7,7,M40,12.04,0.27,Medium,2,2,1.829,99.68,5.127,3.251,11.56,1
4.94,46.47,77.38,776.02,32.8,38.4,87.3,4,M30,6.38,0.89,High,1,0,2.5793,229.56,8.0,5.678,50.98,1
2.28,67.01,46.06,1828.58,1.8,16.3,22.8,4,M50,8.16,0.44,Low,3,1,0.9212,152.78,0.439,3.59,8.28,0
4.62,10.13,40.37,635.09,69.6,23.3,91.5,5,M40,1.79,0.94,Low,2,1,1.0092,46.8,13.647,1.683,39.62,2
13.16,1.5099,88.12,2381.31,45.6,38.0,69.8,10,M20,7.31,0.9,High,0,0,4.406,19.87,4.515,6.579,40.48,2
14.91505,80.78,22.05,2663.39,16.0,26.6,90.6,5,M30,1.11,1.22,Low,1,1,0.735,1204.84,3.137,1.354,42.22,1
5.56,77.38,23.31,475.34,69.1,3.5,35.0,1,M40,18.16,0.89,Low,2,1,0.5828,430.23,62.818,16.162,8.22,2
6.76,49.88,29.81,1690.53,68.7,26.8,23.1,8,M40,22.45,0.65,Low,2,1,0.7452,337.19,8.481,14.592,10.81,2
10.84,59.27,19.68,340.96,74.2,27.7,56.6,10,M50,15.84,0.41,Low,3,1,0.3936,642.49,7.347,6.494,27.0,2
13.3,50.44,37.25,2133.82,65.7,34.0,53.8,5,M20,16.42,0.92,High,0,0,1.8625,670.85,12.882,15.106,29.05,2
8.92,3.86,82.42,998.97,74.65050000000001,27.3,44.9,3,M30,11.8,0.33,High,1,0,2.7473,34.43,24.081,3.894,21.24,2
5.9,40.91,57.3,1893.92,19.1,48.2,91.8,3,M30,3.9,1.11,Medium,1,2,1.91,241.37,6.161,4.329,62.61,1
6.22,22.07,40.02,1859.37,63.3,1.8,81.7,4,M20,0.19,0.47,Medium,0,2,2.001,137.28,15.439,0.089,17.81,2
10.45,12.71,84.42,3242.8,61.9,47.1,69.6,7,M30,8.6,0.78,High,1,0,2.814,132.82,8.718,6.708,46.7,2
0.17485,114.85,9.12,1966.88,18.1,22.3,32.2,5,M30,18.79,0.86,Low,1,1,0.304,20.08,3.549,16.159,13.62,1
9.31,72.32,22.87,2082.19,8.3,30.3,75.1,1,M20,24.01,0.6,Medium,0,2,1.1435,673.3,7.545,14.406,37.78,0
5.36,87.71,53.1,1465.62,73.5,-4.0,74.5,5,M20,10.78,0.93,High,0,0,2.655,470.13,14.412,10.025,11.92,2
11.92,38.53,57.32,3326.87,22.9,12.8,51.9,5,M20,9.13,0.48,High,0,0,2.866,459.28,4.49,4.382,17.02,1
1.44,47.78,8.36,2742.43,65.4,36.2,89.4,6,M40,11.15,0.24,Low,2,1,0.209,68.8,10.721,2.676,50.24,2
8.84,29.19,39.26,1070.38,1.4,32.4,32.5,7,M30,10.69,1.26,Low,1,1,1.3087,258.04,0.197,13.469,17.03,0
7.24,12.54,60.18,2970.31,2.6,-7.6,40.1,5,M20,15.65,0.55,High,0,0,3.009,90.79,0.51,8.608,4.97,0
9.65,22.3,64.34,1570.15,35.5,22.8,24.7,2,M30,18.35,0.98,High,1,0,2.1447,215.2,16.905,17.983,10.57,1
1.02,95.9,59.24,2917.47,18.7,-4.7,79.7,2,M20,19.62,0.76,High,0,0,2.962,97.82,8.905,14.911,12.19,1
8.72,81.63,32.25,2897.82,52.0,49.7,66.6,4,M50,16.24,0.94,Low,3,1,0.645,711.81,12.683,15.266,46.42,2
8.44,66.08,12.95,742.16,42.9,43.8,43.6,1,M20,10.94,0.32,Low,0,1,0.6475,557.72,39.0,3.501,27.82,2
8.43,57.54,41.3,2483.88,6.7,-8.7,32.3,7,M40,23.75,0.77,Low,2,1,1.0325,485.06,0.944,18.288,3.65,0
9.07,110.77,15.94,1088.19,13.0,41.5,23.0,1,M30,17.78,0.63,Low,1,1,0.5313,1004.68,11.818,11.201,14.15,0
10.16,9.66,85.55,1111.48,29.7,45.2,32.5,3,M40,10.67,0.7,Medium,2,2,2.1388,98.15,9.581,7.469,21.19,1
12.08,34.39,45.39,1107.58,14.7,11.2,54.0,10,M20,11.16,1.26,Medium,0,2,2.2695,415.43,1.455,14.062,16.85,0
4.08,42.64,31.97,2566.93,59.6,33.2,38.5,7,M20,20.45,0.35,Medium,0,2,1.5985,173.97,8.394,7.157,20.48,2
12.38,94.11,70.14,881.41,31.8,16.5,39.4,6,M40,11.01,1.03,Medium,2,2,1.7535,1165.08,5.213,11.34,14.38,1
7.5,119.11,47.33,113.72415,7.9,29.3,85.7,7,M20,12.91,0.56,Medium,0,2,2.3665,893.32,1.113,7.23,42.25,0
1.2,29.64,31.35,2531.81,36.8,10.4,58.6,5,M40,7.29,0.52,Low,2,1,0.7838,35.57,7.216,3.791,17.81,1
0.93,105.04,74.02,682.03,7.7,9.4,74.7,8,M30,20.97,0.5,Medium,1,2,2.4673,97.69,0.951,10.485,21.96,0
5.05,99.84,78.71,455.24,10.5,15.5,22.7,6,M40,13.06,0.58,Medium,2,2,1.9678,504.19,1.721,7.575,8.06,0
11.78,27.73,62.21,907.55,18.7,-1.3,47.4,4,M50,13.81,0.59,Medium,3,2,1.2442,326.66,4.561,8.148,8.86,1
10.63,48.52,8.99,1391.66,64.6,39.9,55.9,1,M50,22.02,0.5,Low,3,1,0.1798,515.77,58.727,11.01,33.48,2
11.84,49.75,53.14,1718.08,69.4,10.9,34.0,2,M30,23.01,0.93,High,1,0,1.7713,589.04,33.048,21.399,10.51,2
7.78,117.41,69.88,251.54,62.1,14.0,29.0,6,M30,20.6,0.25,Medium,1,2,2.3293,913.45,10.18,5.15,9.86,2
6.63,22.53,16.6,3399.95,25.7,43.6,85.3,4,M50,1.63,0.57,Low,3,1,0.332,149.37,6.268,0.929,54.25,1
2.25,96.1,24.44,2534.61,21.2,19.8,90.5,3,M40,11.09,0.51,Low,2,1,0.611,216.22,6.839,5.656,36.02,1
4.96,40.77,80.01,1198.86,41.6,22.7,25.9,7,M20,8.58,1.03,High,0,0,4.0005,202.22,5.859,8.837,11.06,2
6.54,87.97,6.71,1183.57,54.4,47.4,46.2,7,M30,5.34,0.36,Low,1,1,0.2237,575.32,7.662,1.922,31.14,2
1.37,50.98,68.98,1625.04,74.5,43.2,91.9,2,M20,22.72,1.23,High,0,0,3.449,69.84,35.476,27.946,58.08,2
3.35,69.82,45.27,2229.23,10.7,0.2,26.2,8,M50,22.25,0.39,Low,3,1,0.9054,233.9,1.321,8.678,5.29,0
8.99,100.08,42.98,597.67,4.6,18.4,68.3,1,M20,11.63,0.61,Medium,0,2,2.149,899.72,4.182,7.094,26.23,0
11.05,96.7,5.67455,742.36,52.4,48.3,92.9,10,M30,3.36,0.42,Low,1,1,0.1892,1068.54,5.188,1.411,63.45,2
14.91505,104.1,74.65,3022.08,62.6,12.3,93.4,7,M40,0.33,0.52,Medium,2,2,1.8663,1552.66,8.817,0.172,30.17,2
14.0,8.09,35.59,971.27,63.6,12.3,55.3,10,M50,10.96,1.04,Low,3,1,0.7118,113.26,6.297,11.398,17.86,2
9.66,83.35,50.97,1392.66,51.2,1.7,32.2,1,M40,1.0,0.72,Medium,2,2,1.2742,805.16,46.545,0.72,6.99,2
6.35,17.66,62.57,3062.32,71.6,-3.1,35.2,3,M20,15.24,0.38,High,0,0,3.1285,112.14,23.097,5.791,5.95,2
9.56,50.48,64.72,2354.7,38.8,34.4,86.7,3,M30,15.21,0.25,High,1,0,2.1573,482.59,12.516,3.802,47.16,1
11.8,66.28,86.26,1261.82,68.6,36.2,88.4,10,M50,22.47,0.45,Medium,3,2,1.7252,782.1,6.792,10.112,49.68,2
1.82,48.93,50.16,2424.58,72.6,48.1,65.6,2,M40,4.75,1.24,Medium,2,2,1.254,89.05,34.571,5.89,44.67,2
6.18,62.83,38.98,166.92,63.7,36.4,77.5,10,M40,9.28,1.13,Low,2,1,0.9745,388.29,6.307,10.486,43.71,2
12.61,119.42545,86.06,2601.19,23.9,4.6,75.5,5,M40,21.49,0.68,High,2,0,2.1515,1505.95,4.686,14.613,18.57,1
5.79,17.09,59.58,1755.85,15.5,-7.6,69.6,4,M30,11.86,0.73,Medium,1,2,1.986,98.95,3.78,8.658,8.63,1
8.6,81.38,30.34,2864.82,41.6,49.1,82.0,6,M40,1.49,1.19,Low,2,1,0.7585,699.87,6.82,1.773,56.66,2
8.84,48.12,15.75,3345.77,34.5,10.4,71.4,2,M20,2.77,0.85,Low,0,1,0.7875,425.38,16.429,2.354,21.71,1
2.81,16.83,76.62,3247.68,66.0,8.7,60.1,4,M30,20.34,1.17,High,1,0,2.554,47.29,16.098,23.798,17.25,2
5.47,19.89,35.79,3191.5,8.4,44.4,37.8,7,M40,18.59,0.74,Low,2,1,0.8948,108.8,1.183,13.757,24.34,0
5.05,113.96,61.14,1841.38,20.1,25.1,75.8,1,M20,21.9,0.42,High,0,0,3.057,575.5,18.273,9.198,34.19,1
0.44,105.67,45.02,1324.48,56.6,2.9,55.5,3,M30,2.97,1.0,Low,1,1,1.5007,46.49,18.258,2.97,12.71,2
0.41,108.94,21.91,1681.12,8.0,43.3,42.1,1,M20,19.01,0.78,Low,0,1,1.0955,44.67,7.273,14.828,26.65,0
12.48,118.99,56.14,2445.65,24.7,49.6,80.1,2,M20,16.38,0.94,High,0,0,2.807,1485.0,11.762,15.397,55.75,1
4.13,25.79,10.16,3105.59,29.6,-4.8,72.3,9,M40,5.81,0.37,Low,2,1,0.254,106.51,3.253,2.15,10.99,1
7.8,43.3,40.13,803.75,47.1,41.7,90.3,10,M40,24.35,0.91,Low,2,1,1.0032,337.74,4.663,22.159,55.72,2
4.52,80.64,51.46,3221.86,12.7,13.4,32.4,5,M20,14.26,0.62,High,0,0,2.573,364.49,2.49,8.841,10.82,0
14.11,58.57,42.06,2871.61,64.7,21.4,68.7,4,M30,22.67,0.57,Medium,1,2,1.402,826.42,15.78,12.922,28.44,2
3.93,50.79,68.64,3428.11,34.1,44.9,38.3,4,M30,21.48,0.94,High,1,0,2.288,199.6,8.317,20.191,24.86,1
6.47,43.58,75.37,3092.86,68.9,48.4,87.8,8,M20,8.33,0.85,High,0,0,3.7685,281.96,8.506,7.08,60.06,2
13.1,71.66,70.56,1051.79,35.6,5.7,27.5,3,M40,13.4,0.91,Medium,2,2,1.764,938.75,11.484,12.194,7.07,1
12.64,69.5,8.3,460.25,21.4,2.8,69.2,4,M30,10.78,1.26,Low,1,1,0.2767,878.48,5.22,13.583,15.78,1
2.83,20.21,21.5,481.62,11.5,-5.2,79.3,2,M40,17.73,0.97,Low,2,1,0.5375,57.19,5.476,17.198,11.74,0
12.05,57.14,50.61,1090.16,1.4,23.7,46.6,6,M20,14.7,0.9,High,0,0,2.5305,688.54,0.23,13.23,20.36,0
6.9,66.86,84.46,2188.22,40.4,-9.2,91.6,9,M30,19.62,0.87,High,1,0,2.8153,461.33,4.44,17.069,9.89,2
7.27,68.86,75.97,2834.69,8.9,14.7,83.8,4,M20,0.29,0.64,High,0,0,3.7985,500.61,2.171,0.186,29.08,0
2.05,26.0,76.62,3157.45,30.0,-5.6,42.1,6,M20,17.19,1.12,High,0,0,3.831,53.3,4.918,19.253,6.06,1
1.25,89.33,30.77,2220.76,44.6,14.3,20.6,4,M40,7.98,0.62,Low,2,1,0.7692,111.66,10.878,4.948,7.07,2
10.93,4.0,41.5,119.15,21.4,-7.6,42.2,2,M20,5.61,0.97,Medium,0,2,2.075,43.72,10.19,5.442,5.23,1
7.47,43.22,45.01,733.48,14.0,40.1,41.1,6,M20,20.03,0.52,Medium,0,2,2.2505,322.85,2.295,10.416,24.7,0
6.58,93.85,18.38,439.07,58.3,2.6,86.7,7,M50,2.23,0.36,Low,3,1,0.3676,617.53,8.211,0.803,19.59,2
10.96,68.1,7.64,1335.3,71.1,9.7,92.5,4,M30,5.71,0.34,Low,1,1,0.2547,746.38,17.341,1.941,27.47,2
11.49,32.08,85.49,1804.59,8.4,42.2,25.3,7,M20,5.09,0.9,High,0,0,4.2745,368.6,1.183,4.581,15.74,0
2.43,83.7,25.46,247.55,12.5,34.8,55.3,8,M50,10.5,0.56,Low,3,1,0.5092,203.39,1.543,5.88,30.3,0
9.17,68.52,25.4,1284.83,72.0,3.1,61.1,3,M20,8.06,0.5,Low,0,1,1.27,628.33,23.226,4.03,14.11,2
2.07,95.75,12.09,709.21,3.8,-5.7,27.0,2,M40,18.01,0.85,Low,2,1,0.3022,198.2,1.81,15.308,3.86,0
11.28,88.47,83.92,2300.04,73.3,32.9,48.3,5,M20,17.48,0.23,High,0,0,4.196,997.94,14.373,4.02,25.55,2
9.87,73.6,54.28,1678.53,1.4,13.4,43.8,2,M30,8.14,0.47,Medium,1,2,1.8093,726.43,0.667,3.826,14.63,0
14.35,59.09,61.7,1784.08,65.7,36.0,60.2,10,M30,10.92,0.57,Medium,1,2,2.0567,847.94,6.505,6.224,33.71,2
1.08,16.85,82.48,1554.15,23.7,16.7,69.6,5,M20,5.2,0.98,High,0,0,4.124,18.2,4.647,5.096,25.54,1
0.9,32.1,34.38,3350.47,70.5,10.8,72.8,10,M30,16.77,0.8,Low,1,1,1.146,28.89,6.98,13.416,22.42,2
4.27,50.87,57.83,830.1,24.5,17.1,30.3,6,M30,9.91,1.14,Medium,1,2,1.9277,217.21,4.016,11.297,11.24,1
3.96,72.32,8.3,1856.66,49.4,34.9,81.0,8,M40,3.32,0.57,Low,2,1,0.2075,286.39,6.099,1.892,44.47,2
3.74,62.13,20.88,2602.46,6.9,44.1,70.9,6,M40,3.18,0.53,Low,2,1,0.522,232.37,1.131,1.685,45.45,0
13.6,35.29,75.66,1993.27,18.9,-7.0,86.7,4,M30,8.06,0.24,High,1,0,2.522,479.94,4.61,1.934,11.27,1
3.78,1.77,70.18,3258.67,58.3,21.4,53.7,3,M30,18.68,1.25,High,1,0,2.3393,6.69,18.806,23.35,22.23,2
4.12,60.05,34.8,1385.09,40.1,-8.0,87.0,2,M30,0.64,0.75,Low,1,1,1.16,247.41,19.095,0.48,10.44,2
11.4,34.99,37.03,1676.5,69.7,18.1,84.9,1,M40,6.44,0.75,Medium,2,2,0.9258,398.89,63.364,4.83,32.35,2
6.77,88.42,50.35,400.98,32.7,43.1,52.9,2,M30,4.06,1.22,Medium,1,2,1.6783,598.6,15.571,4.953,33.38,1
11.66,3.85,5.67455,2170.6,65.4,11.7,48.6,2,M30,23.91,0.52,Low,1,1,0.1892,44.89,31.143,12.433,15.41,2
1.03,70.59,25.51,1079.92,34.2,45.9,90.0,5,M30,17.63,0.57,Low,1,1,0.8503,72.71,6.706,10.049,59.31,1
7.34,113.04,22.7,645.05,73.5,27.8,73.6,9,M50,5.83,0.92,Low,3,1,0.454,829.71,8.077,5.364,35.18,2
0.55,21.75,26.29,1951.41,72.0,46.0,89.6,1,M30,5.19,1.06,Low,1,1,0.8763,11.96,65.455,5.501,59.14,2
0.99,57.13,73.5,1909.85,25.4,35.4,79.8,4,M20,21.45,0.97,High,0,0,3.675,56.56,6.195,20.806,44.21,1
13.6,11.88,28.77,357.96,66.6,-3.8,65.7,10,M30,4.76,1.07,Low,1,1,0.959,161.57,6.594,5.093,10.64,2
2.13,75.46,21.28,2473.93,63.7,3.9,28.7,7,M40,24.90505,0.83,Low,2,1,0.532,160.73,8.972,20.671,6.86,2
8.01,66.51,47.86,2220.83,16.6,13.7,41.9,10,M40,7.06,1.15,Low,2,1,1.1965,532.75,1.644,8.119,14.12,1
6.2,49.48,78.58,742.66,47.2,0.2,92.7,3,M40,2.11,0.81,Medium,2,2,1.9645,306.78,15.226,1.709,18.73,2
5.24,63.04,25.51,1696.08,6.4,19.7,44.0,8,M40,17.27,0.45,Low,2,1,0.6378,330.33,0.79,7.772,17.47,0
13.5,107.69,11.68,2549.1,62.9,18.3,27.0,3,M30,15.24,0.8,Low,1,1,0.3893,1453.82,20.29,12.192,10.34,2
0.38,24.36,35.29,1900.08,13.9,47.4,73.1,8,M30,24.90505,0.98,Low,1,1,1.1763,9.26,1.716,24.407,49.27,0
9.97,3.69,68.55,1444.66,6.2,16.0,75.1,2,M40,20.05,0.92,Medium,2,2,1.7138,36.79,2.952,18.446,27.04,0
14.45,103.54,51.81,1195.95,30.6,37.1,41.4,5,M20,10.72,0.47,High,0,0,2.5905,1496.15,6.0,5.038,23.64,1
8.42,69.68,74.43,2175.34,43.7,46.5,42.3,4,M30,16.92,0.25,High,1,0,2.481,586.71,10.659,4.23,28.13,2
14.06,106.99,86.57,3292.97,64.3,42.6,55.2,9,M40,20.45,0.48,High,2,0,2.1642,1504.28,7.066,9.816,34.56,2
0.83,72.04,72.38,2383.93,73.1,2.5,21.6,3,M40,12.84,1.28,Medium,2,2,1.8095,59.79,23.581,16.435,4.86,2
6.31,97.41,56.32,354.14,33.5,19.8,79.2,5,M50,6.82,0.4,Low,3,1,1.1264,614.66,6.569,2.728,31.52,1
3.94,52.13,46.93,1666.33,5.5,10.9,43.8,10,M50,5.25,0.71,Low,3,1,0.9386,205.39,0.545,3.728,13.53,0
10.98,90.23,8.41,3128.8,56.4,14.0,84.0,9,M20,7.38,0.9,Low,0,1,0.4205,990.73,6.198,6.642,28.56,2
14.72,109.65,88.67,421.17,42.8,11.6,80.2,6,M50,21.2,1.17,Medium,3,2,1.7734,1614.05,7.016,24.804,25.34,2
3.89,69.08,37.6,3462.18,34.1,39.6,69.6,2,M20,9.51,1.04,Medium,0,2,1.88,268.72,16.238,9.89,41.48,1
9.83,22.51,17.94,3326.84,23.9,17.1,44.4,1,M40,7.17,1.2,Low,2,1,0.4485,221.27,21.727,8.604,16.47,1
3.01,32.99,61.67,366.13,38.2,21.4,58.7,1,M20,20.15,0.86,High,0,0,3.0835,99.3,34.727,17.329,24.3,1
8.5,24.64,29.16,3273.61,26.1,48.9,53.4,7,M30,0.8,1.15,Low,1,1,0.972,209.44,3.676,0.92,36.79,1
6.99,30.38,54.79,1334.65,57.0,-6.4,45.4,2,M50,14.85,0.49,Low,3,1,1.0958,212.36,27.143,7.276,6.17,2
14.58,37.46,54.88,2972.01,41.2,19.3,83.6,7,M20,21.84,0.67,High,0,0,2.744,546.17,5.803,14.633,32.85,2
9.15,67.06,42.89,1522.5,65.9,36.4,56.3,1,M40,10.25,1.13,Medium,2,2,1.0722,613.6,59.909,11.582,31.75,2
5.28,70.97,76.07,1598.91,41.2,-0.9,82.5,4,M20,6.73,0.56,High,0,0,3.8035,374.72,10.049,3.769,15.76,2
1.76,51.75,27.52,2256.43,18.6,26.7,27.9,10,M20,12.29,1.16,Low,0,1,1.376,91.08,1.842,14.256,13.03,1
2.31,74.24,43.13,2733.22,64.0,4.4,30.6,4,M30,17.94,0.6,Medium,1,2,1.4377,171.49,15.61,10.764,7.47,2
3.42,10.71,50.7,214.88,42.2,42.0,93.3,5,M30,12.92,0.6,Medium,1,2,1.69,36.63,8.275,7.752,57.85,2
3.8,11.45,61.41,2116.73,16.3,9.6,64.1,10,M20,0.19,0.54,High,0,0,3.0705,43.51,1.614,0.103,18.97,1
12.77,21.45,71.64,734.89,47.1,9.7,58.2,1,M30,1.96,0.8,High,1,0,2.388,273.92,42.818,1.568,17.29,2
8.44,62.65,38.56,1276.23,27.5,25.9,59.2,7,M40,18.03,0.34,Low,2,1,0.964,528.77,3.873,6.13,27.17,1
7.87,26.47,59.91,1283.09,63.5,1.0,36.1,2,M20,10.0,0.24,High,0,0,2.9955,208.32,30.238,2.4,7.58,2
1.77,34.71,17.8,1694.81,34.5,7.1,73.9,2,M30,19.62,1.19,Low,1,1,0.5933,61.44,16.429,23.348,20.03,1
12.91,48.64,84.28,1236.06,54.8,15.0,26.4,8,M50,16.24,1.22,Medium,3,2,1.6856,627.94,6.765,19.813,9.24,2
10.86,97.61,37.56,465.03,8.1,11.2,63.0,9,M30,14.54,0.28,Low,1,1,1.252,1060.04,0.89,4.071,19.66,0
1.06,2.65,67.01,595.14,30.3,21.5,62.8,6,M30,22.53,0.8,Medium,1,2,2.2337,2.81,4.967,18.024,26.06,1
10.63,78.28,6.73,213.69,73.8,26.0,88.6,1,M40,0.53,0.79,Low,2,1,0.1682,832.12,67.091,0.419,40.76,2
8.18,80.6,22.44,1698.85,60.8,24.0,59.5,1,M40,3.88,0.61,Low,2,1,0.561,659.31,55.273,2.367,26.18,2
1.27,96.04,46.4,3345.12,12.8,29.3,30.3,7,M40,15.61,0.83,Low,2,1,1.16,121.97,1.803,12.956,14.94,0
6.9,112.0,79.65,493.3,21.6,8.5,63.0,8,M50,1.65,0.7,Low,3,1,1.593,772.8,2.667,1.155,17.96,1
7.3,3.4,49.82,3317.3,25.4,-2.4,26.8,3,M20,16.12,0.74,High,0,0,2.491,24.82,8.194,11.929,4.72,1
2.53,19.3,84.04,2593.43,49.1,35.6,35.3,9,M50,24.6,1.03,Medium,3,2,1.6808,48.83,5.396,25.338,19.63,2
14.19,106.45,46.12,2267.5,57.0,41.0,22.3,4,M50,21.97,0.78,Medium,3,2,0.9224,1510.53,13.902,17.137,13.6,2
12.76,55.56,46.69,2293.94,56.5,5.4,58.5,4,M40,14.77,0.56,Medium,2,2,1.1672,708.95,13.78,8.271,14.86,2
10.05,68.19,15.18,2910.87,38.7,14.4,26.3,3,M30,22.35,0.84,Low,1,1,0.506,685.31,12.484,18.774,9.05,1
6.96,79.9,73.23,463.53,61.0,19.9,55.2,8,M40,2.91,0.9,Medium,2,2,1.8308,556.1,7.531,2.619,22.02,2
6.21,81.81,25.99,1816.16,33.3,22.0,90.0,9,M20,11.37,0.93,Low,0,1,1.2995,508.04,3.659,10.574,37.8,1
9.78,111.88,81.47,2470.11,10.2,29.6,74.0,1,M40,10.72,0.88,Medium,2,2,2.0368,1094.19,9.273,9.434,36.7,0
8.2,119.42545,82.42,2095.19,42.8,-7.5,25.8,2,M20,8.41,0.93,High,0,0,4.121,979.29,20.381,7.821,3.22,2
0.98,86.7,85.18,2931.45,71.5,33.3,36.8,1,M40,0.13495,0.54,Medium,2,2,2.1295,84.97,65.0,0.073,19.61,2
7.71,35.18,49.22,345.72,59.7,-6.3,70.5,4,M30,22.28,0.69,Medium,1,2,1.6407,271.24,14.561,15.373,9.66,2
12.11,105.69,62.55,2448.38,43.8,18.1,87.1,10,M20,19.44,0.94,High,0,0,3.1275,1279.91,4.337,18.274,33.19,2
6.92,6.86,71.17,1915.69,48.9,39.7,22.5,7,M40,16.32,1.03,Medium,2,2,1.7792,47.47,6.887,16.81,13.43,2
0.83,28.5,16.14,1389.15,69.9,17.1,80.9,7,M30,3.22,0.68,Low,1,1,0.538,23.65,9.845,2.19,30.01,2
11.8,107.79,56.08,1256.93,32.7,-1.1,62.1,6,M40,9.46,0.6,Medium,2,2,1.402,1271.92,5.361,5.676,11.74,1
3.06,31.49,7.92,2210.83,25.5,49.1,61.0,5,M20,23.11,0.99,Low,0,1,0.396,96.36,5.0,22.879,42.15,1
3.92,27.26,47.29,3129.38,73.3,43.4,91.8,4,M40,15.42,0.44,Medium,2,2,1.1822,106.86,17.878,6.785,58.2,2
2.51,17.44,18.16,1787.0,64.9,36.3,76.1,8,M30,15.09,0.21,Low,1,1,0.6053,43.77,8.012,3.169,42.84,2
4.99,103.23,20.55,2904.06,24.9,14.7,83.8,7,M30,22.83,0.72,Low,1,1,0.685,515.12,3.507,16.438,29.08,1
11.36,60.51,36.03,1467.33,35.3,1.0,46.5,10,M30,14.0,0.39,Low,1,1,1.201,687.39,3.495,5.46,9.76,1
7.81,81.31,41.76,448.14,31.7,46.5,61.6,1,M40,14.94,0.62,Low,2,1,1.044,635.03,28.818,9.263,40.96,1
3.11,29.45,57.97,309.12,12.0,21.9,66.2,6,M40,8.64,0.52,Low,2,1,1.4492,91.59,1.967,4.493,27.74,0
13.17,91.21,11.33,274.54,71.9,41.1,44.1,2,M30,9.29,1.05,Low,1,1,0.3777,1201.24,34.238,9.754,26.95,2
13.2,91.44,47.81,1392.51,30.9,10.5,62.8,4,M30,17.14,0.56,Medium,1,2,1.5937,1207.01,7.537,9.598,19.15,1
13.07,38.2,20.52,1246.61,65.8,10.1,37.7,5,M30,8.01,0.9,Low,1,1,0.684,499.27,12.902,7.209,11.35,2
3.62,49.87,53.79,2540.99,15.0,49.1,30.8,8,M50,13.98,0.94,Low,3,1,1.0758,180.53,1.852,13.141,21.28,0
6.8,25.95,59.18,2625.59,41.5,21.3,48.0,6,M40,6.98,0.7,Medium,2,2,1.4795,176.46,6.803,4.886,19.82,2
14.78,117.21,52.32,272.9,2.8,-1.6,75.4,2,M30,4.15,0.29,Medium,1,2,1.744,1732.36,1.333,1.204,13.87,0
11.59,77.83,67.76,851.82,57.6,3.2,88.7,5,M30,11.36,0.97,High,1,0,2.2587,902.05,11.294,11.019,20.58,2
0.46,112.21,33.53,1032.49,44.0,18.9,54.3,5,M30,5.44,0.28,Low,1,1,1.1177,51.62,8.627,1.523,21.12,2
1.02,37.1,70.03,1961.88,47.3,-7.5,68.2,6,M40,22.46,0.31,Medium,2,2,1.7508,37.84,7.754,6.963,8.52,2
6.99,94.05,41.79,591.35,4.8,17.8,27.7,1,M20,7.59,0.42,Medium,0,2,2.0895,657.41,4.364,3.188,10.47,0
13.64,92.14,46.16,555.4,16.6,15.1,87.8,8,M40,14.94,0.51,Low,2,1,1.154,1256.79,2.049,7.619,30.82,1
8.1,83.31,60.09,3308.88,6.5,36.8,62.6,3,M20,6.59,1.13,High,0,0,3.0045,674.81,2.097,7.447,35.56,0
7.49,115.91,6.56,2834.29,22.4,11.3,78.5,5,M20,6.45,0.94,Low,0,1,0.328,868.17,4.392,6.063,24.57,1
1.63,47.83,60.59,714.23,47.4,49.0,79.6,7,M20,8.77,0.63,High,0,0,3.0295,77.96,6.676,5.525,54.92,2
9.87,16.56,57.58,1482.33,42.9,0.8,39.2,3,M40,22.9,1.28,Medium,2,2,1.4395,163.45,13.839,29.312,8.15,2
12.34,80.93,31.34,1309.11,46.3,25.5,59.7,10,M50,9.79,0.47,Low,3,1,0.6268,998.68,4.584,4.601,27.16,2
5.74,87.79,12.29,2789.41,41.6,-4.6,92.0,6,M20,20.53,0.87,Low,0,1,0.6145,503.91,6.82,17.861,14.17,2
11.65,69.43,12.73,1834.72,21.2,34.0,26.7,5,M30,4.93,1.13,Low,1,1,0.4243,808.86,4.157,5.571,14.42,1
14.47,25.61,83.47,534.69,19.1,49.7,71.2,7,M20,1.2,1.08,High,0,0,4.1735,370.58,2.69,1.296,49.63,1
3.1,61.03,63.59,2612.57,11.1,39.1,92.2,10,M40,19.54,0.3,Medium,2,2,1.5898,189.19,1.099,5.862,54.49,0
7.87,38.15,15.8,1449.42,63.8,23.3,42.5,3,M40,13.55,0.97,Low,2,1,0.395,300.24,20.581,13.144,18.4,2
4.34,51.87,35.32,993.94,46.6,19.1,84.6,2,M20,12.59,0.48,Medium,0,2,1.766,225.12,22.19,6.043,33.08,2
11.9,77.78,55.36,1376.7,14.8,40.1,90.0,4,M20,6.81,0.59,High,0,0,2.768,925.58,3.61,4.018,54.09,0
8.69,89.68,76.02,1792.37,14.1,46.2,76.0,3,M40,1.81,0.74,Medium,2,2,1.9005,779.32,4.548,1.339,50.31,0
9.54,28.63,8.71,1266.59,65.6,49.4,37.3,4,M40,12.07,1.07,Low,2,1,0.2178,273.13,16.0,12.915,25.89,2
11.98,49.23,25.11,922.48,56.0,13.8,45.1,7,M20,21.68,0.38,Low,0,1,1.2555,589.78,7.887,8.238,15.24,2
5.97,33.03,80.63,1454.91,49.8,49.5,22.7,5,M30,3.0,0.32,High,1,0,2.6877,197.19,9.765,0.96,15.78,2
13.73,24.64,5.78,165.19,31.1,-0.6,82.4,4,M40,23.23,0.37,Low,2,1,0.1445,338.31,7.585,8.595,15.99,1
8.02,94.22,22.12,2726.49,20.4,5.2,83.7,6,M30,6.87,0.44,Low,1,1,0.7373,755.64,3.344,3.023,21.09,1
2.41,109.2,86.52,681.21,73.5,-4.7,67.5,7,M30,13.3,0.27,High,1,0,2.884,263.17,10.352,3.591,10.33,2
10.45,45.06,57.14,249.28,60.0,6.3,46.4,5,M30,1.66,1.22,Medium,1,2,1.9047,470.88,11.765,2.025,12.2,2
11.91,90.4,27.24,2322.58,23.3,36.1,25.8,7,M30,10.63,0.55,Low,1,1,0.908,1076.66,3.282,5.847,14.47,1
4.79,107.74,10.69,2731.38,63.7,41.2,76.5,3,M30,3.15,0.39,Low,1,1,0.3563,516.07,20.548,1.228,46.82,2
12.86,101.69,7.4,2867.02,57.2,36.7,74.5,7,M50,1.2,0.9,Low,3,1,0.148,1307.73,8.056,1.08,42.24,2
13.6,22.75,25.8,1777.93,23.0,27.9,88.4,3,M20,24.16,1.07,Medium,0,2,1.29,309.4,7.419,25.851,42.34,1
4.19,114.8,79.93,798.25,32.6,20.8,74.8,6,M30,18.25,1.03,High,1,0,2.6643,481.01,5.344,18.798,30.52,1
14.75,45.82,40.35,2606.57,14.8,32.5,82.2,8,M20,17.98,0.99,High,0,0,2.0175,675.84,1.827,17.8,43.16,0
2.15,41.37,66.23,2479.02,9.2,13.5,75.9,6,M20,2.26,0.26,High,0,0,3.3115,88.95,1.508,0.588,25.43,0
3.07,8.43,83.05,937.32,54.5,40.5,67.3,10,M40,23.23,1.06,Medium,2,2,2.0762,25.88,5.396,24.624,40.72,2
2.8,58.85,39.68,3171.59,20.8,30.6,52.0,3,M50,11.74,0.75,Low,3,1,0.7936,164.78,6.71,8.805,26.31,1
13.42,13.97,21.26,454.86,61.7,31.9,87.7,5,M20,21.31,0.91,Medium,0,2,1.063,187.48,12.098,19.392,45.52,2
9.83,30.58,48.96,3441.14,74.65050000000001,22.2,68.8,9,M50,0.32,1.25,Low,3,1,0.9792,300.6,8.203,0.4,29.03,2
2.32,38.72,82.19,3024.84,6.7,43.1,49.9,8,M30,7.46,1.09,High,1,0,2.7397,89.83,0.827,8.131,31.49,0
6.63,97.25,73.37,2438.86,36.0,5.1,26.3,6,M30,24.9,1.11,High,1,0,2.4457,644.77,5.902,27.639,6.6,1
9.25,105.18,10.6,3291.75,60.4,12.9,41.8,9,M20,10.7,0.4,Low,0,1,0.53,972.92,6.637,4.28,13.75,2
1.3,36.99,63.87,2555.86,59.4,36.7,60.8,2,M30,22.21,0.72,High,1,0,2.129,48.09,28.286,15.991,34.47,2
13.24,103.19,53.61,747.55,57.2,19.6,40.7,9,M30,8.2,1.24,Medium,1,2,1.787,1366.24,6.286,10.168,16.12,2
12.06,103.01,82.13,1603.33,26.8,43.4,36.6,10,M30,13.13,0.84,High,1,0,2.7377,1242.3,2.653,11.029,23.2,1
7.6,91.99,15.41,343.11,34.6,10.8,59.6,10,M30,21.36,0.31,Low,1,1,0.5137,699.12,3.426,6.622,18.36,1
14.51,18.46,50.39,1424.84,45.0,12.2,32.7,6,M30,15.15,1.01,Medium,1,2,1.6797,267.85,7.377,15.302,10.53,2
6.3,83.15,79.75,2621.45,73.1,43.3,80.0,9,M30,18.13,0.25,High,1,0,2.6583,523.84,8.033,4.532,50.64,2
14.76,113.46,39.85,1413.91,25.2,17.9,56.3,4,M30,5.72,1.02,Medium,1,2,1.3283,1674.67,6.146,5.834,21.34,1
10.04,82.22,45.97,1223.0,69.3,21.0,63.0,5,M40,3.9,1.17,Medium,2,2,1.1492,825.49,13.588,4.563,25.83,2
9.54,40.46,10.99,2124.21,20.9,10.0,31.1,2,M40,5.76,0.67,Low,2,1,0.2748,385.99,9.952,3.859,9.33,1
2.53,60.57,28.64,3065.5,74.2,6.6,44.3,3,M20,12.33,0.65,Medium,0,2,1.432,153.24,23.935,8.014,11.78,2
13.23,77.84,32.58,261.78,50.6,29.4,50.8,1,M30,20.02,0.53,Medium,1,2,1.086,1029.82,46.0,10.611,25.1,2
6.44,61.76,85.34,1410.6,35.3,-2.8,80.6,4,M40,8.85,1.16,Medium,2,2,2.1335,397.73,8.61,10.266,13.86,1
2.48,15.27,29.03,638.02,46.4,42.8,77.8,2,M20,14.12,0.8,Medium,0,2,1.4515,37.87,22.095,11.296,48.86,2
0.24,38.14,44.17,2464.2,21.2,36.8,36.7,2,M40,20.12,0.84,Medium,2,2,1.1042,9.15,10.095,16.901,20.85,1
8.42,96.49,62.06,459.46,21.3,1.4,66.2,1,M30,5.97,0.93,Medium,1,2,2.0687,812.45,19.364,5.552,14.17,1
7.93,103.51,18.79,2360.35,9.4,31.6,38.3,10,M30,22.07,0.53,Low,1,1,0.6263,820.83,0.931,11.697,19.76,0
10.8,17.34,46.35,1073.01,9.4,26.2,94.1,2,M20,23.83,0.68,High,0,0,2.3175,187.27,4.476,16.204,43.47,0
13.36,114.33,67.78,776.32,26.7,1.1,91.4,4,M50,0.97,1.02,Medium,3,2,1.3556,1527.45,6.512,0.989,19.29,1
1.24,40.13,78.68,3283.6,57.5,6.4,62.2,6,M50,1.48,1.28,Medium,3,2,1.5736,49.76,9.426,1.894,16.42,2
10.99,79.82,58.23,162.98,46.0,14.5,72.4,7,M50,2.27,0.24,Low,3,1,1.1646,877.22,6.479,0.545,24.98,2
2.85,90.47,61.87,1588.44,8.6,32.0,80.1,7,M20,19.42,0.25,High,0,0,3.0935,257.84,1.211,4.855,41.65,0
12.88,97.62,15.73,173.53,64.1,28.3,74.1,7,M40,4.73,0.67,Low,2,1,0.3932,1257.35,9.028,3.169,35.79,2
12.29,113.54,85.39,1744.22,45.5,21.9,72.5,4,M30,18.14,0.93,High,1,0,2.8463,1395.41,11.098,16.87,30.38,2
8.13,38.24,16.27,1803.56,72.1,36.1,91.9,5,M40,11.03,0.63,Low,2,1,0.4068,310.89,14.137,6.949,51.56,2
10.67,103.16,70.85,1193.65,50.6,35.5,64.7,3,M20,20.91,1.29,High,0,0,3.5425,1100.72,16.323,26.974,35.91,2
4.75,16.67,27.51,549.35,14.0,27.1,67.7,1,M40,20.21,0.41,Low,2,1,0.6878,79.18,12.727,8.286,31.89,0
7.09,84.9,84.36,1379.72,36.1,37.2,83.7,8,M50,23.99,0.21,Medium,3,2,1.6872,601.94,4.457,5.038,47.88,1
12.33,89.3,66.2,2385.69,49.0,10.1,70.2,10,M20,6.28,0.41,High,0,0,3.31,1101.07,4.851,2.575,21.13,2
6.92,81.65,69.07,2760.15,3.1,42.9,75.0,7,M20,5.73,1.18,High,0,0,3.4535,565.02,0.437,6.761,47.18,0
5.4,31.03,23.62,1904.55,2.1,26.9,37.6,9,M20,0.79,0.36,Low,0,1,1.181,167.56,0.231,0.284,17.63,0
7.44,104.89,42.66,2105.44,10.6,39.3,47.8,10,M20,10.26,0.73,Medium,0,2,2.133,780.38,1.05,7.49,28.35,0
12.43,21.09,57.51,782.1,19.6,22.8,31.0,4,M30,11.48,0.66,Medium,1,2,1.917,262.15,4.78,7.577,13.27,1
5.06,7.38,70.45,1076.92,32.8,3.1,57.9,5,M40,24.11,0.93,Medium,2,2,1.7612,37.34,6.431,22.422,13.37,1
2.65,86.38,13.84,650.45,37.1,22.5,54.2,5,M20,20.77,0.26,Low,0,1,0.692,228.91,7.275,5.4,23.04,1
10.69,57.58,86.8,947.6,11.2,12.3,94.6505,7,M30,4.17,0.92,High,1,0,2.8933,615.53,1.577,3.836,30.57,0
12.4,102.04,80.67,864.62,50.8,31.8,65.8,9,M30,19.96,0.59,High,1,0,2.689,1265.3,5.582,11.776,34.08,2
1.55,46.62,27.98,1866.13,45.1,18.5,79.0,8,M20,4.46,1.22,Low,0,1,1.399,72.26,5.568,5.441,30.42,2
3.64,21.03,74.93,2013.14,22.8,40.2,45.1,7,M30,1.94,1.13,Medium,1,2,2.4977,76.55,3.211,2.192,27.15,1
2.17,100.54,49.06,3312.82,2.0,30.7,82.4,1,M20,20.93,0.64,High,0,0,2.453,218.17,1.818,13.395,41.78,0
5.25,66.32,44.25,764.94,6.7,31.1,66.1,10,M30,24.4,1.29,Medium,1,2,1.475,348.18,0.663,31.476,33.78,0
6.78,23.51,31.73,2281.7,30.0,3.0,72.3,6,M20,2.2,0.26,Low,0,1,1.5865,159.4,4.918,0.572,16.63,1
11.24,86.73,54.38,2878.68,12.4,49.1,42.1,10,M40,20.35,1.07,Medium,2,2,1.3595,974.85,1.228,21.775,29.09,0
9.78,61.82,67.04,2004.82,28.9,40.5,61.1,9,M20,21.48,0.68,High,0,0,3.352,604.6,3.176,14.606,36.97,1
9.33,72.91,39.93,967.01,47.5,37.3,67.6,7,M50,2.97,0.68,Low,3,1,0.7986,680.25,6.69,2.02,38.73,2
5.32,55.85,58.48,992.67,41.5,9.8,64.2,1,M40,7.08,0.39,Medium,2,2,1.462,297.12,37.727,2.761,19.13,2
12.63,99.62,64.44,233.46,18.1,22.1,88.6,9,M30,18.34,0.77,Medium,1,2,2.148,1258.2,1.989,14.122,37.3,1
7.1,99.72,65.45,1138.51,26.4,-1.8,87.4,3,M30,20.19,0.29,Medium,1,2,2.1817,708.01,8.516,5.855,15.91,1
14.69,85.42,9.42,2631.65,46.4,22.3,92.8,9,M20,8.85,0.88,Low,0,1,0.471,1254.82,5.099,7.788,39.25,2
9.53,13.54,78.08,261.56,64.7,-1.2,70.1,4,M40,4.0,0.47,Medium,2,2,1.952,129.04,15.78,1.88,13.18,2
1.94,100.82,43.95,845.6,56.7,23.2,92.9,9,M30,16.21,1.0,Medium,1,2,1.465,195.59,6.231,16.21,40.13,2
10.16,80.85,27.31,2501.19,42.0,28.9,82.4,8,M40,17.55,0.87,Low,2,1,0.6828,821.44,5.185,15.269,40.29,2
4.91,83.95,25.55,2761.02,27.8,13.4,40.3,7,M20,12.59,1.02,Medium,0,2,1.2775,412.19,3.915,12.842,13.46,1
10.31,44.19,46.06,1648.08,28.0,19.9,52.1,4,M20,3.62,1.02,Medium,0,2,2.303,455.6,6.829,3.692,20.79,1
1.09,105.63,80.38,2473.45,66.1,42.5,37.9,9,M30,21.11,0.42,High,1,0,2.6793,115.14,7.264,8.866,23.69,2
2.66,87.32,37.16,1419.04,3.9,-3.5,20.3,4,M20,16.13,0.21,Medium,0,2,1.858,232.27,0.951,3.387,3.35,0
12.84,14.4,68.73,643.71,74.1,37.5,34.1,1,M30,21.73,0.6,High,1,0,2.291,184.9,67.364,13.038,19.61,2
3.45,49.53,13.23,1453.71,50.2,0.2,20.3,6,M20,23.32,1.21,Low,0,1,0.6615,170.88,8.23,28.217,4.1,2
12.56,106.48,45.46,2071.89,51.4,-7.8,74.0,4,M40,20.14,0.84,Medium,2,2,1.1365,1337.39,12.537,16.918,9.03,2
4.23,6.62,89.29,3323.38,3.8,1.1,51.9,10,M40,23.97,1.0,Medium,2,2,2.2322,28.0,0.376,23.97,10.95,0
9.66,115.41,70.49,333.75,45.8,35.9,43.4,3,M20,23.86,1.17,High,0,0,3.5245,1114.86,14.774,27.916,24.26,2
10.43,81.82,22.89,1825.14,36.9,14.3,77.1,5,M30,15.48,1.2,Low,1,1,0.763,853.38,7.235,18.576,26.45,1
7.71,76.13,47.62,1218.33,8.8,42.4,82.4,3,M30,18.2,0.78,Medium,1,2,1.5873,586.96,2.839,14.196,51.42,0
4.61,33.2,24.86,1828.26,21.6,21.5,93.1,9,M40,17.49,0.8,Low,2,1,0.6215,153.05,2.374,13.992,38.64,1
3.23,30.61,39.81,181.52,66.9,-8.7,68.2,6,M30,15.53,1.14,Low,1,1,1.327,98.87,10.967,17.704,7.71,2
0.55,113.1,71.31,1164.29,41.7,33.0,54.6,3,M20,0.48,1.09,High,0,0,3.5655,62.21,13.452,0.523,28.94,2
4.59,36.49,70.55,2887.55,31.6,-3.4,42.9,5,M20,8.9,0.97,High,0,0,3.5275,167.49,6.196,8.633,7.12,1
9.81,93.29,24.39,1983.4,6.4,37.4,36.7,8,M30,2.5,0.86,Low,1,1,0.813,915.17,0.79,2.15,21.07,0
14.08,47.78,83.39,1631.98,53.8,0.1,36.0,8,M50,7.51,0.88,Medium,3,2,1.6678,672.74,6.642,6.609,7.24,2
13.07,17.57,55.37,1070.79,53.0,10.7,50.7,6,M40,1.71,0.6,Medium,2,2,1.3842,229.64,8.689,1.026,15.56,2
11.5,2.28,37.29,1113.34,46.4,35.7,94.4,5,M20,23.0,1.13,High,0,0,1.8645,26.22,9.098,25.99,52.58,2
11.84,65.77,47.66,1402.54,38.8,47.3,20.3,5,M40,11.28,0.88,Medium,2,2,1.1915,778.72,7.608,9.926,13.66,1
9.99,117.12,56.43,2940.94,33.1,12.3,34.8,1,M50,4.73,0.45,Medium,3,2,1.1286,1170.03,30.091,2.129,11.24,1
3.94,44.93,52.59,3388.52,44.9,39.8,34.1,2,M20,14.62,0.46,High,0,0,2.6295,177.02,21.381,6.725,20.39,2
13.61,43.51,46.34,1591.43,18.3,1.4,73.8,4,M40,4.91,1.15,Medium,2,2,1.1585,592.17,4.463,5.646,15.79,1
10.08,41.95,47.92,1437.4,70.7,38.4,46.4,6,M30,20.11,0.89,Medium,1,2,1.5973,422.86,11.59,17.898,27.1,2
8.43,62.94,20.0,2978.27,44.6,29.4,54.3,7,M40,7.65,0.64,Low,2,1,0.5,530.58,6.282,4.896,26.82,2
1.71,53.44,74.08,1551.48,24.0,1.6,31.1,1,M30,7.87,0.41,Medium,1,2,2.4693,91.38,21.818,3.227,6.72,1
6.73,105.71,51.05,1976.86,34.3,8.2,50.4,8,M50,21.75,0.87,Low,3,1,1.021,711.43,4.235,18.922,14.21,1
6.93,61.16,16.14,885.2,60.6,-2.1,27.7,1,M20,13.98,0.4,Low,0,1,0.807,423.84,55.091,5.592,4.96,2
12.98,61.42,70.12,2627.91,13.0,13.0,60.0,9,M40,22.18,0.72,Medium,2,2,1.753,797.23,1.429,15.97,19.8,0
8.22,17.47,84.26,1908.76,22.7,2.2,27.3,4,M20,10.32,0.95,High,0,0,4.213,143.6,5.537,9.804,6.06,1
5.74,117.95,85.52,2850.72,51.3,28.6,79.3,7,M30,8.6,0.82,High,1,0,2.8507,677.03,7.225,7.052,38.54,2
14.65,30.75,36.37,2754.49,24.3,49.7,62.5,6,M50,12.66,1.21,Low,3,1,0.7274,450.49,3.984,15.319,43.56,1
1.71,9.73,16.52,831.02,59.6,-9.3,74.3,9,M40,1.54,0.24,Low,2,1,0.413,16.64,6.549,0.37,7.95,2
6.37,79.91,49.06,2533.16,10.7,22.5,51.4,2,M30,3.86,0.51,Medium,1,2,1.6353,509.03,5.095,1.969,21.84,0
0.68,71.85,14.57,2820.18,57.4,24.4,48.6,7,M30,5.49,0.26,Low,1,1,0.4857,48.86,8.085,1.427,21.58,2
11.11,50.4,84.39,1276.76,6.1,44.9,27.4,5,M20,20.42,0.41,High,0,0,4.2195,559.94,1.196,8.372,17.78,0
13.78,51.24,20.6,686.87,1.9,20.4,59.3,7,M20,18.34,0.34,Low,0,1,1.03,706.09,0.268,6.236,23.96,0
4.24,94.42,26.49,113.72415,67.5,22.6,58.6,1,M40,4.83,1.01,Low,2,1,0.6622,400.34,61.364,4.878,24.96,2
12.88,24.29,39.56,1633.07,44.0,18.3,55.1,10,M30,6.92,0.61,Low,1,1,1.3187,312.86,4.356,4.221,21.1,2
4.42,98.61,37.57,1298.27,27.0,6.1,75.5,9,M30,23.61,1.22,Low,1,1,1.2523,435.86,2.967,28.804,19.71,1
13.67,78.2,72.55,1986.69,18.2,-6.6,82.4,1,M40,2.15,0.23,Medium,2,2,1.8138,1068.99,16.545,0.494,11.04,1
11.32,50.86,43.79,739.34,46.6,14.5,76.3,5,M30,13.69,0.92,Medium,1,2,1.4597,575.74,9.137,12.595,26.32,2
12.08,55.51,19.52,3022.86,38.7,-6.8,30.8,8,M20,13.05,1.27,Medium,0,2,0.976,670.56,4.778,16.574,4.07,1
0.32,31.54,27.71,976.37,74.4,23.0,66.7,1,M30,18.14,0.39,Low,1,1,0.9237,10.09,67.636,7.075,28.68,2
14.44,90.5,48.27,869.86,73.8,8.4,26.0,7,M50,6.54,0.69,Low,3,1,0.9654,1306.82,10.394,4.513,7.38,2
10.91,62.03,17.53,1734.43,48.0,22.0,72.1,2,M40,23.37,0.97,Low,2,1,0.4382,676.75,22.857,22.669,30.28,2
4.61,39.18,56.99,1796.09,33.8,-1.9,48.6,7,M30,10.26,0.9,Medium,1,2,1.8997,180.62,4.761,9.234,8.8,1
12.45,71.93,53.09,831.29,37.3,46.0,29.9,7,M20,7.14,0.82,High,0,0,2.6545,895.53,5.254,5.855,19.73,1
4.26,119.42545,65.75,1024.33,51.5,43.7,84.7,9,M30,8.42,0.56,Medium,1,2,2.1917,508.75,5.659,4.715,53.95,2
13.1,52.8,84.7,677.0,8.5,1.4,66.1,6,M40,8.72,1.0,Medium,2,2,2.1175,691.68,1.393,8.72,14.15,0
1.73,110.56,82.54,2542.76,25.3,10.6,46.6,4,M20,4.97,0.92,High,0,0,4.127,191.27,6.171,4.572,14.26,1
10.57,42.06,85.42,2718.3,6.6,26.8,22.3,7,M30,23.2,0.38,High,1,0,2.8473,444.57,0.93,8.816,10.44,0
8.13,7.51,25.8,1671.92,6.4,-4.3,60.3,7,M50,4.37,1.26,Low,3,1,0.516,61.06,0.901,5.506,9.47,0
1.49,25.3,16.18,2527.9,15.5,11.3,89.2,4,M30,22.07,0.81,Low,1,1,0.5393,37.7,3.78,17.877,27.92,1
3.67,50.82,30.69,2602.18,36.9,5.1,64.7,2,M30,10.12,0.78,Low,1,1,1.023,186.51,17.571,7.894,16.24,1
0.24,27.14,81.08,570.14,59.1,44.9,92.9,9,M30,6.73,1.13,High,1,0,2.7027,6.51,6.495,7.605,60.29,2
7.06,1.5099,87.62,3385.01,36.9,41.2,30.2,8,M20,4.96,0.9,High,0,0,4.381,10.66,4.556,4.464,18.48,1
4.55,109.89,78.04,2891.51,25.8,24.8,62.6,5,M20,12.61,0.28,High,0,0,3.902,500.0,5.059,3.531,28.04,1
9.0,101.42,14.35,795.24,7.1,21.2,79.9,5,M50,16.73,0.76,Low,3,1,0.287,912.78,1.392,12.715,32.92,0
4.49,89.33,85.53,732.96,41.7,45.8,59.4,1,M20,22.46,1.06,High,0,0,4.2765,401.09,37.909,23.808,39.09,2
4.53,20.97,40.99,527.25,21.1,45.9,26.8,9,M30,16.31,0.97,Low,1,1,1.3663,94.99,2.319,15.821,17.66,1
11.16,15.32,5.79,570.49,46.5,48.2,63.7,10,M30,12.09,1.27,Low,1,1,0.193,170.97,4.604,15.354,43.44,2
0.77,9.04,42.6,2643.75,73.3,-2.5,65.9,8,M40,0.84,0.23,Low,2,1,1.065,6.96,9.049,0.193,11.53,2
13.55,87.16,8.92,1696.82,9.2,-0.4,74.7,5,M40,22.89,0.49,Low,2,1,0.223,1181.02,1.804,11.216,14.64,0
12.79,111.53,51.23,2761.98,16.7,30.6,77.1,10,M20,22.56,0.8,High,0,0,2.5615,1426.47,1.653,18.048,39.01,1
10.03,52.23,33.78,2637.27,36.0,22.5,77.8,6,M40,9.47,0.88,Low,2,1,0.8445,523.87,5.902,8.334,33.06,1
8.92,15.18,45.24,2155.68,72.7,-8.9,69.8,10,M30,0.73,0.5,Low,1,1,1.508,135.41,7.198,0.365,7.75,2
13.39,61.97,57.12,2433.65,58.1,-6.3,36.2,10,M30,18.33,1.11,High,1,0,1.904,829.78,5.752,20.346,4.96,2
2.82,42.51,78.85,162.41,67.5,43.3,50.3,8,M40,19.79,0.38,Medium,2,2,1.9712,119.88,8.333,7.52,31.84,2
1.23,45.6,61.26,1160.04,25.7,42.1,78.2,6,M20,13.56,0.21,High,0,0,3.063,56.09,4.213,2.848,48.56,1
3.63,74.94,41.89,2268.6,74.4,11.4,91.5,10,M50,10.07,1.25,Low,3,1,0.8378,272.03,7.366,12.588,28.73,2
11.93,86.53,74.65,131.77,8.6,43.5,25.9,4,M30,21.28,0.63,High,1,0,2.4883,1032.3,2.098,13.406,16.45,0
0.57,14.16,81.97,212.12,4.9,25.6,60.2,3,M30,4.81,1.25,Medium,1,2,2.7323,8.07,1.581,6.012,27.45,0
8.76,5.24,15.18,2996.42,64.3,38.4,43.4,7,M30,10.99,0.51,Low,1,1,0.506,45.9,9.056,5.605,25.35,2
14.91505,119.33,50.21,2425.68,69.6,15.6,36.9,2,M20,0.61,0.27,High,0,0,2.5105,1779.81,33.143,0.165,13.14,2
12.84,28.69,29.18,1002.26,7.7,-3.2,57.9,7,M30,4.1,1.05,Low,1,1,0.9727,368.38,1.085,4.305,9.73,0
7.85,7.41,9.0,2439.07,9.4,16.0,65.5,1,M20,23.52,1.12,Low,0,1,0.45,58.17,8.545,26.342,23.58,0
1.0,23.6,61.83,2794.35,3.5,17.4,20.7,10,M30,14.45,0.74,Medium,1,2,2.061,23.6,0.347,10.693,7.74,0
12.48,5.64,78.34,1143.1,8.7,23.1,78.5,5,M40,20.14,0.28,Medium,2,2,1.9585,70.39,1.706,5.639,33.83,0
9.0,47.63,18.85,222.53,16.5,-3.7,81.5,9,M40,12.16,0.92,Low,2,1,0.4713,428.67,1.813,11.187,13.28,1
1.77,96.49,74.06,3271.45,72.8,49.5,92.4,1,M20,20.87,0.4,High,0,0,3.703,170.79,66.182,8.348,64.22,2
1.45,41.61,77.54,1273.61,50.4,4.6,33.5,8,M30,13.47,1.13,High,1,0,2.5847,60.33,6.222,15.221,8.24,2
13.65,53.86,82.72,462.04,58.6,1.9,64.6,9,M30,0.13495,0.5,High,1,0,2.7573,735.19,6.44,0.067,14.15,2
10.05,81.39,27.55,1772.31,58.4,21.6,52.0,9,M30,22.49,1.13,Low,1,1,0.9183,817.97,6.418,25.414,21.63,2
12.45,61.56,81.84,2712.79,40.6,22.2,45.1,8,M20,3.71,0.67,High,0,0,4.092,766.42,5.012,2.486,19.03,2
13.19,103.51,32.26,853.6,60.0,16.4,62.4,4,M40,11.26,0.86,Low,2,1,0.8065,1365.3,14.634,9.684,22.71,2
8.6,104.06,51.95,1016.27,45.1,36.3,78.7,7,M20,11.92,1.07,High,0,0,2.5975,894.92,6.352,12.754,44.31,2
7.79,2.18,9.29,925.23,24.3,21.0,21.7,1,M50,1.18,0.24,Low,3,1,0.1858,16.98,22.091,0.283,8.9,1
6.48,93.59,8.73,3471.69,42.5,26.6,92.7,7,M30,1.33,1.1,Low,1,1,0.291,606.46,5.986,1.463,43.2,2
4.79,55.83,66.23,771.17,40.5,33.4,80.7,6,M40,19.06,0.35,Medium,2,2,1.6558,267.43,6.639,6.671,43.09,2
6.55,118.67,42.78,2056.77,61.9,-8.5,76.3,5,M20,7.51,0.59,Medium,0,2,2.139,777.29,12.137,4.431,8.77,2
11.62,58.5,26.78,3245.9,73.6,24.2,77.0,1,M40,10.24,0.72,Medium,2,2,0.6695,679.77,66.909,7.373,34.03,2
9.05,118.44,21.19,599.45,31.4,43.1,49.2,8,M20,14.1,1.18,Low,0,1,1.0595,1071.88,3.877,16.638,31.05,1
13.39,90.79,61.95,3400.9,57.5,-9.0,76.4,10,M40,9.33,0.22,Medium,2,2,1.5488,1215.68,5.693,2.053,8.4,2
6.68,30.58,5.67455,3321.42,8.4,14.3,49.0,1,M30,19.38,0.82,Low,1,1,0.1892,204.27,7.636,15.892,16.81,0
9.13,65.07,73.5,3107.54,58.5,45.6,87.4,1,M30,22.11,0.91,High,1,0,2.45,594.09,53.182,20.12,57.33,2
9.49,119.06,11.74,829.49,28.5,11.2,33.3,3,M20,1.49,0.55,Low,0,1,0.587,1129.88,9.194,0.82,10.39,1
8.9,103.05,21.28,2255.79,3.9,17.5,41.9,8,M20,15.89,0.52,Low,0,1,1.064,917.14,0.481,8.263,15.71,0
10.55,12.59,37.83,2687.03,27.9,48.9,61.4,8,M40,7.94,0.74,Low,2,1,0.9458,132.82,3.444,5.876,42.3,1
3.6,85.06,46.21,3452.49,46.2,2.0,43.9,7,M30,14.58,0.41,Medium,1,2,1.5403,306.22,6.507,5.978,9.66,2
7.71,42.12,35.17,713.44,9.8,-6.1,51.8,5,M30,12.1,0.71,Low,1,1,1.1723,324.75,1.922,8.591,7.2,0
1.61,1.83,32.26,2704.49,69.4,41.6,56.9,8,M20,8.34,1.04,Medium,0,2,1.613,2.95,8.568,8.674,35.05,2
5.8,49.01,86.93,1251.92,6.7,42.1,84.2,2,M20,2.37,1.13,High,0,0,4.3465,284.26,3.19,2.678,52.29,0
7.34,28.94,59.53,697.13,69.8,18.3,59.2,8,M40,13.99,0.62,Medium,2,2,1.4882,212.42,8.617,8.674,22.67,2
9.8,98.45,6.99,1532.68,53.3,20.9,47.2,2,M40,2.82,0.88,Low,2,1,0.1748,964.81,25.381,2.482,19.3,2
14.26,41.14,41.56,2799.04,25.4,40.1,38.6,10,M30,3.9,0.21,Low,1,1,1.3853,586.66,2.515,0.819,23.2,1
9.03,99.48,79.38,1680.49,29.9,34.3,50.7,5,M30,24.55,0.81,High,1,0,2.646,898.3,5.863,19.886,27.53,1
11.17,1.5099,30.62,1927.58,55.8,5.9,58.7,4,M40,7.92,1.27,Low,2,1,0.7655,16.87,13.61,10.058,15.2,2
7.62,37.63,13.04,3478.6891000000005,45.5,-9.0,76.0,1,M40,14.61,0.54,Low,2,1,0.326,286.74,41.364,7.889,8.36,2
9.53,29.7,69.46,1456.97,50.7,18.8,29.1,5,M20,6.81,0.85,High,0,0,3.473,283.04,9.941,5.788,11.29,2
1.11,28.79,56.51,2192.36,29.8,41.5,36.6,7,M40,21.64,1.04,Medium,2,2,1.4128,31.96,4.197,22.506,22.51,1
3.85,9.11,53.48,1341.83,37.1,43.8,48.5,1,M30,7.08,0.87,Medium,1,2,1.7827,35.07,33.727,6.16,30.94,1
5.46,23.27,9.55,1435.47,74.3,47.4,47.0,2,M40,9.17,0.66,Low,2,1,0.2388,127.05,35.381,6.052,31.68,2
7.11,67.11,16.94,2465.18,16.8,42.8,49.4,9,M30,15.21,0.37,Low,1,1,0.5647,477.15,1.846,5.628,31.02,1
0.73,35.67,57.92,3288.82,31.9,24.8,79.5,5,M30,21.75,0.71,Medium,1,2,1.9307,26.04,6.255,15.442,35.62,1
2.14,50.67,22.67,1944.02,22.6,16.7,44.3,7,M30,20.41,0.52,Low,1,1,0.7557,108.43,3.183,10.613,16.26,1
4.19,45.85,47.85,2712.56,57.6,36.5,57.6,2,M30,6.6,0.97,Medium,1,2,1.595,192.11,27.429,6.402,32.54,2
14.57,105.23,51.31,403.3,57.5,34.4,66.8,7,M30,20.74,0.69,Medium,1,2,1.7103,1533.2,8.099,14.311,36.34,2
5.0,108.73,29.1,817.94,22.6,22.3,37.4,7,M40,17.53,1.13,Low,2,1,0.7275,543.65,3.183,19.809,15.82,1
7.26,59.66,85.62,1807.25,7.0,-4.8,73.9,7,M30,24.75,0.41,High,1,0,2.854,433.13,0.986,10.147,11.23,0
2.98,40.29,76.61,168.04,1.8,45.6,61.0,5,M20,23.39,0.66,High,0,0,3.8305,120.06,0.353,15.437,40.02,0
9.18,13.71,66.4,959.71,32.6,17.3,53.5,9,M20,13.33,0.81,High,0,0,3.32,125.86,3.582,10.797,19.96,1
4.25,114.45,11.63,1859.16,31.4,11.8,80.7,2,M40,18.75,0.34,Low,2,1,0.2908,486.41,14.952,6.375,25.66,1
3.14,8.17,14.02,150.87,74.1,27.8,38.3,4,M40,14.25,0.85,Low,2,1,0.3505,25.65,18.073,12.112,18.31,2
7.77,36.42,46.89,999.46,35.8,30.4,86.2,2,M40,14.87,0.52,Low,2,1,1.1722,282.98,17.048,7.732,43.44,1
0.17485,36.47,18.66,1847.7,20.0,2.6,62.1,8,M30,2.54,0.45,Low,1,1,0.622,6.38,2.469,1.143,14.03,1
0.17485,39.13,88.15,2048.71,67.0,40.2,65.7,1,M30,0.13495,0.36,High,1,0,2.9383,6.84,60.909,0.049,39.55,2
3.33,20.55,18.47,3247.56,37.3,7.4,85.6,9,M20,1.2,0.58,Low,0,1,0.9235,68.43,4.099,0.696,23.45,1
0.6,94.2,46.43,2294.18,45.3,1.2,81.3,5,M50,24.17,1.22,Low,3,1,0.9286,56.52,8.882,29.487,17.24,2
1.66,15.58,35.95,1510.1,8.1,14.4,65.1,3,M20,3.16,0.23,Low,0,1,1.7975,25.86,2.613,0.727,22.39,0
5.12,76.55,59.35,3263.19,29.3,33.8,76.5,4,M30,1.11,1.14,Medium,1,2,1.9783,391.94,7.146,1.265,41.16,1
12.05,15.74,15.97,2768.6,70.9,47.9,52.5,1,M40,7.74,0.64,Low,2,1,0.3992,189.67,64.455,4.954,35.65,2
8.6,9.39,41.58,780.03,44.6,38.6,61.1,3,M40,14.7,0.82,Low,2,1,1.0395,80.75,14.387,12.054,35.8,2
7.71,109.22,28.35,544.86,26.5,46.4,24.7,8,M20,23.71,0.76,Medium,0,2,1.4175,842.09,3.272,18.02,16.4,1
4.44,23.63,80.46,2397.76,47.3,-1.6,26.7,2,M30,17.5,1.22,High,1,0,2.682,104.92,22.524,21.35,4.91,2
13.98,98.73,8.45,2003.6,68.4,-5.7,82.2,2,M30,6.91,1.05,Low,1,1,0.2817,1380.25,32.571,7.256,11.75,2
5.99,65.81,82.67,2784.89,21.3,23.5,24.5,9,M30,23.48,1.28,High,1,0,2.7557,394.2,2.341,30.054,10.66,1
1.35,10.26,75.8,2611.94,38.4,7.4,32.7,5,M20,0.9,1.07,High,0,0,3.79,13.85,7.529,0.963,8.96,1
9.28,114.7,30.29,2225.72,71.9,39.7,79.7,5,M40,24.48,0.53,Low,2,1,0.7572,1064.42,14.098,12.974,47.58,2
1.75,30.39,72.09,3453.7,13.8,30.3,20.3,1,M30,1.47,1.26,High,1,0,2.403,53.18,12.545,1.852,10.21,0
5.21,103.3,7.65,1914.21,54.3,48.2,41.2,6,M40,18.85,1.28,Low,2,1,0.1912,538.19,8.902,24.128,28.1,2
7.64,21.09,87.18,484.56,46.5,5.3,63.8,8,M20,1.13,0.34,High,0,0,4.359,161.13,5.741,0.384,16.14,2
13.12,102.62,49.76,2916.13,51.3,19.1,64.7,6,M20,23.29,1.19,High,0,0,2.488,1346.37,8.41,27.715,25.3,2
7.43,2.57,30.78,956.3,27.0,20.1,78.3,7,M40,2.72,0.93,Low,2,1,0.7695,19.1,3.803,2.53,31.4,1
10.55,61.9,35.82,2742.83,24.2,4.4,57.9,4,M40,1.26,1.21,Low,2,1,0.8955,653.05,5.902,1.525,14.13,1
14.89,92.56,10.64,3354.16,51.6,25.4,58.2,2,M40,22.23,1.21,Medium,2,2,0.266,1378.22,24.571,26.898,26.42,2
2.02,112.24,89.09,2469.1,17.0,16.6,74.4,1,M40,2.39,1.18,Medium,2,2,2.2272,226.72,15.455,2.82,27.23,1
4.16,109.2,8.34,2126.5,32.1,16.8,57.4,6,M20,19.95,1.17,Low,0,1,0.417,454.27,5.262,23.341,21.12,1
5.95,98.54,60.67,1665.31,14.9,11.8,65.6,9,M20,18.68,0.33,High,0,0,3.0335,586.31,1.637,6.164,20.86,0
6.36,106.69,42.63,1338.99,1.6,-9.0,87.3,10,M20,14.97,0.36,Medium,0,2,2.1315,678.55,0.158,5.389,9.6,0
6.19,24.71,85.66,1300.22,72.8,21.3,50.1,5,M50,9.45,0.33,Medium,3,2,1.7132,152.95,14.275,3.118,20.69,2
13.62,34.82,25.91,2263.67,32.9,10.1,48.9,2,M30,22.89,0.3,Medium,1,2,0.8637,474.25,15.667,6.867,14.72,1
10.72,35.39,50.23,2654.33,72.7,-9.6505,20.3,1,M20,21.78,0.59,High,0,0,2.5115,379.38,66.091,12.85,2.1,2
9.14,45.87,46.0,2406.96,11.4,8.5,66.0,3,M20,10.66,0.95,High,0,0,2.3,419.25,3.677,10.127,18.81,0
4.68,47.81,64.74,774.59,44.5,6.7,22.2,4,M40,5.79,0.59,Medium,2,2,1.6185,223.75,10.854,3.416,5.93,2
12.37,65.8,10.78,1779.56,15.9,13.6,57.8,7,M40,6.81,0.99,Low,2,1,0.2695,813.95,2.239,6.742,19.42,1
14.33,20.03,21.47,2791.58,59.5,-2.1,80.3,9,M50,5.51,1.1,Low,3,1,0.4294,287.03,6.538,6.061,14.37,2
12.33,83.26,23.24,1717.39,59.0,20.5,61.2,8,M30,13.53,0.93,Low,1,1,0.7747,1026.6,7.284,12.583,24.79,2
0.17485,20.94,67.74,1924.52,9.3,31.5,40.2,9,M30,21.71,0.71,Medium,1,2,2.258,3.66,1.022,15.414,20.7,0
9.56,37.93,21.08,2721.86,68.5,27.8,79.0,7,M20,19.34,0.53,Medium,0,2,1.054,362.61,9.648,10.25,37.76,2
0.81,60.9,53.75,2348.3,15.4,38.2,40.2,10,M20,19.89,0.34,Medium,0,2,2.6875,49.33,1.525,6.763,23.4,1
3.9,95.78,23.3,1491.77,46.4,17.1,75.0,8,M20,11.21,0.74,Low,0,1,1.165,373.54,5.728,8.295,27.83,2
0.94,89.0,78.24,3144.4,73.9,21.1,65.8,8,M20,8.06,0.99,High,0,0,3.912,83.66,9.123,7.979,27.04,2
9.08,77.82,85.09,652.73,66.3,38.6,32.7,1,M30,18.93,0.8,High,1,0,2.8363,706.61,60.273,15.144,19.16,2
10.31,19.54,49.07,3478.6891000000005,71.8,15.7,87.9,9,M50,19.83,0.99,Medium,3,2,0.9814,201.46,7.89,19.632,31.38,2
1.76,66.1,34.95,504.1,26.4,32.1,35.0,2,M20,17.38,0.57,Medium,0,2,1.7475,116.34,12.571,9.907,18.24,1
5.79,11.41,24.89,150.83,8.8,16.1,94.2,7,M50,0.8,0.27,Low,3,1,0.4978,66.06,1.239,0.216,34.01,0
6.87,45.91,9.23,3126.06,14.9,15.1,20.5,10,M30,14.74,1.05,Low,1,1,0.3077,315.4,1.475,15.477,7.2,0
5.57,50.21,27.82,932.84,38.0,35.6,39.8,10,M30,8.68,0.44,Low,1,1,0.9273,279.67,3.762,3.819,22.13,1
1.86,5.74,60.61,2580.98,59.7,0.5,35.0,5,M30,4.9,0.88,Medium,1,2,2.0203,10.68,11.706,4.312,7.18,2
6.31,33.6,50.36,2857.45,12.1,10.3,21.0,4,M30,17.36,1.08,Medium,1,2,1.6787,212.02,2.951,18.749,6.36,0
11.28,114.72,85.24,3020.55,49.8,3.5,74.9,1,M20,6.71,0.35,High,0,0,4.262,1294.04,45.273,2.348,17.6,2
1.11,114.48,38.68,3471.42,24.9,11.5,72.0,1,M40,22.82,0.86,Medium,2,2,0.967,127.07,22.636,19.625,22.68,1
1.25,42.93,63.98,1099.74,26.2,3.8,79.4,3,M40,7.45,0.96,Medium,2,2,1.5995,53.66,8.452,7.152,18.9,1
5.35,6.13,46.59,2514.83,50.0,24.8,39.3,1,M40,13.88,1.02,Medium,2,2,1.1648,32.8,45.455,14.158,17.61,2
14.13,22.31,48.57,492.36,35.6,37.9,53.3,8,M30,20.69,0.36,Medium,1,2,1.619,315.24,4.395,7.448,30.86,1
10.05,47.67,27.76,1483.15,61.1,37.2,69.4,3,M40,10.05,1.11,Low,2,1,0.694,479.08,19.71,11.156,39.7,2
10.2,113.79,43.67,2983.1,12.5,11.9,53.0,10,M30,20.72,0.3,Medium,1,2,1.4557,1160.66,1.238,6.216,16.91,0
5.46,17.8,45.02,1350.04,59.5,49.3,72.3,2,M50,18.09,0.77,Medium,3,2,0.9004,97.19,28.333,13.929,50.1,2
8.93,91.86,65.06,2109.72,5.8,25.6,67.5,6,M30,23.02,0.69,High,1,0,2.1687,820.31,0.951,15.884,30.78,0
0.2,13.93,84.95,1812.83,15.4,14.0,28.6,4,M50,8.15,0.44,Medium,3,2,1.699,2.79,3.756,3.586,9.72,1
9.56,117.77,32.99,2296.24,49.6,40.1,78.6,4,M40,2.63,0.53,Low,2,1,0.8248,1125.88,12.098,1.394,47.24,2
13.7,46.41,8.59,3407.84,64.3,33.8,74.1,2,M40,10.76,0.38,Low,2,1,0.2148,635.82,30.619,4.089,39.87,2
9.21,93.25,47.19,289.5,19.7,35.0,69.2,2,M20,19.65,0.67,High,0,0,2.3595,858.83,9.381,13.166,38.06,1
13.11,41.77,51.28,2051.47,25.2,1.8,31.6,6,M30,11.26,0.24,Medium,1,2,1.7093,547.6,4.131,2.702,6.89,1
10.87,75.69,19.32,3034.3,40.7,18.1,40.1,5,M30,6.55,1.18,Low,1,1,0.644,822.75,7.98,7.729,15.28,2
1.85,23.85,69.64,1736.7,16.7,41.7,49.5,9,M20,0.69,0.38,High,0,0,3.482,44.12,1.835,0.262,30.54,1
13.54,18.38,88.72,366.99,61.0,20.2,41.0,4,M30,7.83,1.17,High,1,0,2.9573,248.87,14.878,9.161,16.48,2
1.04,112.63,85.39,2005.83,58.2,31.0,37.1,5,M50,17.83,1.15,Medium,3,2,1.7078,117.14,11.412,20.504,18.92,2
8.03,110.2,21.75,1229.05,11.8,25.3,80.4,1,M30,3.69,0.7,Low,1,1,0.725,884.91,10.727,2.583,36.42,0
2.17,106.61,79.41,626.8,35.3,40.5,67.9,2,M20,8.52,0.75,High,0,0,3.9705,231.34,16.81,6.39,41.08,1
0.23,75.43,64.88,2986.72,58.3,7.1,62.4,3,M30,0.51,0.53,Medium,1,2,2.1627,17.35,18.806,0.27,16.91,2
6.36,97.18,43.58,1873.44,26.0,24.5,36.9,5,M20,18.04,1.29,High,0,0,2.179,618.06,5.098,23.272,16.42,1
4.46,9.22,50.95,3273.14,47.8,-2.6,88.9,5,M30,22.02,0.94,Medium,1,2,1.6983,41.12,9.373,20.699,15.47,2
7.32,40.84,77.22,2840.46,4.7,31.4,34.3,4,M30,14.21,1.25,High,1,0,2.574,298.95,1.146,17.763,17.63,0
8.68,38.33,45.81,2456.1,46.0,33.9,79.6,10,M30,0.65,0.66,Low,1,1,1.527,332.7,4.554,0.429,42.9,2
0.7,76.64,36.72,117.09,12.3,-7.4,92.5,3,M40,5.44,1.17,Low,2,1,0.918,53.65,3.968,6.365,11.66,0
1.89,43.36,46.93,1554.6,62.5,30.5,74.5,9,M20,10.96,0.69,Medium,0,2,2.3465,81.95,6.868,7.562,37.62,2
8.4,18.67,54.23,771.45,27.3,14.9,94.5,1,M40,14.69,1.15,Medium,2,2,1.3558,156.83,24.818,16.894,32.98,1
5.18,71.98,21.07,3196.71,21.8,-2.6,68.8,6,M50,12.41,0.34,Low,3,1,0.4214,372.86,3.574,4.219,11.97,1
10.95,97.91,81.58,693.59,63.2,15.2,36.3,7,M20,22.9,0.9,High,0,0,4.079,1072.11,8.901,20.61,12.78,2
9.8,46.47,62.31,1072.6,4.7,1.7,35.3,10,M40,23.47,0.95,Medium,2,2,1.5578,455.41,0.465,22.296,7.66,0
12.69,16.74,58.83,1857.25,30.3,14.9,44.3,4,M30,2.68,0.92,Medium,1,2,1.961,212.43,7.39,2.466,15.46,1
10.4,24.41,13.46,995.44,28.4,13.1,20.5,10,M30,3.46,0.69,Low,1,1,0.4487,253.86,2.812,2.387,6.79,1
6.48,29.26,56.35,813.54,22.1,34.3,71.1,3,M20,8.95,0.95,High,0,0,2.8175,189.6,7.129,8.502,38.61,1
10.11,36.69,15.28,2136.94,68.5,36.5,40.2,8,M30,10.53,0.46,Low,1,1,0.5093,370.94,8.457,4.844,22.71,2
4.17,77.49,11.69,402.36,56.6,26.4,81.1,9,M50,14.65,0.86,Low,3,1,0.2338,323.13,6.22,12.599,37.63,2
4.63,72.51,49.82,297.77,5.7,-8.6,46.9,1,M20,19.33,0.81,High,0,0,2.491,335.72,5.182,15.657,5.35,0
11.85,83.83,39.24,1365.63,53.9,45.9,56.0,10,M20,3.39,0.55,Medium,0,2,1.962,993.39,5.337,1.865,36.9,2
6.72,44.14,55.05,2550.26,40.0,31.2,92.4,9,M20,20.07,1.06,High,0,0,2.7525,296.62,4.396,21.274,47.31,1
11.99,99.06,12.58,1986.34,67.7,-7.9,38.2,7,M30,15.25,0.29,Low,1,1,0.4193,1187.73,9.535,4.422,4.62,2
12.35,25.29,41.63,1537.78,24.2,39.1,74.1,1,M50,24.52,0.39,Medium,3,2,0.8326,312.33,22.0,9.563,43.79,1
12.87,56.82,19.86,2023.56,43.5,2.0,76.6,7,M30,16.28,0.72,Low,1,1,0.662,731.27,6.127,11.722,16.85,2
13.75,96.31,88.9,1342.54,38.1,24.8,36.6,5,M20,17.9,1.18,High,0,0,4.445,1324.26,7.471,21.122,16.4,1
6.49,22.44,52.7,3282.9,37.2,18.0,57.6,10,M30,4.88,0.83,Medium,1,2,1.7567,145.64,3.683,4.05,21.89,1
4.82,14.07,63.43,286.68,34.8,15.2,46.3,7,M30,19.22,1.13,Medium,1,2,2.1143,67.82,4.901,21.719,16.3,1
8.75,106.16,32.66,2389.53,16.2,43.4,77.9,9,M20,1.98,0.77,Medium,0,2,1.633,928.9,1.78,1.525,49.39,1
5.6,41.81,13.05,3130.36,56.9,16.2,66.7,8,M30,16.41,1.06,Low,1,1,0.435,234.14,7.025,17.395,24.15,2
9.04,82.38,87.95,2833.21,34.4,-5.5,55.7,6,M20,1.39,0.56,High,0,0,4.3975,744.72,5.639,0.778,8.08,1
10.6,4.02,29.33,725.74,71.9,46.8,78.5,2,M40,2.88,1.1,Low,2,1,0.7332,42.61,34.238,3.168,52.44,2
10.34,83.12,41.02,1106.15,20.3,45.2,37.6,8,M30,2.7,0.64,Low,1,1,1.3673,859.46,2.506,1.728,24.52,1
5.65,38.62,60.24,2537.96,51.5,31.1,76.5,4,M40,1.31,0.81,Medium,2,2,1.506,218.2,12.561,1.061,39.09,2
2.54,7.63,7.1,386.52,70.6,18.1,84.9,8,M50,8.03,0.39,Low,3,1,0.142,19.38,8.716,3.132,32.35,2
6.49,73.57,73.87,2860.33,50.1,-4.4,85.9,7,M50,24.86,1.21,Medium,3,2,1.4774,477.47,7.056,30.081,13.4,2
2.18,29.66,50.61,2544.28,65.5,37.4,78.8,4,M20,8.71,0.97,High,0,0,2.5305,64.66,15.976,8.449,45.23,2
13.36,47.03,28.65,2580.66,62.2,-5.5,50.6,8,M50,19.02,1.14,Medium,3,2,0.573,628.32,7.679,21.683,7.34,2
5.22,10.59,10.24,440.82,27.6,-5.9,93.6,2,M40,3.31,0.43,Low,2,1,0.256,55.28,13.143,1.423,13.2,1
2.36,18.51,18.81,2540.39,45.4,22.2,48.5,9,M40,11.36,0.27,Low,2,1,0.4702,43.68,4.989,3.067,20.47,2
0.43,36.46,81.08,2411.38,12.6,-0.4,67.9,6,M20,4.63,0.57,High,0,0,4.054,15.68,2.066,2.639,13.31,0
9.71,11.68,63.31,2925.14,40.6,-9.5,32.1,7,M20,4.8,0.77,High,0,0,3.1655,113.41,5.718,3.696,3.37,2
9.57,109.39,26.24,241.43,18.1,15.4,93.5,10,M50,2.49,1.08,Low,3,1,0.5248,1046.86,1.792,2.689,33.1,1
5.14,1.72,10.58,178.58,56.0,-1.8,72.8,1,M20,10.8,0.64,Low,0,1,0.529,8.84,50.909,6.912,13.25,2
1.12,58.58,63.7,1368.22,40.1,-0.4,76.5,3,M20,1.89,0.5,High,0,0,3.185,65.61,12.935,0.945,14.99,2
6.17,15.67,53.65,605.88,31.4,-5.4,24.9,10,M30,22.75,0.61,Medium,1,2,1.7883,96.68,3.109,13.878,3.64,1
4.7,37.61,39.38,1998.51,20.9,2.3,77.3,5,M50,11.2,0.97,Low,3,1,0.7876,176.77,4.098,10.864,17.24,1
10.17,111.2,35.91,3218.99,74.65050000000001,32.9,78.1,7,M30,20.96,0.57,Medium,1,2,1.197,1130.9,10.514,11.947,41.31,2
9.11,20.24,23.43,1431.03,6.3,38.5,70.4,1,M50,24.49,1.28,Low,3,1,0.4686,184.39,5.727,31.347,41.18,0
5.5,115.93,61.92,2972.83,4.2,17.2,41.9,9,M30,16.94,0.39,Medium,1,2,2.064,637.62,0.462,6.607,15.59,0
3.31,25.49,87.51,113.72415,17.1,20.4,56.7,5,M20,22.54,1.03,High,0,0,4.3755,84.37,3.353,23.216,22.91,1
14.82,89.25,19.94,672.95,72.9,-8.0,28.3,3,M30,3.38,0.85,Low,1,1,0.6647,1322.68,23.516,2.873,3.4,2
6.84,66.05,55.75,203.44,73.5,-5.8,55.4,7,M30,20.75,0.46,Medium,1,2,1.8583,451.78,10.352,9.545,7.87,2
10.34,106.25,41.06,1215.7,49.5,5.5,38.3,10,M30,6.78,1.03,Medium,1,2,1.3687,1098.62,4.901,6.983,9.77,2
2.15,66.93,42.97,3187.84,66.1,22.6,46.2,8,M30,11.81,0.69,Medium,1,2,1.4323,143.9,8.16,8.149,19.68,2
7.31,64.61,26.6,429.64,16.8,34.4,32.2,10,M20,16.16,0.95,Low,0,1,1.33,472.3,1.663,15.352,17.52,1
0.46,24.26,75.14,2161.79,72.9,26.3,37.3,10,M20,22.59,0.93,High,0,0,3.757,11.16,7.218,21.009,17.27,2
7.61,20.78,46.25,1635.09,11.6,13.5,25.7,3,M40,22.77,0.32,Low,2,1,1.1562,158.14,3.742,7.286,8.61,0
14.46,110.06,51.19,3290.79,8.5,-2.9,89.0,7,M30,2.3,1.12,Medium,1,2,1.7063,1591.47,1.197,2.576,15.22,0
5.79,40.01,30.9,516.57,9.3,36.8,59.8,7,M20,9.11,0.95,Low,0,1,1.545,231.66,1.31,8.654,33.97,0
0.63,45.28,20.45,820.89,43.4,11.8,49.8,4,M20,19.83,1.06,Low,0,1,1.0225,28.53,10.585,21.02,15.84,2
0.51,91.42,12.3,200.44,58.8,34.2,60.1,10,M30,17.58,0.69,Low,1,1,0.41,46.62,5.822,12.13,32.57,2
5.85,41.32,65.7,1575.38,28.1,20.8,67.1,9,M50,0.66,0.41,Low,3,1,1.314,241.72,3.088,0.271,27.38,1
2.44,114.3,21.68,1044.63,73.4,34.3,89.1,1,M30,11.25,0.56,Low,1,1,0.7227,278.89,66.727,6.3,48.38,2
0.4,88.81,63.66,3057.68,33.1,44.4,33.4,1,M20,20.73,1.19,High,0,0,3.183,35.52,30.091,24.669,21.51,1
11.36,72.09,38.18,2156.8,12.1,45.3,42.2,5,M30,18.44,1.23,Medium,1,2,1.2727,818.94,2.373,22.681,27.56,0
6.9,105.83,40.34,2187.91,35.5,22.1,93.2,3,M40,10.3,0.73,Low,2,1,1.0085,730.23,11.452,7.519,39.24,1
4.37,6.9,44.88,1908.5,51.2,20.7,47.8,10,M30,18.38,0.53,Medium,1,2,1.496,30.15,5.069,9.741,19.45,2
13.51,31.59,36.26,412.29,62.6,5.9,21.7,9,M20,13.78,1.0,Medium,0,2,1.813,426.78,6.879,13.78,5.62,2
1.79,56.34,13.55,1613.06,34.9,46.1,31.1,5,M40,22.82,1.04,Low,2,1,0.3388,100.85,6.843,23.733,20.56,1
14.34,28.01,31.32,3478.6891000000005,44.9,17.5,22.0,7,M30,14.68,1.1,Medium,1,2,1.044,401.66,6.324,16.148,8.25,2
4.74,89.52,61.42,2939.78,20.8,-2.3,94.2,1,M20,10.02,0.23,High,0,0,3.071,424.32,18.909,2.305,16.67,1
13.33,110.39,61.59,3137.76,48.8,16.0,40.9,2,M20,21.57,0.21,High,0,0,3.0795,1471.5,23.238,4.53,14.72,2
9.06,51.43,29.33,2898.97,74.0,-2.4,89.3,4,M30,1.25,0.59,Low,1,1,0.9777,465.96,18.049,0.737,15.72,2
12.41,41.71,44.11,450.34,4.6,20.2,94.6505,9,M40,22.51,0.37,Low,2,1,1.1027,517.62,0.505,8.329,38.05,0
14.76,115.42,21.44,873.32,66.6,23.7,65.0,5,M50,17.41,1.09,Low,3,1,0.4288,1703.6,13.059,18.977,28.4,2
4.36,53.94,22.88,113.72415,42.6,10.3,22.5,5,M30,23.52,0.79,Low,1,1,0.7627,235.18,8.353,18.581,6.82,2
14.42,59.2,6.96,1131.93,19.7,-5.7,26.1,9,M40,6.26,1.11,Low,2,1,0.174,853.66,2.165,6.949,3.73,1
5.87,42.85,81.22,469.27,71.7,46.6,56.1,8,M20,17.37,0.39,High,0,0,4.061,251.53,8.852,6.774,37.36,2
5.81,109.24,22.91,1707.5,36.8,36.4,50.5,2,M40,20.24,0.89,Low,2,1,0.5728,634.68,17.524,18.014,28.48,1
5.14,68.71,24.34,2402.23,25.5,40.3,65.5,7,M30,17.55,0.84,Low,1,1,0.8113,353.17,3.592,14.742,39.5,1
8.14,91.7,28.77,3073.32,14.4,12.0,52.9,1,M30,5.26,0.57,Low,1,1,0.959,746.44,13.091,2.998,16.93,0
2.35,97.6,15.83,2647.34,19.1,35.6,90.1,10,M20,6.89,0.77,Low,0,1,0.7915,229.36,1.891,5.305,50.1,1
8.33,41.68,59.34,3291.19,62.6,19.1,60.1,9,M20,14.17,0.85,High,0,0,2.967,347.19,6.879,12.044,23.5,2
8.15,52.61,11.39,283.25,46.5,2.1,72.0,3,M40,11.17,1.18,Low,2,1,0.2848,428.77,15.0,13.181,15.91,2
11.44,101.97,16.41,141.41,68.6,-2.5,87.2,2,M20,18.38,0.26,Low,0,1,0.8205,1166.54,32.667,4.779,15.26,2
12.51,44.23,59.8,2348.55,18.2,10.7,31.0,4,M20,9.47,1.11,High,0,0,2.99,553.32,4.439,10.512,9.52,1
6.63,95.48,33.87,1083.8,10.0,-1.7,37.2,4,M20,21.49,1.28,Medium,0,2,1.6935,633.03,2.439,27.507,6.81,0
4.57,112.98,65.18,961.9,1.5,49.7,28.0,3,M20,10.8,1.0,High,0,0,3.259,516.32,0.484,10.8,19.52,0
3.93,75.16,52.38,1225.02,38.6,-7.0,30.5,2,M30,1.0,1.01,Medium,1,2,1.746,295.38,18.381,1.01,3.96,1
2.96,89.25,26.76,1017.31,74.65050000000001,16.5,58.4,5,M30,0.43,0.44,Low,1,1,0.892,264.18,14.637,0.189,21.32,2
0.91,96.81,60.32,1838.88,52.4,17.1,44.1,4,M20,16.17,0.78,High,0,0,3.016,88.1,12.78,12.613,16.36,2
5.17,101.56,14.88,1596.5,23.8,8.0,51.7,5,M30,13.51,0.98,Low,1,1,0.496,525.07,4.667,13.24,14.48,1
4.09,48.01,50.59,1842.26,65.9,24.3,93.7,8,M40,13.57,0.86,Medium,2,2,1.2648,196.36,8.136,11.67,41.51,2
14.5,7.1,42.16,2387.23,58.8,-1.0,31.8,2,M50,19.75,0.62,Medium,3,2,0.8432,102.95,28.0,12.245,6.04,2
8.39,48.82,27.77,1416.24,2.1,37.0,60.6,9,M30,9.39,1.23,Low,1,1,0.9257,409.6,0.231,11.55,34.54,0
5.24,81.18,56.34,954.45,61.4,9.9,27.4,10,M30,24.89,0.77,Medium,1,2,1.878,425.38,6.079,19.165,8.19,2
8.73,54.59,79.06,665.08,23.2,25.5,43.9,1,M20,23.64,1.27,High,0,0,3.953,476.57,21.091,30.023,19.97,1
2.13,90.13,89.34050000000002,1288.21,12.1,32.9,59.6,8,M30,0.32,0.82,Medium,1,2,2.978,191.98,1.494,0.262,31.53,0
6.69,43.48,56.66,2622.14,17.7,43.3,91.0,5,M40,22.39,1.07,Medium,2,2,1.4165,290.88,3.471,23.957,57.6,1
9.41,76.53,39.4,2672.8,35.7,40.1,49.3,2,M30,17.01,1.02,Medium,1,2,1.3133,720.15,17.0,17.35,29.63,1
7.36,23.18,24.14,2367.48,32.4,26.5,24.9,8,M30,12.55,0.93,Low,1,1,0.8047,170.6,4.0,11.672,11.58,1
6.06,90.17,26.85,895.7,22.4,13.3,49.1,5,M30,14.57,0.22,Low,1,1,0.895,546.43,4.392,3.205,16.35,1
14.91,65.94,45.75,2099.49,13.7,20.2,30.9,10,M50,21.05,0.29,Low,3,1,0.915,983.17,1.356,6.104,12.42,0
13.21,25.28,36.22,2040.34,57.4,36.1,37.2,10,M40,23.78,0.84,Medium,2,2,0.9055,333.95,5.683,19.975,20.87,2
9.37,35.74,82.67,1746.51,74.3,42.7,66.4,3,M40,14.01,1.2,High,2,0,2.0668,334.88,23.968,16.812,41.63,2
8.56,90.08,36.31,1969.93,58.6,-3.8,25.1,7,M20,4.53,0.86,Medium,0,2,1.8155,771.08,8.254,3.896,4.07,2
9.33,58.43,36.74,1772.09,22.9,13.1,54.9,4,M20,15.99,0.46,Medium,0,2,1.837,545.15,5.585,7.355,18.17,1
3.06,26.71,37.6,2022.55,19.1,36.6,65.7,10,M40,1.91,0.55,Low,2,1,0.94,81.73,1.891,1.05,37.19,1
5.96,116.11,76.11,2532.72,17.1,15.9,51.6,6,M20,15.88,0.89,High,0,0,3.8055,692.02,2.803,14.133,18.52,1
0.64,86.1,60.32,472.74,11.1,9.9,21.4,10,M30,20.22,0.86,Medium,1,2,2.0107,55.1,1.099,17.389,6.4,0
7.16,114.9,57.2,2648.73,41.8,14.7,93.9,8,M30,8.83,1.25,Medium,1,2,1.9067,822.68,5.16,11.038,32.58,2
8.17,51.83,33.4,562.01,45.8,26.2,47.5,1,M30,1.78,0.78,Low,1,1,1.1133,423.45,41.636,1.388,21.94,2
3.45,57.54,74.52,326.54,53.2,49.7,78.4,2,M30,17.31,0.59,Medium,1,2,2.484,198.51,25.333,10.213,54.64,2
14.46,107.86,8.26,3418.67,51.3,19.6,44.4,8,M40,8.48,0.78,Low,2,1,0.2065,1559.66,6.333,6.614,17.58,2
13.65,63.48,79.02,3353.77,22.6,2.5,55.6,7,M20,6.23,1.06,High,0,0,3.951,866.5,3.183,6.604,12.51,1
10.85,85.17,48.58,305.48,25.4,-0.2,49.1,10,M40,17.23,0.79,Low,2,1,1.2145,924.09,2.515,13.612,9.72,1
8.02,31.01,38.85,1607.06,51.4,-7.5,45.7,9,M40,24.24,0.56,Low,2,1,0.9712,248.7,5.648,13.574,5.71,2
13.06,54.16,47.26,733.23,26.9,23.5,21.6,2,M50,18.63,0.57,Medium,3,2,0.9452,707.33,12.81,10.619,9.4,1
2.0,15.69,61.73,1750.17,16.7,22.7,47.0,8,M30,12.28,1.03,Medium,1,2,2.0577,31.38,2.062,12.648,20.07,1
11.87,25.51,6.09,2922.6,28.7,2.3,86.7,6,M30,15.01,0.27,Low,1,1,0.203,302.8,4.705,4.053,19.33,1
1.92,1.5099,79.08,3332.08,21.1,31.7,71.8,1,M50,3.56,0.5,Medium,3,2,1.5816,2.9,19.182,1.78,37.12,1
11.92,5.67,42.97,2256.46,7.5,34.5,30.9,4,M30,20.33,0.37,Medium,1,2,1.4323,67.59,1.829,7.522,16.84,0
4.17,117.3,34.15,1303.28,62.4,5.5,64.3,2,M30,15.11,1.24,Medium,1,2,1.1383,489.14,29.714,18.736,16.4,2
13.16,29.84,16.75,2151.31,64.1,10.6,86.9,7,M30,24.15,0.3,Low,1,1,0.5583,392.69,9.028,7.245,26.59,2
14.16,79.93,42.35,1160.8,17.3,49.4,72.5,9,M20,24.49,1.03,High,0,0,2.1175,1131.81,1.901,25.225,50.32,1
2.27,100.85,47.19,3193.4,5.8,12.5,31.2,6,M30,8.86,0.89,Medium,1,2,1.573,228.93,0.951,7.885,10.14,0
6.97,66.53,39.31,3059.36,55.7,35.6,85.1,4,M40,24.71,0.9,Medium,2,2,0.9828,463.71,13.585,22.239,47.32,2
14.72,19.22,62.69,1997.99,16.7,17.2,42.6,5,M40,23.92,1.04,Medium,2,2,1.5672,282.92,3.275,24.877,15.85,1
7.28,87.65,40.78,1204.32,30.1,37.6,54.1,1,M20,16.0,0.64,Medium,0,2,2.039,638.09,27.364,10.24,31.16,1
12.96,72.43,86.72,1097.52,5.7,36.1,59.5,4,M40,8.34,0.64,Medium,2,2,2.168,938.69,1.39,5.338,33.38,0
8.85,88.02,55.94,213.62,17.7,30.1,83.8,10,M30,18.83,0.52,Medium,1,2,1.8647,778.98,1.752,9.792,41.98,1
5.66,92.6,73.64,2873.79,59.7,41.3,89.9,3,M30,6.78,0.86,High,1,0,2.4547,524.12,19.258,5.831,55.11,2
4.32,117.07,14.3,1631.3,60.5,46.4,89.7,9,M50,15.75,1.22,Low,3,1,0.286,505.74,6.648,19.215,59.56,2
3.09,69.25,38.77,1205.45,16.3,24.8,20.6,6,M20,0.61,1.22,Medium,0,2,1.9385,213.98,2.672,0.744,9.23,1
11.44,41.66,33.63,1701.78,25.9,4.2,89.1,4,M40,15.71,0.97,Low,2,1,0.8408,476.59,6.317,15.239,21.56,1
5.83,78.17,53.41,2883.71,10.9,13.9,24.1,3,M30,23.79,1.2,Medium,1,2,1.7803,455.73,3.516,28.548,8.17,0
7.69,9.14,78.19,523.69,6.5,35.5,39.9,4,M40,5.88,1.26,Medium,2,2,1.9548,70.29,1.585,7.409,22.14,0
7.41,107.79,11.66,3016.03,74.4,29.1,58.6,8,M30,19.45,1.07,Low,1,1,0.3887,798.72,9.185,20.812,28.77,2
8.68,15.21,11.17,3151.53,49.5,0.7,56.0,5,M20,7.34,0.65,Low,0,1,0.5585,132.02,9.706,4.771,11.59,2
12.99,40.01,77.28,3318.81,41.1,-6.9,65.4,1,M30,17.7,0.73,High,1,0,2.576,519.73,37.364,12.921,8.57,2
14.71,98.07,23.09,1451.46,57.6,31.0,56.0,5,M30,17.5,1.22,Medium,1,2,0.7697,1442.61,11.294,21.35,28.56,2
6.14,72.08,61.84,838.28,63.2,5.1,90.1,8,M20,4.62,0.94,High,0,0,3.092,442.57,7.802,4.343,22.62,2
