vibration_amplitude_mm,vibration_frequency_hz,stress_mPa,strain_micro,concrete_age_years,ambient_temp_c,humidity_pct,maintenance_score,material_grade,foundation_settlement_mm,load_ratio,failure_risk
5.65,99.47,38.46,1945.79,28.6,38.4,57.5,1,M50,20.98,0.86,Low
14.26,91.98,45.24,2931.84,25.6,-9.0,76.0,2,M20,11.9,1.15,High
10.99,69.25,77.64,525.3,14.0,1.2,62.2,10,M20,21.18,0.62,High
9.0,114.77,33.9,541.26,45.9,29.3,26.2,10,M50,11.85,0.98,Low
2.38,24.86,78.92,1993.18,36.3,12.5,33.9,9,M30,13.92,0.94,High
2.38,14.0,12.49,3317.69,65.1,48.9,36.4,7,M40,24.88,0.48,Low
0.92,102.62,71.03,1510.99,3.4,29.9,39.3,7,M20,23.79,1.21,High
13.0,53.26,77.04,1211.6,48.6,47.4,62.4,10,M20,6.79,0.82,High
9.04,101.79,20.45,2162.74,57.5,2.1,57.8,8,M20,21.72,0.59,Medium
10.64,107.28,41.58,3263.53,57.2,41.8,35.2,8,M30,9.76,0.38,Medium
0.36,8.43,19.07,2945.55,66.6,9.3,25.1,9,M20,1.78,0.72,Low
14.55,106.13,65.06,3484.64,54.9,49.4,32.9,2,M30,14.39,1.0,High
12.5,54.35,50.5,176.73,69.7,-0.5,93.8,8,M30,24.43,0.89,Medium
3.22,61.74,59.0,483.72,25.6,21.0,55.1,8,M20,24.36,1.0,High
2.77,75.56,21.7,2172.19,38.2,37.6,85.1,5,M20,3.16,1.07,Low
2.79,111.24,23.0,2889.96,2.0,16.0,83.7,5,M30,19.28,0.69,Low
4.6,3.27,8.53,1069.83,1.5,18.1,58.4,4,M20,20.07,0.77,Low
7.9,57.74,32.38,913.32,18.8,49.2,73.0,5,M20,9.22,1.29,Medium
6.51,82.84,52.58,2775.72,8.5,15.5,34.5,2,M20,16.46,1.26,High
4.4,87.0,77.92,291.7,20.3,26.2,71.6,2,M30,12.2,0.66,High
9.2,83.41,61.69,1355.9,14.1,-6.7,40.4,5,M40,5.7,0.95,Low
2.14,17.0,42.01,1819.75,3.1,40.5,82.4,3,M20,19.03,0.49,Medium
4.42,36.63,86.02,2005.19,68.3,28.9,26.3,1,M40,6.57,0.37,Medium
5.53,43.69,66.14,2577.29,1.6,14.2,78.0,9,M40,8.51,1.05,Medium
6.87,96.73,84.06,1306.48,55.5,-9.0,27.5,2,M40,4.75,0.68,Medium
11.79,34.17,49.84,2183.13,12.3,25.5,86.1,10,M20,17.98,0.39,High
3.04,26.07,27.01,2090.28,68.5,-9.2,42.8,2,M30,11.47,1.03,Low
7.74,114.94,9.49,1961.89,67.1,-9.9,69.1,4,M40,11.08,1.21,Low
8.91,2.05,66.72,2277.64,49.4,27.0,56.6,2,M50,15.11,1.23,Medium
0.74,119.74,15.31,982.13,50.7,1.3,47.5,7,M50,3.93,0.86,Low
9.13,81.54,30.74,387.81,1.4,1.5,68.4,10,M30,22.45,0.73,Low
2.6,99.59,50.26,505.52,73.9,29.2,91.1,1,M30,11.63,0.36,Medium
1.02,36.06,52.98,863.58,66.0,-6.8,23.1,2,M40,9.16,1.07,Low
14.24,2.7,56.05,1800.67,67.2,8.8,88.9,5,M40,3.17,1.24,Medium
14.49,88.81,19.13,2957.51,49.8,-1.0,65.7,2,M30,4.2,1.18,Medium
12.14,100.26,37.28,2484.4,26.5,24.8,80.5,9,M20,23.01,1.03,High
4.6,89.12,57.46,2782.74,67.1,29.7,48.8,4,M20,11.42,0.21,High
1.51,18.0,87.43,1293.32,22.6,33.3,55.4,9,M30,18.05,0.65,High
10.28,90.66,66.85,1475.82,42.6,5.3,85.2,1,M40,2.01,0.65,Medium
6.63,92.5,83.42,1438.52,8.4,-4.6,51.1,1,M50,16.09,1.18,Medium
1.87,79.37,69.79,752.37,69.2,-5.3,60.1,1,M40,23.04,0.27,Medium
7.45,92.17,55.3,308.14,11.4,15.6,21.5,4,M20,7.5,0.78,High
0.56,101.66,21.32,2109.11,17.6,46.8,31.9,9,M40,14.48,0.35,Low
13.64,74.02,61.67,3463.34,42.3,3.1,68.1,8,M20,23.51,0.93,High
3.92,11.54,57.99,667.22,57.5,5.4,73.8,7,M40,17.98,1.07,Medium
9.95,59.03,56.21,258.73,46.8,-3.9,63.7,1,M40,1.56,0.91,Medium
4.71,10.24,46.63,2750.41,18.2,26.3,30.7,3,M20,9.47,1.07,High
7.83,49.5,49.94,958.79,1.1,30.8,53.4,9,M20,2.14,0.87,Medium
8.22,49.45,33.43,2920.79,57.0,28.6,46.6,9,M20,21.53,0.41,Medium
2.81,8.86,49.14,2493.38,73.9,41.7,57.2,5,M20,15.54,0.62,High
14.55,42.51,21.79,3315.29,60.9,19.2,85.3,6,M40,23.91,1.25,Medium
11.64,14.21,73.44,1490.35,35.1,-1.9,78.2,6,M20,0.49,0.52,High
14.1,97.18,20.79,2350.7,67.9,7.4,26.3,10,M20,10.58,0.27,Low
13.43,113.77,12.22,1680.51,31.3,29.7,86.8,4,M20,2.61,0.62,Low
8.99,9.61,42.08,2244.0,39.8,26.8,55.4,1,M40,8.76,0.6,Low
13.83,114.66,60.96,1628.64,36.3,21.9,75.8,5,M30,4.05,0.72,Medium
1.37,63.19,42.21,741.35,34.1,31.0,30.5,1,M20,8.22,0.82,Medium
2.98,36.65,28.52,1826.85,58.4,28.2,70.3,1,M40,20.48,1.29,Low
0.73,10.15,52.44,1897.19,40.0,42.9,37.7,5,M30,4.02,1.03,Medium
4.91,60.57,34.5,2856.05,24.4,25.2,52.9,5,M30,11.84,0.24,Low
5.86,95.55,84.29,2600.77,20.1,36.7,21.3,7,M40,23.04,0.98,Medium
4.11,85.14,83.42,2356.89,3.8,4.9,31.4,2,M20,24.97,1.11,High
12.44,6.98,47.7,485.52,44.2,30.7,26.9,6,M40,6.27,1.19,Medium
5.38,9.68,32.87,2550.1,18.0,44.1,38.0,2,M30,23.39,0.67,Medium
4.25,48.94,67.66,1801.04,12.0,13.1,27.5,10,M30,6.53,0.54,Medium
8.16,36.14,8.12,3139.94,49.4,36.7,71.9,5,M20,10.34,1.12,Low
2.16,28.65,45.36,3227.56,51.4,33.5,22.2,4,M40,21.95,1.06,Medium
12.04,34.44,33.59,287.53,56.7,-6.4,66.3,10,M30,19.65,0.79,Low
1.16,96.61,83.25,2890.18,38.3,24.9,30.6,5,M20,21.44,0.33,High
14.8,111.58,6.02,228.17,67.2,-2.2,90.9,2,M20,20.01,0.92,Low
11.6,49.21,51.99,1348.38,70.3,48.0,90.0,8,M30,5.88,0.27,Medium
3.02,108.83,67.96,1943.82,60.7,38.7,36.9,8,M40,13.97,0.31,Medium
0.13,39.26,46.23,603.54,48.0,-3.4,66.1,6,M50,9.63,0.56,Low
12.24,57.7,12.26,2637.47,23.5,-2.7,22.1,3,M40,11.49,0.61,Low
10.62,27.9,87.66,128.41,73.7,25.7,89.9,4,M30,3.85,0.71,High
10.95,77.22,49.03,673.24,21.3,10.7,59.2,1,M20,7.89,0.57,High
11.58,117.5,57.21,2074.71,16.0,-7.9,23.2,9,M40,21.44,0.24,Medium
1.16,72.82,25.11,2528.92,33.7,22.5,45.7,10,M50,22.44,0.37,Low
5.41,43.58,46.1,3216.59,5.2,13.3,25.8,5,M30,15.25,0.33,Medium
1.78,78.09,41.48,2498.69,73.4,-3.9,49.5,8,M20,12.46,0.67,Medium
12.95,15.63,11.37,2384.05,44.5,38.1,70.2,3,M20,17.82,0.43,Low
9.37,106.75,14.02,1440.76,42.2,44.9,55.2,4,M20,15.22,0.52,Low
5.0,60.87,76.19,104.37,49.5,35.4,48.8,4,M30,24.59,0.72,High
1.0,54.47,25.38,508.54,37.8,39.3,28.9,8,M50,4.75,0.46,Low
4.7,70.72,21.57,1917.49,3.4,3.0,38.4,9,M20,11.23,0.47,Low
4.91,75.35,47.92,2395.44,46.3,5.8,27.5,3,M30,22.96,1.12,Medium
10.96,9.54,70.34,1519.32,54.0,2.5,80.6,7,M30,22.87,0.8,High
9.58,82.23,10.27,2584.31,31.8,35.9,30.1,9,M50,12.38,1.14,Low
13.31,29.79,54.03,1874.33,57.0,46.9,64.7,2,M30,3.37,0.77,Medium
7.11,85.96,15.13,352.2,17.8,33.0,45.7,4,M20,20.37,1.2,Low
1.84,98.88,8.1,752.86,17.4,42.9,36.9,3,M20,14.63,0.48,Low
10.71,96.67,9.48,2955.99,12.9,28.3,68.0,8,M30,19.33,0.88,Low
11.42,66.75,75.9,2564.7,28.5,13.3,54.3,4,M40,11.56,0.75,Medium
8.44,62.9,15.03,3142.19,63.7,15.5,50.0,9,M20,5.1,1.21,Low
11.58,18.0,8.84,499.69,62.3,-5.5,64.5,1,M30,0.6,0.66,Low
7.43,93.27,42.22,3466.76,29.3,-8.1,56.8,1,M30,13.98,1.14,Medium
7.86,33.3,76.74,811.98,44.6,31.7,42.8,4,M30,4.03,0.82,Medium
6.44,60.11,27.3,140.05,54.3,16.3,61.9,3,M20,4.68,0.98,Low
0.43,34.83,40.85,3491.24,18.8,23.1,70.2,3,M50,10.91,1.18,Low
1.66,16.93,8.39,1055.65,13.4,23.5,22.0,10,M30,11.05,1.3,Low
0.52,75.92,43.17,2371.27,72.9,6.6,54.9,2,M40,6.86,1.0,Low
9.56,7.47,54.1,700.72,46.7,18.6,24.3,10,M30,3.3,0.55,Medium
4.75,90.09,53.53,2072.78,73.6,18.2,34.0,10,M50,23.62,0.53,Low
7.65,38.79,33.26,3173.72,26.0,13.3,62.0,2,M30,3.29,0.54,Low
13.62,1.02,31.82,1188.62,53.0,39.2,85.0,8,M30,8.77,0.31,Low
3.78,61.82,14.06,2378.86,17.5,17.1,86.2,1,M30,7.62,0.26,Low
6.19,6.58,36.18,738.87,20.3,26.2,25.2,8,M30,21.66,0.84,Low
11.35,33.86,13.46,2224.3,38.9,43.7,51.4,10,M20,10.25,1.09,Low
3.47,85.13,70.16,1243.93,24.7,42.0,63.7,3,M50,3.1,0.24,Low
1.2,8.46,87.13,818.11,13.4,43.4,31.0,2,M40,0.26,0.82,Medium
4.38,100.88,87.46,1164.82,20.5,6.2,77.4,9,M30,18.05,0.61,High
2.46,1.45,78.53,708.06,3.6,-7.9,75.8,5,M30,17.86,1.18,High
13.95,30.37,56.07,3166.51,53.1,5.7,87.8,5,M20,10.44,0.36,High
12.13,89.17,64.57,1450.44,37.4,6.7,20.6,6,M40,3.16,0.82,Medium
9.52,38.64,29.24,933.95,8.0,44.6,36.3,4,M30,9.29,1.27,Low
13.08,13.13,58.62,1624.59,13.7,29.0,82.0,7,M30,14.75,0.58,Medium
12.06,43.87,43.73,1189.82,8.6,-5.1,70.3,7,M50,17.6,1.02,Low
2.84,33.18,45.97,2631.03,46.3,-1.9,87.1,9,M30,1.96,1.17,Medium
13.39,101.28,69.41,3402.15,8.0,-0.7,24.3,6,M40,13.91,0.4,Medium
8.11,38.29,28.96,1589.31,56.8,27.8,64.8,1,M30,6.9,1.29,Low
12.12,94.88,32.03,3027.51,2.5,34.1,62.7,9,M40,15.43,1.09,Low
13.45,107.13,83.59,2023.93,19.5,41.6,22.7,10,M30,16.2,0.35,High
4.8,52.62,9.78,634.6,66.9,46.4,58.5,9,M30,22.77,0.54,Low
1.7,109.28,46.28,2448.12,54.2,2.1,65.7,5,M50,10.26,0.89,Low
3.46,45.9,82.59,1845.68,6.4,8.6,34.3,7,M30,13.44,1.17,High
6.44,115.73,56.88,2312.06,61.8,4.4,40.5,1,M30,6.71,0.41,Medium
12.28,11.63,51.44,3124.94,37.5,11.5,68.0,4,M20,7.16,1.0,High
12.92,82.76,26.23,1597.48,63.7,44.9,55.1,10,M20,1.15,0.5,Low
0.15,59.76,34.18,3164.0,45.5,24.5,84.4,4,M40,7.15,1.09,Low
7.69,47.13,77.42,2652.27,51.5,34.3,45.7,5,M30,1.6,0.95,High
6.29,76.29,52.53,1761.26,74.5,19.4,40.0,6,M40,24.1,0.78,Medium
3.37,84.76,48.75,2150.96,18.2,-8.3,93.9,4,M30,15.61,0.91,Medium
1.84,1.52,13.46,1206.98,47.2,-6.1,88.3,6,M30,4.33,1.16,Low
5.1,20.87,6.36,3444.23,35.1,22.3,22.2,10,M40,2.92,0.63,Low
14.15,85.85,86.91,2368.99,3.9,33.1,77.8,7,M30,9.25,1.05,High
4.88,80.3,37.04,249.08,2.1,2.9,28.3,3,M40,7.69,0.37,Low
7.81,115.96,56.27,1210.51,9.8,33.3,22.1,9,M30,6.98,0.97,Medium
10.56,91.56,11.78,2219.27,49.0,38.6,40.5,8,M20,11.7,1.03,Low
5.49,114.14,63.06,291.53,43.0,14.7,40.2,1,M30,22.82,0.69,Medium
14.58,84.6,84.27,181.21,42.0,34.8,81.4,2,M20,14.2,1.07,High
14.44,36.47,53.93,1630.08,3.4,14.2,73.3,2,M30,13.03,0.81,Medium
3.81,13.54,15.72,1231.15,35.7,30.7,93.6,10,M20,20.16,1.23,Low
7.48,94.04,54.45,1590.22,69.4,35.8,73.4,9,M40,0.1,0.32,Low
4.55,77.65,70.14,993.16,30.4,49.5,51.4,9,M20,4.93,0.34,High
4.31,6.73,39.55,660.04,47.2,10.7,72.4,9,M20,12.4,1.13,Medium
0.6,43.85,79.79,2443.09,58.7,14.7,95.0,1,M30,17.63,1.13,High
9.16,114.86,60.14,1849.54,59.0,-0.1,73.3,7,M20,12.13,0.72,High
7.57,60.55,81.44,780.52,39.4,2.2,77.1,3,M20,4.09,1.26,High
0.82,52.49,58.0,1186.6,64.5,31.6,90.4,9,M30,23.25,0.95,Medium
4.22,55.47,16.16,2112.15,30.0,45.0,28.5,8,M20,8.22,1.28,Low
13.63,25.86,31.32,345.58,66.8,13.7,72.9,3,M20,19.71,0.79,Medium
3.63,44.88,22.15,601.34,18.8,0.8,83.8,1,M20,22.29,0.42,Low
2.22,45.01,82.25,349.04,21.7,7.1,91.6,9,M40,8.66,0.69,Medium
7.37,7.23,69.63,2861.88,4.9,17.3,35.8,10,M40,21.13,1.28,Medium
14.79,92.34,62.49,2658.19,59.9,7.4,57.8,1,M30,17.77,0.61,High
3.67,50.56,30.58,2661.26,31.9,4.0,71.0,3,M50,22.61,1.25,Low
10.1,98.84,20.64,2535.51,18.0,34.2,38.6,6,M20,6.28,1.08,Low
11.44,102.19,69.3,2375.91,18.2,-9.5,65.0,6,M30,23.28,0.69,High
3.6,26.23,45.3,1721.77,67.7,22.4,39.3,10,M40,1.63,0.8,Low
10.94,79.23,24.19,2283.75,62.7,37.6,45.0,4,M30,19.84,0.87,Medium
5.55,57.2,57.41,230.43,42.0,6.0,53.1,2,M50,10.89,0.93,Low
9.5,105.74,8.43,2212.98,46.6,26.2,59.7,10,M50,4.45,0.28,Low
9.52,26.67,32.72,2744.78,36.1,30.1,53.7,6,M20,1.99,1.23,Medium
8.06,81.66,44.83,1801.22,30.0,29.3,57.0,10,M50,9.74,0.86,Low
1.4,73.32,17.58,1315.55,68.7,16.8,42.4,5,M50,9.73,1.22,Low
12.54,36.14,88.7,1043.25,10.3,10.8,31.9,6,M30,5.75,0.9,High
4.85,17.26,22.77,2285.53,32.0,40.2,23.6,7,M50,5.39,0.67,Low
2.84,78.55,16.08,2455.52,26.5,35.5,34.7,9,M20,9.99,0.82,Low
0.66,88.89,22.3,3061.29,37.9,9.3,63.6,7,M40,10.25,1.11,Low
8.88,38.56,70.37,1263.94,34.9,-3.8,79.0,4,M20,11.06,0.56,High
10.18,77.74,41.17,2717.23,39.4,-5.7,32.7,10,M20,21.72,1.25,High
0.3,48.02,53.06,2008.61,11.4,-4.3,28.1,5,M30,15.28,0.71,Medium
7.71,85.87,6.79,3101.64,39.0,25.0,76.2,6,M30,0.51,1.25,Low
3.44,24.71,7.93,1894.56,18.9,-6.9,42.9,9,M40,12.98,1.17,Low
9.7,106.94,42.9,1859.94,14.6,10.2,91.4,5,M30,19.06,1.04,Medium
2.66,35.2,74.42,2064.78,5.8,35.2,73.6,5,M30,1.41,0.71,Medium
10.38,44.77,80.25,2647.67,57.4,7.7,44.5,7,M20,10.57,0.85,High
5.83,7.91,12.37,3379.95,32.6,35.8,41.7,2,M30,11.28,1.12,Low
14.05,14.27,50.76,350.12,47.4,34.7,59.3,3,M40,23.85,0.8,Medium
2.11,62.39,82.62,281.68,54.8,4.7,25.9,2,M30,11.89,1.01,High
5.15,32.84,37.98,3287.67,51.3,33.7,28.8,10,M30,18.75,1.07,Medium
1.75,100.42,75.51,1901.58,35.8,34.9,33.2,10,M30,7.57,0.76,Medium
13.87,2.75,16.36,2190.67,29.7,13.8,78.1,2,M30,19.48,0.79,Low
13.17,46.11,84.51,1740.24,28.8,2.6,58.5,3,M30,8.07,0.42,High
3.91,41.14,68.87,418.44,48.4,21.3,20.8,6,M50,10.75,0.47,Low
9.92,3.3,85.01,2711.5,37.6,45.3,70.5,5,M40,11.99,1.2,High
12.27,15.8,62.51,2640.56,63.8,28.4,51.8,5,M30,23.16,1.12,High
8.35,50.22,35.89,1159.79,65.7,0.4,58.3,2,M30,1.34,0.21,Low
7.97,59.65,84.75,1141.21,13.6,31.0,36.1,2,M30,4.92,1.16,High
3.67,49.11,28.42,2948.66,11.1,15.6,61.4,1,M40,17.64,0.23,Low
1.44,64.18,33.23,346.01,47.6,25.5,93.4,3,M30,14.44,0.7,Low
13.46,71.82,64.57,3095.76,23.3,34.0,25.5,7,M40,6.29,0.27,Medium
13.51,2.18,70.05,972.65,2.4,20.9,41.3,5,M30,7.23,1.27,High
9.51,56.23,84.0,2116.15,66.8,38.8,38.2,7,M30,9.18,1.27,High
5.12,115.66,22.41,3282.38,17.8,33.3,38.6,9,M40,11.26,0.87,Low
5.27,62.76,72.83,2405.62,69.8,26.9,48.4,6,M30,20.45,0.63,High
10.9,81.63,67.78,1509.06,54.1,-1.0,81.4,2,M50,0.35,0.76,Medium
13.46,38.11,10.42,2444.42,57.4,40.2,88.5,1,M20,22.45,1.04,Medium
13.31,93.1,37.91,1269.53,15.9,46.2,35.2,1,M20,10.33,0.45,Medium
11.71,92.98,29.04,1042.68,18.3,-1.8,60.7,10,M30,5.76,0.69,Low
9.65,63.03,30.88,3488.72,39.6,19.3,67.8,9,M40,12.71,1.01,Low
1.31,117.15,88.55,2652.69,13.7,5.5,59.1,6,M40,16.49,0.63,Medium
2.47,15.94,59.64,2292.05,23.6,35.3,52.6,6,M20,1.12,0.24,Medium
13.48,3.02,66.0,1307.98,24.8,33.3,34.4,4,M20,17.89,0.76,High
9.12,92.65,88.01,267.15,12.8,-1.5,56.6,2,M30,19.02,1.01,High
0.19,97.05,37.06,205.59,16.2,42.6,50.1,10,M20,4.15,1.27,Low
1.57,15.3,73.16,1984.22,59.4,0.9,79.7,3,M30,4.2,0.24,Medium
9.97,32.6,41.94,2690.91,13.4,37.8,77.3,3,M30,5.09,0.79,Medium
0.13,3.09,78.91,1927.09,3.1,17.4,30.0,8,M30,19.92,0.69,High
2.45,35.9,20.36,2958.67,47.6,9.7,26.6,6,M20,6.8,0.47,Low
8.25,93.0,85.55,213.65,73.2,-0.5,88.1,7,M20,19.9,0.9,High
10.39,62.64,23.6,1346.96,25.5,0.1,60.2,9,M30,13.51,0.38,Low
9.8,42.42,32.73,906.04,9.8,29.7,84.3,1,M20,19.18,0.51,Medium
3.4,45.24,69.28,1620.73,43.2,23.0,24.4,2,M30,13.84,1.06,High
10.7,1.16,38.47,346.08,68.1,-2.7,59.5,9,M40,8.39,0.71,Low
3.6,36.68,56.7,3344.05,59.0,-3.2,60.5,5,M20,22.77,1.29,High
4.91,77.93,42.79,859.07,47.1,-5.7,84.6,4,M20,17.88,0.63,Medium
11.21,116.93,68.1,3235.85,24.3,34.6,27.3,1,M20,12.1,0.71,High
9.76,101.8,24.41,1548.04,41.1,32.7,38.0,9,M40,15.94,0.53,Low
12.75,3.81,9.97,3450.78,7.8,-6.5,50.5,9,M20,15.4,0.46,Low
9.88,107.93,30.49,1983.8,51.2,23.6,84.9,4,M50,8.95,1.21,Low
8.55,94.2,45.32,3264.83,54.7,-4.9,90.4,9,M30,10.59,1.02,Medium
1.45,93.86,19.28,118.19,72.4,44.2,94.5,10,M30,7.96,0.57,Low
5.55,55.5,35.16,2644.01,20.3,44.4,91.9,1,M20,24.99,0.97,Medium
4.01,48.36,39.0,3170.37,2.4,31.9,20.4,5,M30,14.5,1.26,Medium
3.7,37.05,9.88,575.05,41.4,45.6,23.6,1,M30,2.3,0.28,Low
14.6,8.82,54.58,426.83,53.3,38.7,31.1,4,M30,12.98,0.49,Medium
5.93,28.16,80.17,1543.55,59.5,39.7,46.2,5,M30,1.25,0.42,High
13.39,30.35,17.9,3274.51,15.3,24.2,82.2,3,M30,7.22,1.16,Low
9.49,58.61,55.81,1944.11,20.4,8.4,86.9,2,M30,11.15,0.4,Medium
11.93,89.95,61.5,1893.35,38.9,3.1,34.0,6,M30,13.36,0.54,Medium
7.56,57.38,40.64,579.83,25.5,9.6,66.5,3,M30,24.4,0.8,Medium
8.67,7.88,64.59,102.68,64.7,27.7,88.8,10,M40,24.56,0.88,Medium
7.41,114.98,39.91,2854.48,36.1,0.4,54.8,1,M20,2.45,1.09,Medium
2.97,113.18,47.89,397.75,60.2,5.5,27.8,5,M30,13.45,0.65,Medium
10.85,94.44,5.63,2255.09,44.0,18.1,54.3,2,M30,20.43,0.79,Low
4.25,118.97,63.8,3209.7,58.2,4.0,48.2,2,M20,5.94,1.26,High
0.41,65.79,61.21,809.42,25.6,25.3,63.3,4,M30,18.76,0.53,Medium
9.7,115.57,8.26,2361.93,62.5,45.4,52.9,4,M20,21.97,0.47,Low
2.7,10.0,36.3,367.58,21.3,34.9,21.3,4,M20,16.56,0.98,Medium
14.11,44.52,88.22,2152.77,41.4,30.0,94.5,7,M50,8.19,1.05,Medium
14.31,27.82,40.76,657.37,16.8,25.0,60.8,1,M30,23.08,0.66,Medium
13.73,24.3,47.67,2602.24,36.2,19.3,55.5,8,M30,22.09,0.43,Medium
5.58,17.76,82.34,1124.19,24.5,1.2,91.6,10,M40,17.9,1.06,Medium
0.28,75.07,65.97,1675.53,20.7,43.7,31.7,9,M20,9.09,0.94,High
13.93,93.98,54.48,2138.06,72.6,4.9,34.2,10,M40,19.8,1.16,Medium
6.45,69.82,72.81,682.33,12.8,-4.5,80.6,6,M20,7.9,1.13,High
14.5,18.49,78.47,2621.57,59.3,35.0,39.6,4,M30,6.32,0.43,High
14.46,97.52,43.84,1128.98,73.8,0.5,79.9,6,M40,12.88,1.12,Medium
12.8,76.68,45.38,2352.06,2.5,12.3,40.4,10,M50,24.93,0.39,Low
4.45,47.19,37.81,638.16,52.7,-8.3,22.5,7,M30,20.11,1.15,Medium
5.81,81.22,87.17,2439.6,19.7,-1.8,58.8,6,M30,18.24,1.05,High
12.77,31.93,64.26,535.84,4.0,0.4,34.8,1,M30,11.3,0.83,Medium
4.79,42.08,12.07,1546.21,30.8,-6.7,76.8,5,M20,7.8,0.91,Low
2.58,110.18,78.35,940.5,70.2,29.4,68.1,8,M40,21.4,0.31,Medium
8.37,35.57,45.85,2644.48,1.9,40.2,89.3,8,M20,14.19,0.24,Medium
14.05,56.93,10.84,990.92,44.5,12.4,78.7,10,M30,20.33,0.56,Low
10.46,106.93,51.73,3097.84,38.1,42.5,33.6,9,M30,12.19,1.1,Medium
8.57,85.22,40.46,3132.19,65.6,2.8,80.0,4,M40,18.85,0.71,Medium
1.5,8.4,79.61,767.9,7.2,9.5,68.1,10,M30,21.69,0.45,Medium
9.24,18.53,22.34,2187.08,51.4,-1.0,70.2,6,M40,9.78,1.12,Low
14.85,1.93,75.25,398.24,51.3,27.2,82.4,7,M20,0.34,0.45,High
2.14,76.08,52.4,1431.23,50.5,15.2,63.0,5,M20,6.37,1.1,High
7.8,54.27,9.64,2525.29,70.7,26.8,55.0,8,M30,22.87,0.7,Low
13.17,16.98,87.61,2342.04,61.9,35.7,67.7,3,M30,17.19,0.71,High
11.12,114.99,48.57,2223.98,4.1,22.7,42.3,8,M30,18.43,0.5,Medium
10.47,64.03,29.72,1060.64,35.9,27.7,33.7,5,M40,8.13,1.19,Low
10.55,29.79,44.9,1385.28,30.4,46.1,66.2,1,M20,17.53,0.3,High
5.42,60.57,77.92,450.02,24.0,7.9,37.5,6,M30,16.16,0.36,Medium
4.44,81.87,30.92,2544.68,34.4,11.5,26.0,2,M20,4.46,0.9,Medium
12.15,10.07,21.38,1813.22,29.4,33.1,20.0,7,M20,24.22,1.14,Medium
12.16,33.69,15.97,2509.8,33.0,26.7,65.6,9,M20,8.85,0.3,Low
13.01,97.03,30.32,946.41,73.5,0.7,47.2,3,M40,8.23,1.01,Low
13.7,55.7,71.3,1203.09,7.6,12.6,76.4,10,M30,9.23,1.02,Medium
7.69,66.04,45.09,1236.33,69.2,18.1,48.1,4,M20,2.29,0.84,Medium
7.55,52.51,24.34,187.52,36.5,15.2,56.5,4,M30,15.62,0.74,Low
11.98,6.22,19.13,1259.56,47.2,0.7,50.5,4,M30,5.97,0.55,Low
9.77,20.72,33.28,2831.24,62.4,45.5,68.8,3,M40,20.08,0.59,Medium
10.54,54.02,84.89,3150.81,27.7,35.7,46.7,5,M30,9.85,0.94,High
11.95,25.89,34.16,1861.94,32.9,18.9,92.3,9,M20,11.46,0.27,Medium
13.36,6.95,88.99,1648.71,31.3,30.8,90.2,8,M50,16.16,0.84,Medium
5.1,101.39,46.24,204.8,28.7,43.8,83.6,10,M20,19.05,0.51,Medium
5.66,117.76,20.23,3089.29,69.5,-1.8,89.0,2,M40,5.78,0.71,Low
1.46,95.38,80.75,144.23,62.3,5.0,53.7,9,M30,24.16,0.81,High
8.7,102.6,44.13,3312.15,9.1,22.6,60.2,10,M20,15.56,1.17,High
0.59,29.8,65.32,1763.34,9.0,37.9,75.7,2,M40,0.14,0.84,Medium
7.01,115.31,88.62,1262.58,32.7,-7.8,72.2,7,M20,10.39,0.45,High
8.16,24.43,9.26,3242.34,8.3,49.0,86.8,5,M40,10.92,0.29,Low
4.33,114.22,13.22,182.93,46.8,17.3,73.7,7,M20,20.23,0.89,Low
8.88,119.38,66.24,2076.84,11.6,11.6,94.8,5,M30,7.63,0.8,Medium
0.51,85.7,28.96,1966.37,39.7,7.6,46.1,6,M30,8.28,0.94,Low
0.61,117.76,20.67,845.69,1.5,0.5,82.5,8,M20,1.76,0.71,Low
12.35,68.78,8.35,1558.22,24.4,37.5,72.3,1,M30,7.09,1.11,Low
5.43,31.89,6.86,2317.7,51.1,47.3,71.9,1,M40,17.92,1.21,Low
1.95,53.0,70.83,2572.25,36.8,14.8,44.4,5,M40,15.87,0.24,Medium
7.86,71.63,16.43,102.44,73.4,47.1,78.9,1,M30,2.03,1.02,Low
11.56,9.7,44.76,3285.3,65.7,39.4,87.5,3,M40,2.87,0.24,Medium
3.28,75.06,56.5,659.39,27.6,18.9,36.4,10,M50,9.42,0.69,Low
9.36,117.76,41.41,894.17,4.4,30.4,66.9,9,M20,18.59,0.71,Medium
1.33,23.62,7.3,995.81,63.6,16.1,49.4,7,M30,20.82,0.97,Low
0.82,95.32,71.6,228.59,68.4,23.5,94.2,6,M20,0.37,0.59,High
7.99,109.04,5.89,518.38,61.7,-6.5,55.9,8,M40,8.23,1.1,Low
8.13,113.3,69.76,3453.59,10.5,31.8,37.1,8,M40,10.61,0.58,Medium
9.58,115.26,80.93,1171.74,74.8,-6.8,48.6,6,M40,22.78,0.58,High
10.91,63.05,41.79,492.02,20.1,39.0,69.0,4,M50,12.54,0.45,Low
14.64,117.3,50.52,463.77,54.6,39.5,25.7,4,M20,6.74,0.95,High
7.77,91.12,45.54,2546.16,68.2,4.2,65.3,4,M20,9.75,0.28,High
4.88,20.24,38.08,3005.53,18.4,9.4,89.8,6,M20,10.91,0.6,Medium
11.94,57.75,80.43,973.64,68.2,18.9,83.8,1,M30,16.75,0.49,High
4.1,86.48,80.98,171.09,23.9,25.8,25.1,2,M30,1.03,0.45,Medium
6.61,30.43,33.54,858.51,73.3,7.2,94.5,6,M40,9.74,0.27,Low
1.22,77.23,57.28,292.15,21.8,25.5,72.4,1,M30,16.16,0.41,Medium
0.43,80.33,83.79,451.54,71.6,7.9,32.2,9,M30,7.08,0.69,High
14.44,20.36,86.77,1567.13,5.0,-6.7,20.9,6,M40,14.79,0.75,High
12.55,68.25,48.26,881.72,53.5,-9.8,32.8,7,M20,8.93,0.5,Medium
10.45,92.82,43.49,1854.22,40.4,-3.9,82.9,1,M20,18.97,0.92,High
6.16,60.37,28.69,961.88,36.4,37.5,21.6,8,M30,1.51,0.57,Low
2.64,2.44,86.5,3297.83,17.5,47.7,37.5,5,M30,22.95,0.6,High
2.39,2.08,17.14,3180.21,53.2,15.6,76.8,5,M50,4.29,1.06,Low
3.79,43.49,54.29,2027.14,15.1,20.8,64.0,6,M30,3.96,0.81,Medium
8.26,111.22,29.02,1305.04,41.9,-1.2,78.7,7,M40,21.02,1.25,Low
10.73,28.21,28.72,1395.9,19.7,23.1,76.0,7,M30,21.73,0.6,Low
9.92,76.49,39.42,1500.3,71.7,-1.3,23.8,5,M20,2.32,1.11,Medium
4.24,27.43,89.9,2573.77,3.1,26.7,86.9,1,M20,22.72,1.01,High
14.33,39.28,9.67,1635.57,15.8,46.0,37.0,9,M20,6.83,1.18,Low
11.08,101.92,54.18,3012.88,18.9,1.7,61.5,6,M20,15.47,1.25,High
8.34,87.73,12.02,3309.92,31.6,35.9,68.3,9,M30,1.71,0.21,Low
9.2,12.35,18.13,1242.22,18.2,-8.6,32.6,4,M30,9.52,0.3,Low
6.32,52.02,42.36,2006.36,37.4,12.5,93.2,2,M30,11.27,0.94,Medium
3.75,4.47,48.39,423.19,65.6,-3.4,56.6,3,M30,15.0,0.63,Medium
5.37,58.23,27.0,781.59,53.7,11.1,24.3,4,M20,13.13,1.1,Medium
11.38,79.83,31.9,1505.78,43.9,0.4,90.3,10,M30,11.54,0.21,Low
0.27,15.1,12.39,801.09,7.6,12.4,64.0,8,M30,23.99,1.09,Low
1.79,35.38,30.77,3080.31,52.4,15.1,72.4,3,M50,4.63,0.35,Low
0.74,48.34,87.16,638.17,13.3,8.0,59.4,8,M50,3.95,0.52,Low
0.66,110.42,85.3,1649.25,59.2,29.4,82.6,6,M40,17.84,1.27,Medium
12.84,119.2,33.46,2159.38,19.5,45.1,22.5,4,M40,1.86,0.26,Low
10.57,6.34,53.52,2452.34,31.9,14.0,40.1,7,M20,12.07,0.58,High
7.14,91.56,82.32,1402.44,26.9,1.5,55.2,5,M20,12.1,0.29,High
1.51,45.24,5.53,3054.94,64.6,6.2,25.7,5,M40,7.75,1.14,Low
7.4,47.7,73.91,2032.29,10.4,41.2,72.9,9,M30,23.26,0.97,High
7.13,90.76,85.61,1594.33,42.9,24.3,49.5,3,M30,7.06,1.08,High
2.64,110.29,12.76,328.62,11.5,17.3,40.5,10,M40,7.21,0.78,Low
6.54,114.16,18.72,1679.94,53.2,-1.0,20.3,4,M30,5.86,0.59,Low
6.01,69.68,86.66,2890.5,68.0,17.0,74.0,5,M20,3.64,0.2,High
9.26,43.5,50.69,2189.44,33.2,6.7,82.5,1,M20,9.1,0.51,High
9.54,94.72,6.21,2929.35,37.1,46.6,49.6,7,M20,17.02,0.77,Low
0.73,30.87,26.9,1779.64,69.6,43.0,62.3,8,M40,18.55,0.93,Low
5.65,68.12,43.25,502.77,39.6,-5.0,37.1,6,M30,20.34,0.45,Medium
9.41,43.67,63.9,146.38,37.1,21.0,66.7,9,M50,4.94,0.35,Low
7.57,79.14,67.32,1130.95,43.8,3.5,20.9,3,M40,0.89,0.42,Medium
12.85,29.61,89.61,2473.17,52.0,14.6,56.6,2,M20,24.37,0.59,High
9.9,23.8,29.44,2786.88,8.9,42.6,68.3,5,M20,0.36,0.36,Low
2.49,110.27,50.75,1105.56,61.8,21.7,88.9,9,M30,24.02,0.37,Medium
1.11,13.11,50.33,1785.22,33.2,10.1,48.6,1,M50,20.72,0.25,Low
9.65,61.21,39.48,1531.8,6.4,2.5,77.4,1,M20,22.8,1.14,High
0.45,27.28,19.38,1495.78,59.2,38.0,64.8,10,M40,9.68,0.44,Low
8.81,5.63,88.08,886.59,28.9,27.5,89.5,3,M30,4.93,1.1,High
14.11,5.29,77.53,563.66,8.4,18.1,49.9,10,M20,15.16,0.68,High
8.65,21.85,47.36,768.74,47.9,3.0,43.9,3,M50,18.53,0.9,Low
5.85,104.15,56.28,288.13,66.1,10.1,86.5,5,M20,3.27,0.28,Medium
9.67,34.61,24.32,773.64,66.7,47.6,23.7,4,M40,19.94,0.84,Low
6.9,114.1,51.22,131.28,71.9,21.2,30.2,6,M20,5.21,0.52,Medium
8.21,70.21,64.07,2232.68,65.2,14.0,26.2,8,M40,12.29,0.3,Medium
14.12,52.96,48.79,1175.68,1.2,21.3,83.2,8,M40,21.41,1.2,Medium
5.82,70.03,89.17,3408.69,29.1,36.7,20.8,4,M40,4.84,0.86,Medium
14.42,62.49,56.96,758.64,61.6,10.4,84.6,1,M20,6.05,0.47,High
13.58,91.29,36.53,1275.82,28.1,0.7,53.8,7,M20,1.57,0.66,Medium
2.98,34.62,70.63,1316.66,45.5,25.1,20.3,6,M30,3.67,0.59,Medium
1.09,43.01,19.49,128.74,45.9,29.9,50.1,5,M20,3.66,0.97,Low
1.56,107.4,37.68,2953.31,28.0,32.8,34.0,4,M30,5.09,0.87,Low
0.32,113.63,34.49,208.78,67.9,42.9,66.8,6,M30,7.16,0.22,Low
1.46,107.21,41.7,3296.61,38.2,12.3,71.0,8,M20,20.37,0.42,Medium
10.26,50.91,71.45,3133.05,35.4,-5.5,56.6,6,M40,22.89,0.73,Medium
1.11,93.86,46.15,1920.77,74.8,47.5,23.0,3,M40,10.16,0.69,Medium
4.82,57.68,72.49,1948.22,37.5,16.1,69.2,9,M50,3.21,0.77,Low
12.68,60.21,54.0,2322.84,14.2,27.4,83.2,3,M30,5.6,0.99,Medium
0.4,25.36,34.08,1415.97,39.0,30.0,74.0,4,M30,18.41,0.95,Low
12.23,71.34,73.85,2300.56,61.2,22.8,82.2,5,M20,16.94,0.61,High
4.26,23.15,25.25,252.21,58.5,2.3,35.0,2,M20,24.18,1.17,Medium
1.82,40.46,24.07,283.76,59.4,35.3,86.7,10,M30,0.36,0.27,Low
10.47,102.75,47.88,1654.58,53.4,38.2,44.2,10,M50,18.77,0.84,Medium
9.45,25.64,27.17,1968.72,19.8,23.2,21.0,2,M20,12.64,1.24,Medium
13.17,9.47,5.77,3118.58,64.8,19.3,83.3,6,M20,22.57,0.8,Low
11.04,9.21,60.11,455.85,67.1,-3.2,90.6,2,M20,14.4,0.7,High
12.06,112.95,48.44,2897.0,15.4,-5.0,69.2,10,M20,11.17,0.35,Medium
4.27,61.32,42.87,814.16,10.7,10.4,37.4,1,M20,16.65,1.09,Medium
2.7,49.72,87.19,1439.88,73.2,8.7,38.9,8,M30,20.84,0.61,High
11.27,97.49,53.55,1176.45,65.3,47.2,55.0,10,M30,7.06,0.97,Medium
12.11,100.46,78.39,1460.53,67.1,37.0,87.3,10,M20,2.69,0.42,High
14.86,40.53,16.85,611.68,66.6,29.6,31.2,1,M20,10.83,0.25,Low
6.22,83.54,53.38,1812.14,41.1,21.1,81.9,10,M30,5.36,0.54,Medium
5.61,92.76,78.78,2825.58,48.8,0.0,41.8,6,M30,10.74,0.51,High
11.66,78.9,54.56,1601.22,41.4,48.7,80.6,1,M20,24.78,1.16,High
5.15,19.04,66.03,1768.09,4.8,12.5,89.0,8,M50,14.35,1.15,Low
13.96,105.23,36.62,2985.81,56.2,-3.6,52.1,5,M30,17.34,0.79,Medium
12.88,65.15,12.86,2500.6,38.4,19.6,47.4,3,M30,16.95,0.22,Low
6.46,34.61,43.92,1767.54,48.9,42.4,80.2,5,M40,20.52,0.45,Medium
11.28,51.6,38.53,976.17,38.2,43.2,59.7,1,M30,23.6,0.9,Medium
11.33,5.47,78.7,3108.75,37.4,-9.3,71.3,1,M40,16.47,0.31,High
1.59,16.22,25.74,2061.87,13.7,43.2,66.7,4,M50,11.9,0.97,Low
13.54,92.1,87.17,851.9,21.6,6.3,31.5,9,M20,7.95,0.21,High
7.6,1.0,86.44,1015.01,12.8,-7.7,83.4,9,M40,9.01,0.95,Medium
12.41,50.57,26.05,2830.65,15.5,40.9,34.7,1,M20,8.36,1.13,Medium
4.83,63.18,34.58,250.09,73.0,41.8,89.9,3,M20,8.11,0.72,Medium
13.44,7.5,81.12,3473.11,12.3,25.8,38.8,4,M40,17.37,1.11,High
5.87,116.8,87.16,543.2,20.9,24.5,75.0,2,M50,14.69,1.06,Medium
0.21,27.91,42.69,2806.63,44.7,38.8,41.3,7,M40,5.05,0.94,Low
13.59,37.2,32.28,1442.24,46.2,37.2,43.8,3,M20,24.24,0.69,Medium
1.41,37.17,49.72,1773.54,12.4,43.4,43.3,1,M30,10.69,0.5,Medium
4.82,28.42,63.46,3094.21,59.7,23.2,76.1,1,M30,14.15,1.15,High
14.25,1.18,28.25,1503.9,59.1,48.1,61.8,3,M20,17.57,0.91,Medium
14.26,87.79,67.6,1927.48,18.6,49.8,86.2,6,M50,15.34,1.08,Medium
8.62,116.05,9.39,267.62,22.4,-3.0,43.1,4,M30,7.78,0.81,Low
9.5,27.69,9.19,107.98,70.4,41.0,71.9,1,M20,19.94,0.39,Low
6.75,79.9,37.83,932.32,62.1,20.0,76.5,7,M20,2.75,1.28,Medium
4.43,89.29,35.05,2413.98,52.6,13.3,31.4,2,M30,14.22,0.4,Medium
4.96,101.96,31.83,512.3,7.1,26.8,50.0,5,M40,6.83,1.2,Low
10.1,51.29,46.74,486.79,32.0,-6.6,56.2,8,M20,15.39,0.43,Medium
11.3,37.05,32.26,1497.27,42.4,20.4,46.7,7,M40,5.45,0.61,Low
11.88,39.71,21.34,2302.65,14.9,42.3,44.2,8,M20,19.3,0.68,Low
11.85,85.8,31.3,2521.04,34.2,2.8,71.5,10,M30,5.69,1.21,Low
1.41,98.2,87.87,706.73,45.5,15.6,36.2,6,M40,22.26,1.18,Medium
7.44,22.61,39.94,370.6,25.2,46.4,73.2,7,M20,21.54,1.11,Medium
0.91,45.14,42.8,3297.35,58.8,15.7,90.1,9,M30,9.06,0.61,Low
8.27,108.33,54.01,986.27,63.2,11.5,62.4,6,M40,9.65,0.2,Low
6.65,97.0,88.58,3001.38,24.9,16.4,65.9,9,M30,17.54,0.95,High
13.32,118.2,25.54,3035.87,63.1,21.2,25.2,2,M30,2.26,0.65,Low
5.3,90.76,62.91,2726.58,8.7,27.9,84.8,2,M40,2.02,1.03,Medium
1.8,47.79,65.86,674.03,63.0,38.0,41.4,2,M50,3.41,1.07,Low
2.19,71.29,56.62,2894.12,12.3,17.1,66.1,6,M20,14.06,0.68,High
11.43,79.66,12.53,2715.45,7.1,39.0,93.4,2,M40,3.73,1.02,Low
9.29,10.34,62.53,2128.86,48.5,22.0,64.7,3,M20,6.94,1.12,High
1.56,65.8,10.45,1246.49,35.9,10.3,74.4,8,M20,16.17,1.22,Low
1.31,85.41,55.67,992.53,68.2,29.5,53.4,8,M20,0.39,0.84,Medium
10.53,20.91,67.86,514.42,27.9,33.1,24.5,4,M50,4.51,1.06,Medium
1.14,93.9,22.93,1833.17,22.2,23.5,79.8,9,M30,23.25,0.74,Low
12.34,70.47,76.54,2089.89,38.1,-6.6,22.6,8,M20,16.59,0.25,High
10.61,114.31,7.58,1321.75,34.7,0.2,72.5,1,M20,7.64,0.37,Low
1.27,6.05,76.72,1716.22,26.5,7.1,21.7,8,M50,1.13,0.34,Low
1.32,32.57,44.13,1335.95,52.3,7.0,84.7,1,M30,14.65,0.39,Medium
14.8,72.58,23.49,2279.42,57.2,30.4,31.8,4,M30,5.57,0.21,Low
5.65,36.29,16.37,3164.28,64.1,-8.9,58.6,10,M40,24.0,1.14,Low
5.59,86.02,86.03,657.33,73.0,35.3,64.8,6,M30,17.17,0.82,High
12.2,91.32,11.18,1396.79,20.7,5.9,54.3,7,M20,24.35,0.62,Low
14.21,13.2,21.92,578.95,54.0,8.6,45.6,10,M30,21.22,0.65,Low
14.79,62.15,34.56,2224.81,30.2,21.7,55.1,4,M50,12.08,0.71,Low
11.31,61.56,57.72,2578.16,51.1,3.0,43.4,8,M50,16.74,0.28,Low
5.68,44.94,51.31,3268.5,36.2,43.1,52.9,8,M20,20.3,0.5,High
1.3,112.02,15.68,1048.16,74.5,-4.9,46.9,9,M20,14.45,1.14,Low
11.67,99.47,29.63,3330.72,54.9,16.7,62.5,6,M20,1.54,1.02,Medium
8.4,83.97,25.29,315.09,71.5,41.0,37.8,4,M30,11.76,0.82,Low
6.39,86.0,23.15,2150.25,62.8,27.0,94.1,2,M40,3.26,0.73,Low
13.6,55.94,39.95,294.25,67.8,7.5,57.6,7,M20,17.87,0.48,Medium
1.71,110.6,64.84,3138.83,61.3,15.2,34.6,10,M40,17.02,0.72,Medium
7.41,83.66,23.48,1901.35,35.0,32.4,55.8,3,M40,24.82,0.86,Low
0.22,87.75,36.17,2375.78,19.6,48.4,85.0,3,M40,15.72,0.98,Low
7.06,103.54,38.23,2927.35,28.4,43.6,21.6,3,M50,20.0,0.38,Low
0.89,33.61,88.0,611.06,2.5,10.5,71.0,4,M30,6.71,1.09,High
1.83,97.04,86.15,231.21,39.8,49.9,61.1,2,M30,8.5,0.58,High
1.81,24.23,73.01,3088.2,38.4,-9.8,32.7,5,M40,22.93,0.75,Medium
9.76,42.1,25.54,1170.77,39.9,-8.3,81.3,3,M40,18.88,0.87,Low
11.2,40.94,10.78,538.53,73.1,39.4,47.7,10,M20,16.38,0.74,Low
8.77,117.44,31.94,1692.77,68.4,2.0,42.0,5,M40,6.35,0.83,Low
14.43,102.93,27.68,2134.24,13.0,-6.4,82.1,7,M20,17.46,0.32,Medium
5.65,84.44,48.0,205.3,28.3,4.2,67.9,9,M20,22.17,0.68,Medium
4.32,87.52,71.11,1034.65,32.4,15.6,87.4,2,M20,5.77,0.51,High
13.04,67.89,77.96,211.52,27.7,33.8,67.2,9,M50,17.65,0.29,Medium
3.39,113.7,76.81,1529.14,60.1,27.5,75.6,10,M30,9.84,0.41,Medium
14.45,60.05,35.57,3143.34,39.8,4.3,82.7,6,M20,2.97,0.86,Medium
0.23,46.28,63.41,3441.02,43.3,20.2,24.1,6,M50,19.09,0.42,Low
14.55,20.4,31.59,2265.96,64.1,45.6,78.2,3,M40,4.18,0.4,Low
0.7,94.56,10.18,649.57,60.6,38.9,66.0,10,M40,6.32,0.81,Low
13.37,88.4,64.63,3179.89,10.8,9.4,25.2,9,M20,19.57,1.2,High
7.94,46.74,5.84,1855.24,53.8,48.9,58.1,4,M20,18.55,1.07,Low
14.89,4.0,39.78,622.75,33.2,32.5,26.2,5,M30,6.35,1.2,Medium
1.15,100.84,33.0,3233.87,22.8,-6.3,75.2,3,M40,23.52,0.84,Low
8.33,2.36,63.94,2675.39,4.7,-7.9,61.0,5,M30,5.38,0.65,Medium
14.54,84.74,70.13,2587.8,37.1,0.1,91.5,8,M30,24.84,1.0,High
7.87,116.46,30.85,2511.21,27.3,33.7,33.7,8,M40,18.45,0.49,Low
9.46,53.08,73.99,781.16,19.6,1.0,65.5,8,M20,9.81,0.29,High
10.45,28.96,29.98,817.42,52.4,20.7,35.9,6,M40,3.26,0.58,Low
6.85,84.88,42.94,2440.2,57.9,-4.4,66.1,1,M30,8.01,0.53,Medium
9.43,98.24,66.8,847.06,19.1,45.3,74.2,10,M20,4.84,0.94,High
8.79,66.03,63.9,1591.48,4.7,10.6,74.2,6,M20,15.55,0.81,High
13.52,116.08,88.93,2758.81,63.8,44.5,81.1,10,M40,8.92,0.35,Medium
0.73,7.15,24.14,2765.44,1.7,46.7,84.0,7,M40,7.38,1.2,Low
4.25,61.07,61.3,1641.09,70.3,-9.6,25.8,9,M20,18.93,0.85,High
14.26,86.5,56.82,2793.45,47.4,17.8,45.7,8,M20,5.76,0.7,High
13.36,103.65,82.78,2951.31,24.8,-8.5,71.5,8,M20,14.67,1.23,High
6.86,22.33,18.29,2326.24,19.2,44.5,57.4,7,M50,4.86,0.31,Low
9.32,96.2,68.9,876.65,1.7,21.1,34.3,2,M40,17.87,1.07,Medium
4.2,66.77,53.3,1031.64,18.4,-5.5,61.5,1,M50,15.63,0.6,Low
2.86,48.19,28.35,1170.46,11.2,-3.4,50.6,2,M40,19.95,0.96,Low
6.98,16.67,45.33,497.13,46.3,13.0,49.3,6,M30,1.71,1.22,Low
5.33,103.97,33.37,1028.74,13.3,46.4,80.7,2,M20,5.25,0.77,Low
8.78,19.72,54.24,812.37,40.1,31.6,50.6,10,M30,3.86,0.22,Medium
1.21,37.86,80.57,1648.12,44.7,42.1,22.0,4,M20,4.76,0.23,High
14.62,35.52,53.39,3188.69,23.1,12.0,24.4,10,M20,2.58,0.56,High
14.79,104.7,58.7,455.23,3.6,-7.4,84.2,3,M20,14.05,1.06,High
10.49,81.05,49.09,2548.91,3.8,48.5,92.0,6,M40,14.84,0.52,Medium
8.06,95.81,9.35,2436.76,2.9,-9.0,71.6,8,M30,21.09,0.57,Low
4.68,30.81,24.79,425.56,55.7,46.9,47.3,6,M30,10.44,1.06,Low
12.22,75.36,46.82,3236.75,24.5,12.1,90.4,2,M30,13.31,0.33,Medium
10.29,69.04,31.37,2032.81,59.9,-9.4,69.7,5,M20,24.78,1.13,High
2.48,100.11,20.45,1336.67,32.9,31.3,83.3,6,M40,13.3,0.49,Low
13.67,108.82,47.85,2672.23,34.5,48.8,77.4,9,M40,14.34,0.26,Low
12.35,2.45,32.44,975.04,39.0,47.9,48.4,6,M20,24.9,0.33,Medium
14.25,81.21,26.94,2457.93,53.8,-0.3,55.9,10,M30,24.85,1.25,Medium
10.9,7.17,44.44,235.02,21.2,0.9,34.0,5,M30,10.6,0.7,Medium
9.22,66.31,16.33,2953.99,10.0,23.9,41.9,1,M20,15.87,0.48,Low
6.3,35.23,83.86,1623.78,42.1,28.2,78.4,10,M20,12.02,0.77,High
13.99,37.51,78.75,2264.76,25.2,34.4,87.0,5,M50,18.02,0.95,Medium
13.0,43.0,65.15,852.21,33.7,0.9,74.3,5,M20,23.46,0.55,High
0.73,74.93,14.03,2402.05,48.9,47.5,54.9,6,M30,7.74,1.0,Low
0.44,40.75,70.95,2725.62,37.6,28.3,26.5,7,M40,20.47,0.48,Medium
5.68,88.19,73.68,1708.92,46.9,40.8,24.3,4,M30,16.37,0.32,High
12.17,49.14,70.26,2200.27,41.3,22.4,48.1,7,M20,7.0,0.8,High
14.81,9.13,14.69,1651.51,55.7,14.9,54.8,5,M40,19.93,0.37,Low
2.3,94.27,59.73,3139.91,53.2,48.6,65.7,6,M30,10.68,1.23,Medium
8.93,35.01,75.92,1792.76,40.5,24.9,20.5,4,M40,3.01,0.2,Medium
5.74,52.5,54.08,2962.15,51.2,42.0,94.2,8,M40,24.84,1.03,Medium
14.55,82.57,59.94,2824.6,65.6,47.2,47.3,9,M40,10.64,0.51,Medium
12.64,40.56,43.96,1495.72,33.0,30.5,83.6,2,M50,13.54,1.13,Medium
12.58,7.73,49.94,882.29,31.5,22.9,60.1,4,M40,20.2,0.27,Medium
7.06,45.5,7.92,1480.68,57.6,-9.8,29.8,8,M40,24.02,1.25,Low
6.25,113.39,59.31,2909.14,44.1,-7.6,79.8,8,M40,21.82,0.31,Medium
4.14,77.37,11.92,873.95,6.3,2.1,73.2,9,M50,13.13,1.07,Low
0.89,80.91,41.98,1883.08,67.0,1.2,59.6,3,M50,13.64,0.77,Low
12.98,76.24,29.88,2840.73,3.3,5.3,58.6,1,M40,7.02,0.67,Low
12.2,24.68,51.36,1301.82,56.4,8.3,26.6,9,M20,11.57,0.51,High
15.0,50.78,16.34,2283.51,57.2,11.6,69.2,1,M40,23.67,1.13,Medium
14.95,90.36,63.79,935.15,71.5,15.2,88.3,3,M20,18.17,0.42,High
8.35,13.06,72.58,471.55,5.0,-4.1,27.0,3,M30,0.3,0.99,Medium
11.55,34.06,18.89,2800.91,45.2,-7.5,39.8,9,M20,2.91,0.69,Low
14.17,33.88,13.87,436.49,32.7,30.4,87.7,1,M50,23.1,1.3,Low
12.75,52.41,17.37,1022.7,25.5,22.2,41.3,7,M30,21.22,0.87,Low
3.75,117.66,79.56,3007.37,7.7,16.6,69.0,2,M40,12.15,0.31,Medium
6.79,9.03,49.9,1278.0,42.6,28.1,60.1,7,M30,15.42,0.66,Medium
1.98,62.73,44.72,3408.35,36.4,39.7,64.7,1,M20,7.24,0.27,Medium
14.31,22.34,14.07,3431.1,8.7,15.7,51.2,10,M30,19.82,0.51,Low
9.11,116.51,60.21,1012.14,46.3,28.5,42.5,10,M40,15.08,0.58,Medium
3.47,14.48,78.78,239.33,55.6,47.2,23.6,8,M40,17.37,1.14,Medium
10.09,49.03,75.4,2497.22,57.8,40.4,75.8,10,M20,9.37,1.12,High
9.29,88.81,58.21,1633.35,68.0,15.6,76.0,10,M20,10.76,0.21,High
5.4,84.84,11.4,442.56,31.3,28.7,70.3,2,M40,5.19,0.79,Low
1.75,51.3,14.55,2505.58,71.5,0.6,68.3,3,M20,23.7,0.45,Low
10.09,42.24,9.19,205.99,65.0,23.6,38.3,8,M20,23.66,0.55,Low
7.83,48.32,26.89,3058.67,22.9,48.9,21.7,3,M20,20.44,0.22,Medium
11.6,32.45,16.53,571.42,12.8,21.1,80.7,1,M40,23.39,1.02,Low
7.83,25.43,27.1,532.86,33.2,45.7,56.8,9,M20,16.63,1.25,Medium
12.79,58.48,37.73,697.29,30.7,14.4,43.0,8,M30,5.87,0.44,Low
8.3,32.96,85.15,3364.91,43.6,49.9,27.6,4,M50,19.01,0.58,Medium
8.44,35.21,56.88,2456.78,44.2,24.8,24.7,8,M40,8.13,0.43,Medium
13.16,79.15,75.97,2824.66,56.5,-7.5,46.2,5,M30,11.01,1.22,High
6.08,116.26,65.38,1451.96,38.7,25.2,80.4,3,M30,6.86,0.21,Medium
2.05,72.83,14.56,1243.46,8.8,6.5,88.9,1,M20,10.59,0.84,Low
0.48,10.16,67.55,897.25,64.5,-8.1,87.3,10,M20,16.98,1.16,High
11.34,9.99,28.38,1734.2,23.9,39.3,89.0,5,M20,2.77,0.4,Low
9.32,114.22,59.32,1976.22,72.9,6.5,88.1,6,M30,2.63,0.85,Medium
10.58,36.38,33.98,2248.03,9.7,37.8,59.5,4,M30,17.09,0.26,Medium
3.23,11.96,89.8,974.2,71.9,7.3,36.5,7,M50,19.49,1.1,Medium
2.09,72.29,27.4,3325.42,7.7,1.7,79.9,3,M50,13.79,0.5,Low
0.27,75.21,28.73,677.18,18.1,48.4,36.0,7,M20,4.54,1.29,Low
5.29,78.17,84.11,3383.22,4.4,11.7,40.0,1,M30,10.77,1.21,High
8.87,32.82,7.09,150.51,53.2,26.1,37.5,7,M20,18.95,1.01,Low
5.91,2.8,64.22,1735.83,63.9,26.6,58.6,1,M30,17.14,0.75,High
6.59,115.84,66.65,1233.45,33.1,23.6,44.1,1,M20,2.75,1.04,High
13.57,30.86,76.09,1627.02,69.7,44.9,31.6,2,M50,24.23,0.34,Medium
5.26,81.45,87.83,2040.26,44.7,30.5,54.0,2,M40,5.58,0.54,Medium
7.73,85.09,87.93,1581.0,47.6,14.2,85.5,4,M20,5.51,0.23,High
11.77,73.59,10.55,1510.48,63.6,41.7,62.8,1,M40,11.5,0.91,Low
5.98,38.24,74.86,2591.26,23.0,0.9,85.9,4,M30,8.18,1.09,High
9.35,33.26,59.94,2431.98,27.2,22.7,34.7,2,M30,24.6,1.24,High
12.94,72.12,60.02,2933.12,68.0,47.0,32.5,4,M30,1.91,0.96,Medium
14.25,104.07,15.91,949.86,67.7,27.5,63.2,4,M40,7.66,1.01,Low
2.25,113.66,60.27,2172.4,73.3,39.0,54.7,9,M40,9.57,1.19,Medium
13.9,13.6,88.51,2089.66,67.7,29.2,69.5,9,M40,12.34,1.23,High
7.41,19.42,82.5,1357.11,10.4,40.4,79.6,1,M30,0.41,0.74,High
3.91,113.42,42.33,1752.6,62.0,46.7,76.3,5,M40,2.06,0.32,Low
6.91,88.65,8.4,1166.86,31.3,6.4,90.7,7,M50,6.45,0.71,Low
14.7,106.08,35.79,582.27,74.3,0.2,49.9,4,M30,13.85,0.81,Medium
7.41,25.11,75.24,826.92,35.9,19.0,35.5,5,M20,19.19,0.89,High
4.96,70.92,64.63,458.75,42.0,32.1,61.3,2,M40,17.16,1.29,Medium
9.52,84.44,44.04,2422.44,40.2,3.6,28.3,3,M50,14.18,1.21,Medium
3.64,81.93,9.68,2346.47,24.8,-9.8,41.7,7,M20,9.93,0.64,Low
1.18,49.57,41.29,3332.06,6.6,10.6,35.6,10,M30,21.77,0.32,Low
1.98,2.83,44.87,2580.91,67.3,48.1,49.7,7,M20,11.49,0.44,Medium
1.96,70.37,83.93,276.96,60.4,31.7,28.3,4,M40,7.48,0.39,Medium
2.32,31.12,59.49,3106.43,11.3,14.1,22.4,1,M50,15.73,0.59,Medium
2.13,54.58,31.49,3033.1,58.5,1.6,69.3,1,M30,17.3,1.16,Medium
9.63,114.95,49.65,1607.29,47.3,11.4,65.8,4,M30,9.96,0.68,Medium
2.77,48.49,10.61,2091.93,31.3,0.2,73.1,4,M50,0.7,0.82,Low
5.22,100.94,87.67,3418.67,19.8,-3.6,69.5,6,M20,2.35,0.4,High
13.46,23.44,35.61,1909.83,64.6,44.4,28.6,7,M40,21.14,0.74,Medium
7.14,81.02,45.62,3178.09,52.8,49.9,41.8,9,M30,1.41,1.16,Medium
10.03,117.26,35.2,382.33,41.5,-0.2,29.7,9,M30,14.8,1.05,Low
2.63,13.13,63.01,749.58,46.1,-6.7,83.2,10,M30,4.59,0.29,Medium
2.92,1.99,61.29,1598.57,7.7,9.8,76.0,5,M30,5.72,1.15,Medium
0.66,52.6,65.8,2088.17,36.1,17.7,35.1,10,M50,6.83,0.5,Low
2.58,12.02,27.79,2875.17,15.3,2.3,45.6,3,M50,0.96,0.93,Low
4.21,90.06,31.83,3460.09,16.4,8.1,92.5,3,M40,4.43,0.36,Low
2.7,109.83,15.65,1422.1,49.9,2.1,64.6,6,M20,16.26,0.94,Low
1.38,52.65,60.72,261.21,68.4,36.5,80.1,1,M30,12.47,0.24,Medium
1.85,31.79,8.38,2823.98,30.9,32.8,39.8,7,M30,19.93,0.86,Low
6.94,52.69,55.8,2154.89,16.4,28.1,35.8,3,M50,1.53,0.91,Low
3.13,87.09,78.92,775.05,49.0,13.2,78.8,5,M30,22.22,0.47,High
5.5,2.08,80.72,1782.42,65.5,44.5,71.4,7,M50,24.91,1.23,Medium
7.58,71.15,43.17,2623.85,56.4,48.2,71.1,7,M50,0.39,0.25,Low
10.37,73.98,44.04,2719.4,65.3,0.4,61.4,9,M30,24.19,1.18,Medium
0.64,76.88,11.54,1798.7,40.7,3.4,62.3,1,M40,5.9,0.62,Low
12.0,29.8,62.02,1137.73,56.6,21.5,75.2,3,M50,17.31,0.99,Medium
9.44,85.97,74.81,3410.72,11.4,-4.5,40.3,9,M40,7.31,0.92,Medium
1.27,11.88,25.8,2355.43,26.8,16.2,46.5,8,M40,13.05,0.39,Low
13.11,24.71,40.81,1488.01,29.8,24.9,85.4,2,M40,12.76,0.55,Medium
13.82,105.42,76.3,1053.57,38.8,21.3,43.2,8,M20,9.03,0.78,High
0.96,88.91,79.56,2585.75,69.8,9.9,61.0,8,M30,17.94,1.13,High
4.19,2.64,25.67,923.42,65.7,22.5,72.7,2,M20,14.99,1.25,Medium
12.1,30.56,51.8,683.81,11.0,47.5,95.0,8,M20,12.71,0.22,Medium
11.24,26.51,21.36,1901.44,13.8,2.4,52.6,3,M40,24.57,0.59,Low
2.81,33.23,13.66,1085.96,27.5,29.3,52.1,7,M30,23.5,0.93,Low
3.18,30.46,82.45,2238.28,22.5,-7.4,83.2,9,M20,23.89,0.78,High
5.59,8.44,74.74,500.99,46.5,-6.0,80.4,4,M30,22.03,1.24,High
7.29,55.61,69.6,2326.8,67.8,23.1,74.8,6,M50,6.38,0.22,Medium
9.29,88.2,9.15,1063.21,72.2,-3.7,54.7,9,M40,8.75,0.68,Low
5.57,73.2,76.72,100.83,49.4,-8.7,44.3,5,M20,5.78,0.94,High
6.96,81.07,42.23,531.58,63.0,0.3,65.7,1,M50,24.65,0.44,Low
11.22,10.66,34.1,3274.29,39.9,23.9,85.7,3,M30,3.82,1.0,Medium
0.6,114.23,51.45,3049.01,16.4,32.2,86.3,9,M40,9.16,0.29,Low
3.82,100.78,12.77,894.27,39.8,2.1,28.1,3,M40,4.98,0.7,Low
10.71,96.81,69.31,2746.46,42.1,30.1,52.1,10,M50,5.59,0.94,Medium
13.43,98.94,54.51,2169.14,55.9,0.9,54.9,2,M40,6.18,0.49,Medium
7.7,111.99,20.86,3401.08,17.3,26.8,93.3,4,M20,15.99,0.28,Medium
8.01,65.77,21.0,1370.26,28.3,14.7,70.8,5,M30,1.9,1.25,Low
1.65,24.83,20.66,2416.97,27.9,29.2,50.5,7,M30,14.31,1.21,Low
6.74,74.4,9.85,316.02,72.0,49.7,22.0,7,M30,20.48,1.22,Low
8.01,89.4,54.96,1447.24,33.9,46.3,62.4,9,M30,19.16,1.28,Medium
3.67,88.81,76.43,3376.98,56.9,-9.7,27.2,8,M30,3.78,0.4,Medium
4.08,63.05,6.49,1932.53,56.6,43.1,82.6,2,M30,22.87,0.37,Low
5.69,9.15,9.17,1078.79,20.7,-6.0,76.4,8,M20,19.25,0.24,Low
0.35,45.16,53.69,508.92,43.3,47.2,54.5,8,M30,0.13,1.18,Low
4.87,110.57,74.66,2492.0,67.2,6.9,52.2,5,M40,18.43,1.03,Medium
3.21,70.55,32.77,2292.51,36.2,12.9,87.3,3,M30,18.44,0.9,Low
4.95,65.06,34.72,1371.39,70.9,-4.5,41.6,9,M50,12.42,1.22,Low
1.84,32.99,55.69,3333.2,16.9,-3.3,38.7,7,M20,1.15,0.83,High
13.36,44.85,28.31,175.49,6.5,33.6,90.4,1,M30,14.5,0.34,Low
8.92,107.55,7.26,1132.66,67.0,46.7,80.7,8,M30,19.14,0.39,Low
10.2,80.31,67.49,3231.64,63.7,26.6,81.5,10,M20,6.77,0.35,High
11.85,94.7,58.18,1191.18,74.5,33.0,34.6,5,M20,16.68,0.54,High
7.5,55.07,54.36,957.66,51.3,35.7,30.7,6,M50,8.85,0.62,Low
1.35,76.0,68.04,1916.35,70.3,5.8,22.0,9,M30,14.35,1.08,Medium
8.08,30.56,62.39,2900.93,62.2,-7.3,37.8,10,M30,9.61,0.41,Medium
8.82,84.95,22.5,450.7,63.5,-9.9,78.1,8,M30,7.59,1.0,Low
11.19,51.88,34.96,3306.27,43.1,11.0,38.0,3,M40,21.4,0.74,Medium
6.5,53.66,15.72,2803.25,29.3,4.5,74.7,5,M30,18.85,1.3,Low
1.96,78.27,16.04,716.25,70.2,-6.3,38.9,4,M40,8.64,1.05,Low
4.29,112.42,62.48,2520.83,33.0,0.8,49.6,1,M30,10.87,1.27,High
5.48,8.62,77.98,1408.86,40.9,-2.5,93.7,5,M30,17.29,0.58,High
9.71,99.14,86.83,1467.8,34.0,44.9,38.4,10,M20,20.28,0.34,High
8.58,35.79,58.41,2763.19,42.8,-1.6,48.2,7,M40,17.11,0.76,Medium
5.37,53.83,20.65,3373.47,35.8,22.3,42.6,1,M40,13.52,0.34,Low
14.8,3.61,13.98,530.63,4.5,25.6,28.2,4,M30,23.86,0.74,Low
9.11,36.82,74.09,1530.14,66.3,22.6,56.7,6,M20,19.35,0.5,High
3.6,60.81,54.19,1735.2,33.9,-4.1,48.4,9,M30,2.89,0.74,Low
1.57,7.68,57.55,1379.46,44.6,9.1,72.1,8,M20,13.95,1.24,High
2.34,59.44,71.42,1334.84,11.3,-6.9,81.3,2,M30,10.24,0.52,Medium
3.73,111.33,64.78,277.71,1.3,13.7,60.8,3,M40,19.87,1.29,Medium
2.45,13.54,75.93,2430.83,19.2,1.3,22.4,10,M40,1.12,0.45,Low
2.84,91.97,9.78,1583.13,53.1,23.7,66.4,5,M20,10.27,0.43,Low
4.31,49.75,68.54,762.3,8.3,31.6,24.2,7,M50,7.96,0.8,Low
2.64,78.97,77.32,2874.51,68.3,21.9,66.2,3,M50,3.53,1.13,Medium
13.46,31.97,29.32,2828.71,16.9,16.1,71.4,7,M30,9.47,1.02,Medium
1.25,19.98,59.44,1753.73,16.1,13.2,34.8,5,M30,16.82,1.0,Medium
7.89,20.1,31.7,1114.73,14.4,40.5,81.5,10,M50,9.04,0.51,Low
6.19,9.39,86.43,2269.52,2.0,3.2,88.3,6,M30,14.5,0.22,High
14.74,23.09,7.84,1079.72,58.1,34.1,81.0,6,M30,14.82,0.38,Low
1.72,80.04,54.28,902.43,65.8,35.4,42.9,4,M40,14.68,0.58,Medium
6.0,105.92,19.15,2583.75,46.4,15.2,64.0,8,M20,13.24,1.27,Low
14.54,97.88,65.54,237.11,14.9,7.8,88.6,9,M40,2.92,1.21,Medium
12.99,82.53,19.95,422.21,22.1,18.2,44.0,2,M30,5.46,0.42,Low
12.27,14.14,25.01,123.08,36.2,-4.4,81.5,9,M30,20.0,1.0,Low
3.91,35.41,47.02,620.01,71.6,-7.2,20.7,4,M20,12.56,0.84,Medium
2.6,37.87,82.76,334.57,19.3,-3.3,20.3,6,M30,17.65,0.25,High
10.05,30.74,23.0,3485.73,55.1,1.2,77.0,7,M30,14.25,0.61,Low
13.94,62.29,17.26,1081.95,33.5,20.3,77.1,4,M30,0.97,0.73,Low
8.37,64.73,69.51,607.51,23.0,40.9,79.2,8,M40,19.91,0.93,Medium
8.6,43.47,47.55,919.39,34.7,4.1,89.8,10,M20,1.61,0.52,Medium
4.24,43.1,82.5,3282.83,6.3,46.1,28.8,8,M20,23.58,1.23,High
11.55,99.6,17.46,1868.54,60.1,47.3,37.4,1,M30,5.38,0.7,Low
2.85,94.93,59.9,1340.38,19.0,47.5,87.8,8,M30,12.81,0.47,Medium
4.89,37.63,24.79,3069.53,54.7,40.3,33.3,10,M20,1.59,0.55,Low
6.41,109.74,18.32,1442.97,6.1,11.8,71.2,3,M20,22.37,1.03,Medium
7.64,114.38,63.09,1239.03,71.7,-5.6,59.8,5,M50,24.5,0.9,Medium
3.67,39.88,55.46,804.76,15.3,24.1,26.2,10,M20,3.66,1.02,Medium
1.77,43.18,69.16,1384.51,66.3,23.5,41.4,8,M40,7.39,0.52,Medium
9.18,61.17,31.3,1176.73,60.9,41.0,59.0,6,M30,0.4,0.56,Low
4.37,112.99,43.08,2402.83,72.6,49.8,83.9,4,M40,19.67,0.64,Medium
8.74,105.28,39.47,1084.58,36.4,20.5,73.1,4,M20,7.79,0.41,Medium
2.36,13.21,88.65,2062.48,54.8,10.7,66.6,4,M40,14.72,0.96,High
7.24,47.73,29.84,324.03,28.4,1.2,57.2,6,M20,0.98,0.56,Low
8.01,66.85,30.06,750.38,14.6,-9.7,42.4,7,M30,17.89,0.56,Low
0.82,60.87,35.14,1485.18,33.8,20.5,28.9,5,M20,13.24,0.5,Medium
5.08,24.07,52.99,3285.63,13.3,23.3,50.7,10,M40,18.12,0.7,Medium
2.06,103.2,26.45,1382.66,73.7,39.5,22.1,8,M40,19.74,1.05,Low
1.0,81.56,82.8,2357.85,8.1,20.3,35.8,7,M30,2.23,1.12,High
14.85,100.71,27.58,967.3,44.6,45.0,52.4,8,M30,14.45,1.08,Low
4.87,103.19,81.14,531.91,47.4,27.7,51.4,4,M40,16.25,0.88,Medium
12.16,90.05,13.8,299.02,40.8,40.4,23.3,8,M40,12.92,0.51,Low
3.86,53.27,60.81,1138.41,50.0,-1.1,64.2,6,M30,4.56,1.01,Medium
10.24,73.66,82.09,636.05,9.6,41.3,61.2,3,M50,19.89,0.24,Medium
11.42,20.08,19.34,691.64,42.1,30.5,25.9,8,M30,24.94,1.08,Low
8.95,81.16,87.31,2686.58,22.3,0.2,90.7,7,M20,24.23,1.06,High
7.1,22.33,43.5,153.85,70.6,1.4,27.5,10,M20,19.44,0.94,Medium
6.21,83.58,85.39,1996.55,57.4,45.6,84.1,5,M40,10.45,0.31,Medium
5.27,28.32,62.53,1390.17,73.0,-8.1,20.0,4,M30,8.43,1.3,Medium
13.95,14.99,30.63,1822.27,3.8,17.8,86.2,1,M20,1.71,1.03,Medium
12.47,20.67,21.01,2013.62,22.1,8.8,21.5,10,M20,10.41,1.01,Low
14.48,1.24,30.82,1165.45,15.5,29.9,76.8,3,M30,3.9,0.27,Low
1.91,86.53,12.91,1103.37,1.8,40.4,47.1,2,M20,6.36,0.64,Low
10.98,88.16,17.23,2593.57,18.9,11.6,75.4,8,M20,22.3,0.29,Low
14.08,62.28,13.9,3062.34,51.2,15.6,50.1,8,M50,24.21,0.6,Low
2.76,20.2,40.95,754.78,18.1,48.9,25.3,5,M30,23.71,0.83,Low
1.04,10.94,72.62,431.9,38.7,37.0,77.6,5,M20,4.83,1.17,High
11.13,3.28,17.02,3152.51,66.7,43.8,25.3,4,M40,22.52,0.51,Low
8.64,20.72,16.08,1289.64,52.3,16.3,89.2,1,M40,3.54,0.89,Low
12.64,107.01,59.69,1974.48,30.2,4.0,23.8,1,M30,12.69,0.38,High
2.14,29.74,21.76,1322.45,28.6,14.7,55.9,6,M20,16.09,0.59,Low
11.94,43.16,13.3,527.73,34.7,33.0,74.2,4,M40,11.56,1.24,Low
3.06,13.54,19.18,2103.73,14.1,-3.4,49.5,4,M30,23.8,1.02,Low
2.5,27.46,83.52,1885.48,47.9,6.2,36.3,3,M30,8.33,0.8,High
2.51,62.79,74.83,790.18,27.9,-7.2,76.9,9,M30,13.18,0.48,Medium
12.23,73.32,35.1,1636.35,64.1,15.9,78.8,3,M40,1.89,0.62,Low
9.99,30.2,60.74,2809.62,57.0,39.6,89.2,8,M30,21.31,0.37,Medium
7.87,7.87,50.67,2107.45,46.2,-8.5,48.2,2,M50,10.33,0.59,Medium
5.41,47.53,62.56,429.52,28.0,30.5,58.0,4,M30,17.51,0.37,Medium
13.16,28.87,63.03,1963.27,16.5,45.9,47.2,1,M40,17.06,1.07,Medium
5.92,27.13,58.44,2489.31,58.4,4.2,39.3,5,M30,16.91,0.29,Medium
12.26,115.22,27.62,2795.19,37.0,31.6,76.3,2,M30,12.67,0.41,Low
6.62,74.34,8.32,2239.0,17.6,48.5,45.5,1,M30,6.94,0.96,Low
5.69,67.27,43.72,619.04,15.4,47.7,52.1,1,M20,15.63,1.19,High
6.97,50.48,80.73,2514.59,13.2,4.1,50.3,2,M20,24.04,1.26,High
4.56,52.04,53.41,2402.96,58.5,-4.0,73.4,5,M40,20.85,1.12,Medium
11.23,65.37,75.75,183.05,17.9,-1.1,88.8,9,M40,2.72,0.43,Medium
7.57,83.88,89.29,1499.94,40.0,32.1,70.0,6,M20,0.58,0.51,High
3.52,84.56,18.91,1232.03,34.4,33.5,55.4,4,M30,12.47,1.16,Low
13.5,21.43,63.8,2376.0,43.9,30.5,78.4,3,M20,19.4,1.18,High
5.79,60.51,62.31,834.86,65.9,10.2,68.1,8,M40,7.85,0.9,Medium
8.18,50.02,88.3,2108.96,65.2,0.2,24.5,3,M20,17.53,0.55,High
13.6,104.59,88.78,3204.9,34.4,24.8,27.2,1,M40,23.3,0.45,High
9.38,76.14,63.37,2812.53,2.1,19.0,22.8,4,M30,11.47,1.14,Medium
1.8,64.37,25.71,3232.96,32.6,33.7,54.3,5,M30,6.1,0.43,Low
14.1,14.73,72.88,3426.92,45.9,16.5,81.9,5,M20,22.94,0.93,High
9.43,73.07,14.1,136.28,42.3,10.3,43.5,5,M30,11.81,1.26,Low
5.06,14.95,71.36,2217.32,49.2,7.6,48.8,8,M40,10.2,0.98,Medium
2.13,41.13,82.37,1503.65,12.4,2.7,88.2,8,M40,8.83,0.48,Medium
11.92,18.0,37.54,3023.51,48.8,5.9,82.8,4,M40,10.58,0.51,Medium
9.32,83.36,58.6,956.17,14.5,-4.3,69.9,9,M40,16.84,0.3,Low
8.03,25.54,41.56,3435.5,56.5,10.8,40.0,1,M20,10.84,0.95,High
13.41,47.63,42.21,2186.61,26.1,-7.8,28.8,5,M20,8.11,0.77,High
11.84,107.59,31.38,2798.03,53.5,1.2,21.2,5,M40,18.59,0.43,Low
2.32,25.31,69.78,391.04,4.5,34.8,28.0,5,M40,5.07,0.45,Low
4.71,61.43,84.58,723.76,31.2,9.5,41.9,8,M40,5.05,0.21,Medium
3.76,50.89,84.96,2678.57,53.2,30.1,61.4,9,M30,17.41,1.28,High
11.17,3.16,19.86,174.75,17.8,33.0,24.8,3,M30,21.67,1.11,Low
0.55,95.34,79.35,2877.39,59.9,24.9,30.2,9,M20,6.03,0.63,High
8.57,9.22,67.68,147.43,47.7,47.5,33.6,8,M40,4.78,1.24,Medium
11.45,57.44,26.49,2334.2,44.5,-8.7,67.4,3,M50,16.76,0.94,Low
13.16,67.72,10.72,1341.32,27.2,34.3,66.2,2,M30,15.52,1.03,Low
5.16,75.78,27.78,2179.08,36.7,47.5,61.3,4,M30,11.18,0.95,Low
12.33,82.95,82.54,2466.51,45.2,41.7,38.8,2,M20,2.4,1.03,High
1.7,31.14,58.82,1264.42,36.0,0.1,47.8,4,M20,2.29,0.39,High
12.7,2.19,66.29,467.07,52.7,9.6,27.3,5,M30,19.43,0.82,High
1.96,87.09,26.86,336.8,33.1,0.3,37.0,2,M50,11.29,1.13,Low
5.99,64.74,66.15,2102.38,16.0,26.1,87.3,8,M40,21.45,0.22,Medium
11.97,100.5,7.39,1870.23,16.8,32.7,93.5,1,M40,14.37,0.34,Low
2.29,98.75,36.9,2623.48,1.4,9.0,68.6,3,M30,15.47,0.47,Low
3.48,101.36,58.27,1833.1,23.3,22.4,88.8,7,M30,23.35,0.52,Medium
10.85,58.73,17.42,1536.32,56.4,31.5,68.2,10,M50,4.12,0.4,Low
10.81,40.7,74.96,1453.5,59.8,15.3,22.5,1,M30,13.58,0.89,High
9.64,95.2,24.98,189.92,16.0,41.2,94.8,2,M50,1.45,0.52,Low
10.42,54.7,60.44,1240.89,72.0,36.3,27.4,3,M40,8.97,0.37,Medium
8.16,22.83,39.44,3418.47,38.2,-6.1,71.2,2,M30,3.7,1.2,Medium
3.81,102.74,55.66,3070.09,68.9,27.3,39.0,2,M30,4.7,0.96,Medium
5.22,106.02,14.13,1219.89,53.3,4.1,49.4,6,M30,23.37,0.47,Low
2.76,56.49,6.44,2098.5,54.5,23.5,68.4,7,M20,15.27,0.6,Low
13.63,10.01,82.31,2980.81,7.3,47.4,52.7,6,M30,22.3,1.01,High
8.77,47.15,27.92,1600.33,17.3,42.7,38.8,6,M40,11.09,1.07,Low
6.04,96.62,74.67,161.06,1.7,14.3,45.1,9,M40,14.94,0.39,Medium
6.96,108.31,89.94,353.34,54.0,7.5,45.6,8,M20,0.8,1.23,High
14.21,25.21,22.97,1835.34,26.5,4.1,91.9,8,M30,11.74,1.06,Low
2.34,8.97,27.54,3396.09,59.2,22.0,79.9,6,M30,14.1,1.14,Low
8.81,105.4,61.34,2456.91,26.1,-3.1,54.4,5,M30,0.42,0.36,Medium
7.61,47.34,87.06,341.12,61.6,23.0,35.0,9,M30,19.74,0.36,High
9.19,65.47,82.84,743.83,10.7,-9.9,80.8,2,M40,7.39,0.54,Medium
0.32,116.2,47.74,2722.5,13.8,9.4,31.8,7,M30,11.31,0.27,Low
13.09,8.92,72.58,2960.9,26.2,3.2,35.8,6,M20,13.39,0.3,High
13.99,78.15,16.54,2200.16,31.2,48.3,47.5,7,M30,24.8,0.36,Low
8.5,9.82,88.08,2291.04,26.8,33.6,86.0,4,M30,2.48,0.98,High
10.46,45.68,86.97,196.35,57.5,11.0,29.9,9,M20,13.88,0.23,High
13.84,96.65,18.92,2917.0,8.2,-4.4,29.2,7,M30,13.26,0.29,Low
10.62,52.58,30.45,2780.14,27.0,21.0,57.0,2,M30,1.72,1.24,Low
2.33,119.66,13.51,980.72,63.0,2.8,40.7,4,M40,15.85,0.29,Low
8.67,67.53,28.1,2509.5,5.9,22.2,62.7,5,M40,7.17,0.79,Low
9.12,39.22,74.36,830.51,70.7,40.1,53.9,2,M40,2.59,0.91,Medium
6.39,27.19,37.16,237.12,74.0,26.9,52.6,10,M30,4.47,1.25,Low
11.06,42.71,12.51,783.86,7.6,28.0,28.4,8,M20,20.59,1.19,Low
14.02,45.33,34.09,707.34,22.6,22.5,30.6,1,M30,2.6,0.68,Low
13.89,9.18,88.42,1248.34,28.6,45.6,81.6,3,M40,11.67,1.24,High
6.79,44.98,58.52,1522.73,58.5,45.9,86.4,1,M30,4.88,0.68,Medium
1.74,56.24,40.37,1829.03,45.1,20.8,37.6,5,M30,4.06,0.94,Low
14.77,87.01,19.16,1720.96,48.7,8.3,28.5,8,M20,5.14,0.49,Low
12.59,79.15,88.83,1020.29,57.1,17.6,24.0,7,M50,12.32,0.9,Medium
1.91,85.34,74.77,199.18,9.7,1.2,65.6,9,M50,5.94,0.79,Low
13.82,2.0,28.93,2157.35,62.7,28.2,73.7,2,M20,2.42,0.87,Medium
13.05,26.9,10.96,1445.53,53.2,20.0,48.0,8,M40,20.04,0.95,Low
7.81,79.74,9.81,1115.49,43.7,-3.8,71.0,8,M20,13.5,0.39,Low
8.89,58.59,15.23,3047.6,66.8,1.9,73.5,6,M30,3.92,0.53,Low
6.02,1.63,54.37,2638.93,52.8,18.8,90.2,3,M20,11.79,1.01,High
0.87,96.73,83.94,3016.4,15.9,43.3,24.9,2,M20,1.71,0.38,High
5.06,92.96,47.22,1782.94,32.8,24.0,34.4,8,M20,14.51,0.58,Medium
12.05,66.26,76.65,545.17,37.6,30.9,25.1,6,M50,8.51,0.93,Medium
0.12,8.91,42.9,2467.15,5.1,10.3,85.1,4,M40,2.59,1.23,Low
5.04,92.22,65.23,800.65,71.6,24.3,79.4,5,M20,4.59,0.28,High
6.0,70.46,67.21,1600.18,10.5,16.8,63.1,5,M30,8.64,0.77,Medium
8.08,94.05,19.79,321.0,52.6,29.5,26.3,9,M20,20.16,0.29,Low
13.8,90.46,35.7,2906.05,38.5,-7.0,40.5,9,M20,4.34,0.62,Medium
5.23,96.56,59.17,528.2,2.9,19.6,42.3,8,M40,2.74,0.39,Low
5.24,62.64,11.01,3170.53,69.4,7.8,62.1,8,M20,12.9,0.91,Low
11.08,17.7,35.73,3038.38,64.0,9.6,39.4,2,M30,13.97,1.03,Medium
6.81,80.87,50.46,1679.58,39.8,47.7,25.5,3,M30,2.26,0.47,Medium
3.41,74.84,89.68,2630.85,17.9,1.0,74.8,8,M20,7.11,0.98,High
6.81,89.33,45.34,2206.11,10.0,8.7,42.4,5,M30,6.57,0.69,Medium
2.16,21.22,74.36,2830.46,27.9,20.6,53.9,7,M50,4.66,0.51,Low
2.69,24.2,41.73,1568.14,19.9,41.8,29.6,8,M40,7.89,0.78,Low
7.5,106.96,72.69,2771.75,38.5,15.0,80.2,6,M20,0.93,0.62,High
6.31,90.25,55.61,1672.35,72.5,34.6,62.4,5,M40,16.29,0.45,Medium
13.73,109.08,80.36,3299.28,43.5,41.4,87.6,8,M50,24.71,1.03,High
5.47,91.29,39.93,1753.67,66.9,8.6,57.2,1,M20,15.85,1.08,High
8.73,72.06,56.37,1672.91,49.2,13.6,90.6,1,M30,9.03,1.08,Medium
9.5,78.84,58.55,2769.24,36.2,11.4,86.9,1,M20,16.7,0.62,High
0.25,106.81,40.48,2893.36,64.2,40.0,63.2,3,M30,14.29,0.39,Medium
9.97,69.88,17.27,1985.26,35.9,-7.3,90.0,10,M40,21.17,1.12,Low
2.71,76.25,12.95,711.31,65.3,8.5,44.2,6,M20,15.55,0.56,Low
14.42,19.62,6.42,1690.38,22.6,30.8,47.4,6,M20,15.85,1.02,Low
2.27,57.4,79.25,3391.45,10.5,23.9,23.4,5,M30,5.54,1.1,High
6.25,86.25,25.1,2660.15,64.3,16.2,64.2,7,M30,10.39,1.04,Low
1.33,33.24,22.98,2857.95,44.5,22.4,74.1,5,M30,8.61,0.63,Low
14.95,25.07,67.56,211.61,66.8,1.9,78.0,2,M40,0.29,1.23,Medium
7.56,38.35,32.2,1690.72,70.4,15.8,31.2,4,M20,7.83,0.93,Medium
8.95,29.74,48.01,2298.51,5.0,20.1,53.3,1,M30,12.15,0.83,Medium
1.05,26.57,18.81,2922.11,38.1,44.1,33.3,7,M20,15.0,0.97,Low
11.26,51.56,86.58,267.53,28.7,5.7,69.7,4,M50,23.36,0.25,Medium
3.19,109.03,77.38,2998.29,47.3,42.1,31.8,4,M30,5.98,0.63,High
13.48,61.34,78.42,1964.56,59.7,28.7,87.8,4,M20,3.81,1.17,High
3.12,23.36,39.58,770.87,21.8,-8.8,37.3,3,M20,21.74,0.38,Medium
2.9,10.16,69.8,1178.67,42.2,33.5,41.9,8,M20,23.55,0.66,High
0.6,83.84,17.23,1058.56,53.4,-7.9,83.8,4,M20,12.2,0.65,Low
7.11,46.55,5.73,1904.92,10.9,49.8,54.4,8,M30,2.88,0.59,Low
8.49,98.8,6.7,275.73,61.2,42.4,21.8,9,M40,12.13,0.82,Low
1.03,79.48,54.86,639.02,45.9,7.8,57.1,1,M30,2.74,1.3,Medium
11.64,95.75,43.71,2863.16,71.3,5.4,26.3,4,M30,22.08,0.48,Medium
6.83,33.36,49.03,550.85,26.1,12.9,93.9,6,M40,17.7,0.98,Low
7.89,83.39,5.63,893.55,9.0,11.4,64.1,8,M30,6.03,1.03,Low
6.64,32.42,40.93,1641.46,38.5,12.3,39.2,6,M20,22.17,0.84,Medium
6.04,112.75,66.04,1858.21,7.3,9.1,62.3,6,M20,15.95,0.31,High
8.42,76.73,42.63,2696.28,72.7,27.3,25.8,10,M40,23.83,0.83,Medium
2.37,39.62,67.24,1620.93,3.9,-0.1,80.0,4,M40,24.51,1.25,Medium
2.77,33.07,24.81,2785.54,56.8,40.8,89.4,9,M20,0.08,0.58,Low
12.93,23.72,74.12,2202.38,39.9,38.7,85.6,7,M20,3.01,0.9,High
14.19,83.66,55.02,484.54,28.3,18.6,45.6,6,M40,13.67,1.26,Medium
5.63,27.03,22.91,631.53,5.9,41.2,44.4,1,M30,23.9,1.08,Low
4.1,71.84,25.12,1585.91,47.0,4.8,22.6,2,M40,24.86,0.96,Low
9.68,32.49,58.38,1449.42,44.3,-8.9,68.9,6,M20,14.19,1.27,High
6.16,79.77,75.54,2628.05,21.8,27.2,60.1,1,M50,4.35,0.39,Medium
0.43,97.98,40.33,2074.51,68.4,17.5,54.5,5,M40,4.08,1.05,Low
2.38,93.59,26.96,1419.65,23.5,24.0,88.1,1,M20,19.1,0.65,Medium
10.75,91.54,78.7,680.58,34.3,44.0,32.6,3,M30,14.8,0.6,High
9.9,23.34,61.89,871.25,41.2,48.2,20.7,7,M20,13.72,0.77,High
0.46,11.52,43.09,2056.7,8.4,28.1,25.5,5,M30,11.64,0.24,Low
3.37,84.17,46.47,1539.69,70.0,35.8,36.8,10,M40,18.13,0.54,Low
3.5,44.83,22.36,1850.75,28.7,-5.0,22.5,1,M30,21.45,0.38,Low
10.09,52.45,58.28,680.3,7.0,-0.4,57.7,1,M40,7.57,0.35,Medium
0.34,4.71,35.49,2353.88,29.7,34.0,43.6,8,M20,5.52,0.57,Medium
1.61,31.89,89.63,2998.63,45.4,15.9,33.5,9,M40,16.75,1.08,Medium
12.01,5.01,45.82,976.99,39.0,16.8,76.3,7,M30,22.87,0.42,Medium
2.72,105.62,46.3,1771.15,52.4,8.5,35.3,3,M40,8.7,0.78,Low
9.81,29.96,53.1,3416.79,5.1,26.4,71.6,6,M20,6.81,1.02,High
3.61,67.32,82.92,1233.02,22.1,1.1,46.2,3,M30,5.65,0.47,High
1.54,5.64,73.07,2123.16,61.6,27.6,58.4,10,M30,6.36,1.22,Medium
3.69,80.35,43.35,406.67,6.9,0.4,90.0,4,M30,3.37,1.15,Low
10.85,39.44,66.09,2160.45,64.3,-6.2,22.8,4,M30,14.92,0.48,High
12.84,107.85,54.83,404.75,7.8,9.8,57.5,3,M30,7.02,1.29,Medium
12.46,106.69,46.85,3361.4,62.7,3.9,84.1,10,M50,15.37,0.94,Medium
5.99,39.71,21.35,2533.25,27.7,43.3,64.1,6,M20,2.08,0.51,Low
10.04,108.21,44.43,2779.74,46.3,-6.7,40.8,5,M40,2.89,0.95,Medium
3.11,119.54,25.89,2493.95,12.3,0.6,49.8,9,M30,13.4,0.93,Low
4.43,99.22,82.76,2105.08,5.9,22.9,71.0,9,M30,12.79,0.87,High
13.45,101.54,33.51,1629.7,17.0,18.9,86.8,3,M30,6.79,0.98,Medium
0.24,30.63,85.94,3018.47,10.5,-7.2,23.1,9,M40,20.68,0.5,Medium
1.33,69.63,50.31,3353.24,24.1,-9.6,25.4,3,M30,4.68,1.28,Medium
3.16,9.0,58.68,1796.72,39.1,49.3,44.4,4,M40,9.02,1.14,Medium
0.45,12.3,51.15,3267.22,44.6,29.5,37.5,1,M20,13.89,1.02,High
2.76,119.87,16.0,2083.33,59.5,11.9,39.9,5,M40,21.68,0.23,Low
8.77,39.87,36.94,1930.51,49.6,18.2,36.6,9,M30,10.46,0.85,Low
6.35,90.03,13.43,1645.24,46.0,6.0,34.7,2,M30,9.97,0.98,Low
13.4,96.99,57.95,811.58,31.5,10.7,29.8,4,M30,14.49,1.14,High
12.27,103.1,42.98,112.65,36.1,28.9,90.0,10,M30,7.92,1.24,Medium
5.16,119.72,71.13,921.12,31.7,43.0,30.8,2,M30,17.73,1.21,High
3.93,29.74,23.74,1833.06,63.3,1.0,35.3,8,M30,6.22,0.65,Low
5.73,5.8,18.99,1391.86,18.0,40.4,38.5,9,M30,20.58,1.19,Low
8.87,49.93,39.54,1624.85,1.4,-2.7,90.0,3,M30,6.81,0.2,Low
4.06,16.48,83.76,3434.2,49.2,2.9,76.7,9,M30,24.82,0.59,High
9.38,3.67,65.39,1290.93,16.0,-7.8,79.2,6,M20,7.91,0.33,High
6.17,43.89,40.61,1637.42,66.9,-1.6,27.9,6,M40,21.97,1.17,Medium
8.3,94.26,48.97,553.95,64.6,45.0,82.7,7,M40,9.93,1.22,Medium
6.57,68.38,12.16,263.06,6.7,17.6,50.6,5,M20,6.15,0.48,Low
4.45,38.22,88.69,2736.39,8.9,-5.3,39.7,6,M20,5.65,0.6,High
14.23,78.87,61.64,2040.32,37.6,47.6,63.2,1,M20,21.25,1.28,High
11.47,28.61,29.26,2686.4,46.1,42.7,81.7,3,M40,7.72,0.82,Low
2.14,2.71,54.79,609.53,21.3,35.3,78.4,9,M40,8.46,0.75,Low
13.03,91.96,14.31,2044.22,54.0,46.0,86.7,5,M20,4.92,0.75,Low
7.34,75.23,87.1,962.38,45.0,3.2,89.6,5,M40,24.03,0.97,High
13.42,91.71,19.86,875.41,25.0,40.2,37.9,8,M20,6.12,1.25,Low
12.01,5.63,60.08,139.19,2.9,31.4,51.8,2,M20,6.19,0.6,High
6.41,100.62,25.86,543.16,56.5,42.2,21.1,7,M50,23.6,0.39,Low
0.39,74.72,65.99,1151.51,16.9,37.8,85.9,9,M40,22.52,0.4,Medium
4.07,68.04,71.03,497.39,62.8,10.8,31.6,7,M40,6.22,0.22,Low
8.15,75.33,62.24,3451.92,32.1,36.5,84.6,5,M30,21.62,0.81,High
9.52,103.87,57.23,1149.35,43.7,5.7,44.7,6,M30,6.25,1.22,Medium
3.91,70.85,80.86,543.1,65.6,9.7,47.6,4,M40,2.11,0.98,Medium
2.13,70.13,11.68,776.88,64.9,-3.5,22.9,7,M40,20.51,1.29,Low
12.53,118.89,33.13,2098.19,28.5,46.1,44.5,1,M20,19.29,1.2,High
14.77,91.05,26.1,317.75,16.5,7.5,86.6,4,M30,7.37,0.74,Low
7.91,53.63,88.98,3032.28,58.4,21.2,21.9,3,M40,2.25,0.74,High
2.62,85.18,38.1,3369.1,33.0,13.5,50.5,4,M50,5.16,0.89,Low
4.12,47.32,67.27,938.94,15.2,47.6,22.4,1,M40,19.28,0.32,Medium
0.32,28.24,63.2,1630.32,67.9,10.1,47.8,2,M40,24.12,0.87,Medium
13.72,72.03,23.03,175.26,15.7,36.7,32.9,9,M20,6.48,0.71,Low
1.81,111.45,25.31,2278.41,2.9,41.3,38.9,7,M30,20.46,0.91,Low
8.67,111.57,28.91,1507.35,2.5,16.1,85.8,6,M40,5.7,0.82,Low
4.15,41.69,39.95,1018.2,47.1,12.7,52.7,2,M20,16.99,0.54,Medium
8.33,63.79,24.92,803.25,50.0,34.9,40.5,1,M40,2.09,0.87,Low
9.79,26.18,6.67,2323.68,24.0,44.8,64.2,2,M50,14.63,0.6,Low
12.45,119.48,79.75,1515.14,24.7,35.3,30.7,7,M20,6.73,0.41,High
3.14,117.75,87.08,710.84,26.1,3.6,39.5,2,M40,23.15,0.94,Medium
0.21,78.29,34.03,2442.97,51.3,43.3,61.0,3,M40,7.24,0.54,Low
2.1,96.73,33.77,2021.25,5.3,13.3,37.8,8,M30,9.96,1.18,Low
13.51,86.1,5.6,3019.48,69.8,24.6,70.9,7,M40,21.02,0.42,Low
13.11,71.59,62.82,499.42,17.5,39.9,56.9,9,M20,10.96,0.86,High
8.98,7.35,75.16,2771.27,75.0,1.3,77.9,4,M40,5.96,0.83,Medium
9.03,55.12,17.46,2389.96,13.7,37.1,91.1,7,M30,13.69,0.42,Low
9.99,81.3,18.57,491.04,58.1,25.8,28.7,1,M40,21.0,0.68,Low
2.67,81.63,72.16,2462.39,17.5,43.6,45.1,2,M30,10.83,0.94,High
13.72,45.4,57.38,1601.26,7.0,0.3,44.0,7,M20,3.32,0.55,High
6.31,113.06,8.81,3312.95,65.7,15.2,31.3,2,M30,9.58,0.33,Low
5.78,20.92,57.92,581.48,64.5,40.0,80.8,6,M20,23.86,0.88,High
7.81,60.54,31.26,2285.63,30.9,-8.8,77.0,10,M20,1.8,0.45,Low
0.75,83.22,36.34,1398.73,53.0,-3.3,56.3,9,M20,10.21,0.95,Medium
2.54,83.96,70.43,3353.17,42.2,49.4,60.3,5,M40,16.2,1.12,Medium
11.08,78.19,73.93,1221.91,64.1,6.8,24.5,10,M40,1.96,0.34,Medium
1.29,33.76,39.03,3371.43,24.3,48.5,61.7,7,M50,8.62,0.68,Low
9.07,19.59,85.51,3165.05,39.8,1.0,79.4,1,M40,23.51,0.69,High
3.72,76.68,39.55,1019.3,36.9,11.7,63.0,8,M40,0.77,0.9,Low
5.87,72.32,70.61,2832.04,27.2,35.2,39.9,9,M20,18.79,0.57,High
4.37,22.34,46.13,3485.05,67.0,29.5,70.1,5,M40,21.03,0.66,Medium
5.37,84.91,81.29,959.05,13.3,24.9,47.1,6,M40,6.93,0.21,Medium
10.8,55.17,82.16,1585.04,12.1,21.8,60.9,8,M20,5.37,0.33,High
4.49,80.46,12.43,1868.61,43.7,40.6,56.6,4,M40,22.87,0.83,Low
8.52,100.65,84.6,1102.77,49.7,4.1,48.6,2,M30,19.1,0.44,High
7.17,21.2,75.17,151.9,15.4,16.5,73.9,10,M50,2.83,0.36,Low
9.97,3.28,72.26,848.44,29.9,-0.7,86.3,8,M40,5.3,0.56,Medium
14.06,93.71,22.08,1058.59,71.0,25.8,20.4,2,M50,15.53,0.38,Low
11.0,73.55,73.44,1608.24,19.2,5.0,90.0,5,M20,10.49,0.27,High
3.26,84.26,77.26,681.75,50.5,10.0,58.4,6,M20,12.6,0.51,High
0.52,100.74,29.58,3069.06,55.8,18.3,72.6,5,M50,23.79,0.38,Low
3.97,96.53,85.94,2496.7,34.2,-8.4,84.2,6,M20,10.51,1.08,High
8.95,115.35,9.24,389.68,70.4,-4.5,55.0,6,M30,22.04,0.27,Low
0.82,64.78,17.74,2310.31,55.5,31.2,82.6,3,M30,16.52,1.02,Low
7.47,59.13,50.69,2322.43,34.9,15.7,33.3,3,M40,3.04,0.62,Medium
8.97,48.82,53.94,3351.15,43.1,41.9,31.9,9,M20,18.61,0.94,High
5.05,19.29,59.84,110.27,52.3,31.7,69.3,3,M20,13.01,0.26,High
11.58,69.14,6.44,942.97,44.8,-9.5,85.3,3,M30,5.63,1.21,Low
1.64,33.96,86.63,3254.49,66.0,27.0,86.9,2,M30,7.24,1.04,High
1.17,110.64,8.79,3269.26,27.4,-4.4,68.3,7,M30,13.93,0.35,Low
10.94,70.4,17.16,2549.99,23.2,36.9,59.4,10,M40,15.04,0.44,Low
7.46,71.55,6.19,2703.6,16.8,49.5,44.9,10,M40,24.2,0.91,Low
10.34,43.24,53.18,411.04,3.8,21.9,93.5,4,M40,21.37,1.21,Medium
6.55,7.19,84.24,1847.18,4.2,31.0,44.0,1,M20,5.15,0.69,High
3.73,4.78,61.61,887.38,65.4,4.2,75.8,6,M40,19.35,0.73,Medium
12.3,51.38,74.93,716.14,51.2,16.3,59.9,5,M50,0.21,0.46,Medium
12.0,11.06,6.13,2855.03,49.9,41.4,65.6,2,M30,3.25,0.62,Low
10.44,73.21,51.07,559.13,46.5,0.0,49.5,6,M20,4.99,0.51,Medium
4.12,105.84,44.06,1693.42,63.8,5.9,92.4,1,M50,14.93,0.59,Low
8.87,106.07,47.41,3291.17,36.5,16.7,62.9,3,M30,4.87,0.22,Medium
5.45,79.43,11.14,731.83,65.4,32.7,90.3,4,M40,9.13,0.25,Low
1.42,26.14,63.18,3425.18,27.6,12.6,20.6,3,M20,6.07,0.95,High
13.76,103.7,47.77,3480.58,69.6,45.7,63.0,6,M40,8.44,0.95,Medium
2.1,106.45,70.04,1989.1,52.7,-4.3,73.8,4,M50,23.56,0.56,Medium
14.26,24.4,46.25,678.49,20.0,12.2,75.9,1,M30,24.93,1.17,Medium
6.72,88.75,17.7,1174.76,42.7,32.5,87.9,5,M20,17.14,0.49,Low
2.82,35.1,60.1,1543.28,40.4,3.6,20.3,5,M20,14.31,0.64,High
8.15,96.51,19.65,1151.7,11.2,29.4,20.0,9,M20,17.71,1.0,Low
13.1,119.67,79.15,1054.16,44.8,-0.1,55.4,8,M30,19.29,1.02,High
11.0,4.57,57.11,3405.58,24.3,-6.6,22.2,8,M40,18.48,1.15,Medium
12.11,107.79,18.36,621.44,4.9,-2.7,93.1,5,M20,2.05,0.23,Low
9.9,75.09,86.8,2593.31,71.2,45.8,36.7,8,M20,7.76,0.4,High
10.4,116.83,49.06,101.39,48.5,23.1,55.4,10,M30,8.59,0.9,Medium
12.75,56.34,11.2,2127.02,65.9,37.8,24.6,7,M30,9.23,0.57,Low
3.78,101.84,58.28,3214.21,51.0,10.0,59.2,1,M30,8.61,0.25,Medium
7.37,8.42,26.52,1078.98,27.4,25.6,48.5,7,M40,19.68,0.85,Low
3.36,40.9,73.31,730.79,38.9,19.7,23.3,8,M40,18.69,0.63,Medium
14.82,8.97,74.51,2315.71,51.0,46.7,45.1,3,M20,0.12,0.6,High
14.16,117.07,88.21,2522.84,72.1,34.9,49.4,9,M30,7.41,0.49,High
0.64,98.22,47.66,2439.3,19.8,33.8,94.2,8,M30,15.59,0.21,Low
10.6,102.45,43.67,1185.68,65.7,-7.2,35.6,2,M20,3.01,0.4,Medium
13.88,112.62,69.05,957.49,69.4,23.0,60.9,6,M30,1.78,0.72,High
2.75,11.13,16.26,3350.12,50.6,18.0,94.0,4,M40,20.71,0.5,Low
8.54,46.89,51.49,3239.22,69.9,45.7,79.4,3,M20,11.32,1.16,High
13.74,9.45,51.43,1654.88,30.4,5.4,94.5,6,M20,21.39,0.36,High
0.56,26.08,12.61,2977.06,71.5,6.2,92.6,10,M40,20.59,1.16,Low
10.48,28.29,40.53,1637.9,53.0,14.7,56.7,9,M40,22.33,0.65,Low
4.5,56.82,77.53,1542.92,4.1,4.6,72.2,2,M30,1.21,0.5,Medium
13.87,32.96,77.77,632.99,68.1,-2.2,28.3,10,M40,4.65,0.53,Medium
14.57,13.02,13.44,1549.78,36.9,41.4,53.1,10,M50,7.4,0.56,Low
14.17,20.93,12.71,1927.22,35.1,23.5,80.7,10,M20,3.41,0.76,Low
7.14,18.53,27.33,176.51,42.9,41.7,57.9,5,M20,12.14,0.59,Low
12.94,116.8,79.36,1609.98,12.1,39.9,72.7,6,M20,19.97,0.91,High
12.68,91.36,15.96,2756.61,35.7,6.9,75.9,4,M40,23.78,0.67,Low
4.82,116.16,66.2,2412.16,62.5,22.9,39.0,7,M30,22.24,0.94,High
12.44,53.33,13.6,2259.53,2.1,-5.0,85.7,2,M50,11.43,0.86,Low
0.6,34.13,57.97,3192.49,21.2,44.9,54.5,7,M40,15.91,0.47,Medium
8.96,96.0,35.27,161.31,1.2,14.3,35.8,2,M30,5.77,1.09,Low
3.49,39.82,72.06,1993.96,31.8,13.6,84.9,1,M20,10.08,1.08,High
1.85,36.63,24.86,2776.99,54.9,8.2,51.3,5,M30,21.78,1.29,Low
1.2,28.67,59.33,1940.54,60.1,17.6,76.3,2,M20,0.73,0.39,High
10.46,16.43,25.03,1201.24,70.9,5.1,61.1,8,M50,13.32,1.13,Low
5.13,31.52,65.66,563.25,46.0,12.5,48.6,8,M30,21.82,1.16,Medium
10.89,43.28,79.26,3117.71,19.8,38.0,80.7,1,M20,3.05,0.91,High
1.03,81.21,15.78,1700.59,69.4,40.1,63.8,4,M30,24.56,0.76,Low
4.76,8.45,78.66,3085.59,58.4,8.3,49.3,9,M20,0.31,1.25,High
8.12,26.05,55.45,2091.9,43.5,18.1,28.2,5,M30,22.15,1.27,High
11.87,97.27,15.8,2392.25,52.5,42.4,87.2,10,M20,8.84,0.91,Low
4.82,18.48,41.34,2834.49,69.4,-6.8,22.7,6,M30,3.32,0.6,Medium
9.41,41.77,18.67,2341.13,53.7,43.3,84.7,3,M30,3.93,1.1,Low
13.3,103.89,64.53,1453.39,28.3,3.2,47.0,5,M30,17.53,0.3,Medium
9.26,19.44,69.5,1846.35,53.8,30.7,68.0,1,M40,21.77,0.52,Medium
3.53,10.85,13.99,2830.35,4.0,25.0,89.2,8,M20,16.03,1.28,Low
0.41,58.66,48.02,1370.41,29.6,23.2,31.4,6,M30,23.22,1.1,Medium
13.06,36.99,74.24,1419.61,31.1,41.6,62.5,2,M30,21.06,1.23,High
0.37,68.05,84.57,425.35,13.3,-3.9,77.3,4,M30,0.23,0.85,Medium
13.13,96.65,48.65,3209.59,2.7,10.8,76.8,4,M50,16.74,0.65,Medium
7.96,17.32,85.77,409.52,10.9,22.3,59.4,9,M20,7.62,1.28,High
14.09,70.1,50.53,2303.91,49.4,38.7,66.9,9,M40,11.36,0.54,Medium
11.99,61.16,38.51,1504.86,60.4,3.0,76.8,5,M30,2.35,1.03,Medium
14.97,18.15,77.1,1479.11,74.1,38.2,83.1,3,M30,7.05,0.81,High
5.29,75.26,46.9,2410.48,26.6,14.0,77.1,1,M40,15.82,0.45,Medium
11.52,33.56,45.11,328.12,45.4,1.3,46.6,6,M20,5.46,0.22,Medium
6.06,59.05,46.68,2118.6,70.3,35.5,94.8,8,M40,16.19,0.62,Medium
7.22,10.79,76.98,2724.91,13.4,-4.5,52.6,1,M20,23.08,0.8,High
9.43,55.69,75.72,2915.92,54.1,20.9,21.8,1,M30,0.12,0.4,High
13.11,37.47,39.3,679.8,56.9,-6.2,47.2,7,M40,19.64,0.66,Low
14.76,98.86,33.33,3151.22,7.6,11.4,29.6,7,M20,16.03,0.88,Medium
11.54,7.78,46.81,2330.9,64.7,26.1,29.1,2,M40,1.17,0.99,Medium
6.3,50.81,53.69,3098.31,61.2,23.4,41.1,3,M20,19.75,0.26,High
6.35,55.55,25.26,1749.95,3.5,14.3,24.0,2,M40,5.61,0.93,Low
11.08,87.28,72.49,1942.91,7.7,15.7,71.6,6,M30,6.65,0.26,Medium
3.62,69.34,46.35,3224.73,4.6,3.6,25.5,8,M40,2.34,0.23,Low
1.7,80.4,33.39,3159.69,25.8,17.4,35.2,8,M50,13.36,0.37,Low
5.35,93.47,14.08,1623.75,38.7,47.2,27.0,1,M30,12.46,0.92,Low
4.34,103.6,25.3,1033.0,40.4,41.0,24.7,9,M20,8.68,0.26,Low
4.48,38.35,85.69,1436.78,20.8,-1.3,40.1,8,M40,4.22,0.22,Medium
3.54,65.02,30.93,1418.4,68.5,-8.2,62.9,9,M20,20.95,0.33,Medium
0.68,100.97,19.35,1075.35,28.3,46.0,92.4,9,M30,21.91,1.24,Low
0.32,118.74,44.16,1013.17,4.4,21.6,85.7,6,M50,13.51,1.2,Low
14.82,106.85,31.1,3027.61,23.2,22.3,85.7,3,M40,6.11,0.3,Low
6.45,45.2,7.99,337.53,40.3,36.8,33.2,1,M20,2.4,0.53,Low
5.8,24.22,32.47,2403.88,31.2,8.9,39.9,8,M20,21.71,1.24,Medium
10.21,59.24,51.25,687.59,21.3,18.9,25.7,10,M20,2.4,0.31,Medium
3.31,89.26,51.9,1271.32,10.7,48.1,78.4,3,M30,0.33,0.3,Low
14.25,59.62,35.31,309.25,61.6,30.3,25.2,7,M20,11.73,0.29,Medium
11.81,58.5,43.02,1017.91,74.7,-0.8,61.8,10,M40,18.28,1.27,Medium
1.39,100.75,87.07,2712.63,25.4,-2.0,38.6,6,M30,11.44,1.02,High
6.29,44.01,37.07,3109.05,29.2,2.3,38.3,3,M50,1.29,0.44,Low
13.19,103.32,26.95,853.19,46.7,36.0,94.3,6,M40,17.25,0.25,Low
14.17,49.41,25.69,1676.06,54.2,7.7,76.8,3,M50,16.06,1.26,Low
7.04,40.06,43.91,1699.1,30.0,-8.7,82.8,9,M20,17.04,0.67,Medium
9.22,55.02,69.56,3070.16,68.0,46.7,62.9,1,M30,5.28,0.86,High
2.55,91.73,22.51,2693.52,42.4,0.2,85.3,8,M30,19.89,0.51,Low
14.87,15.99,65.29,1844.46,34.3,-9.4,68.4,5,M20,11.98,1.03,High
3.51,24.37,6.8,2380.54,48.9,4.2,91.0,4,M30,13.41,0.42,Low
14.14,114.22,40.61,2981.01,71.5,4.1,41.1,1,M40,13.65,1.07,Medium
9.76,21.88,70.95,132.43,59.8,15.3,64.6,9,M20,7.17,0.45,High
9.14,68.56,33.79,1469.83,4.0,45.2,71.8,9,M20,6.25,0.31,Medium
7.71,69.94,52.92,3184.63,25.6,42.8,49.5,5,M20,0.12,0.73,High
3.5,59.27,22.42,2617.06,35.8,17.4,86.0,9,M40,9.92,1.09,Low
2.69,77.72,68.07,1945.66,24.3,14.7,93.5,10,M50,12.13,0.62,Low
3.35,28.35,9.44,1900.79,52.8,23.3,57.0,9,M20,18.57,0.23,Low
2.84,66.77,77.47,1282.42,62.1,4.6,49.3,7,M30,1.67,0.81,Medium
11.7,45.29,21.85,1869.77,55.1,-6.9,55.4,8,M50,23.1,0.95,Low
5.28,79.74,79.32,2328.3,74.2,46.4,84.0,1,M30,6.6,1.01,High
0.91,17.81,34.96,1522.43,21.2,1.2,68.4,4,M40,9.17,0.64,Low
14.54,68.93,66.43,2528.12,65.7,1.9,23.4,10,M20,1.21,0.31,High
13.26,23.05,32.13,3028.19,57.7,18.3,60.7,10,M30,16.33,0.84,Medium
13.92,34.16,82.0,625.93,27.8,19.5,21.3,4,M30,17.72,0.56,High
14.92,27.03,15.76,1635.26,55.3,-8.9,78.4,9,M40,23.22,1.24,Low
2.65,22.76,20.17,1487.27,8.7,-1.1,44.6,3,M20,8.42,0.75,Low
5.97,99.26,46.91,2437.38,59.4,12.7,55.4,10,M20,6.43,0.72,Medium
11.39,35.0,11.96,949.55,40.4,31.0,79.9,10,M30,18.15,0.54,Low
10.46,111.33,21.66,2276.85,22.6,3.7,23.5,1,M30,17.67,0.57,Low
2.35,116.42,85.22,3083.46,49.5,15.4,31.9,5,M40,23.43,0.76,High
12.25,68.98,88.0,1521.65,48.5,23.4,49.8,7,M40,5.13,0.54,Medium
3.41,18.02,36.98,3197.45,16.5,43.3,37.2,4,M20,17.63,1.18,Medium
3.4,45.57,83.48,3476.76,3.2,9.6,45.3,9,M40,1.67,0.68,Medium
8.08,95.93,51.31,460.71,33.1,-2.0,94.9,6,M20,12.01,0.52,Medium
8.91,44.72,27.93,892.38,43.1,19.4,81.9,6,M30,2.98,0.37,Low
8.72,11.36,64.7,3331.29,65.9,34.8,86.3,3,M40,16.33,0.94,High
1.42,67.26,61.01,3358.31,69.7,-3.4,90.3,10,M20,15.04,0.23,High
13.17,101.57,89.08,432.2,40.1,15.5,45.6,10,M20,1.22,0.69,High
4.02,95.72,27.53,150.99,56.8,-8.9,42.3,5,M30,7.99,0.81,Low
1.99,21.84,62.13,647.74,33.5,-8.0,37.6,10,M40,9.88,0.57,Low
13.34,81.06,9.42,3486.44,56.2,19.0,82.3,6,M30,6.2,1.02,Low
14.34,27.24,14.66,712.0,16.2,7.9,71.0,4,M30,0.97,0.94,Low
12.94,26.97,5.33,1808.66,28.5,40.7,37.7,3,M40,7.97,1.27,Low
12.15,105.01,89.95,2984.62,47.9,26.1,48.3,5,M40,19.82,0.76,High
9.85,30.71,73.19,169.37,2.3,17.2,58.0,7,M40,9.0,0.79,Medium
8.29,32.33,71.87,2155.26,54.5,14.5,59.6,6,M30,8.08,0.47,High
1.35,1.08,48.33,1041.89,62.8,19.8,86.7,2,M20,23.54,0.62,High
6.16,104.61,30.51,3031.94,30.5,-7.6,48.5,1,M20,1.04,0.23,Medium
5.62,95.32,17.86,1063.77,34.1,43.6,88.1,5,M40,19.18,0.96,Low
3.93,75.65,29.2,2434.97,64.0,49.9,53.1,5,M40,12.08,0.54,Low
10.87,90.28,36.96,2392.35,58.4,0.9,76.0,6,M50,23.61,0.79,Medium
7.46,19.09,69.29,853.08,22.3,-2.8,89.8,3,M20,9.84,0.48,High
1.26,55.54,50.87,218.32,25.0,-1.4,88.1,1,M20,17.7,0.88,High
3.34,42.8,11.59,1491.45,51.2,29.7,24.3,4,M20,1.75,0.69,Low
10.26,12.16,6.53,1083.26,42.7,29.7,35.4,4,M20,23.22,0.73,Low
1.19,58.85,13.7,2850.52,13.0,40.9,55.8,10,M30,8.61,1.24,Low
12.78,110.57,39.89,2821.24,23.9,35.1,52.4,2,M50,13.1,0.98,Medium
7.45,5.77,84.32,1653.88,67.6,17.0,68.1,8,M30,3.46,0.49,High
7.23,35.68,59.18,2162.14,51.9,26.8,90.9,6,M30,23.64,0.75,Medium
8.91,25.7,73.16,2154.48,74.0,31.3,28.4,3,M40,16.82,0.71,Medium
12.38,29.34,44.64,2912.34,57.8,20.8,53.9,1,M20,1.35,1.07,High
5.25,109.1,35.74,1545.01,70.7,18.5,34.4,3,M40,3.88,1.12,Low
10.19,56.7,14.21,1036.52,17.0,28.7,87.1,8,M30,10.0,0.51,Low
8.51,56.49,79.45,1001.12,58.1,23.4,92.3,4,M20,5.42,1.1,High
4.04,91.51,71.57,1923.05,2.5,28.6,55.9,3,M30,7.62,0.4,Medium
13.19,19.38,19.29,1627.1,50.6,26.8,27.8,4,M30,24.94,1.04,Medium
11.97,58.98,48.54,1596.41,35.7,33.2,78.9,4,M20,16.47,0.47,High
9.89,52.17,46.43,409.87,26.7,28.6,72.3,2,M20,23.06,0.53,High
12.77,72.03,58.13,2543.25,64.8,21.2,46.6,4,M30,10.89,1.14,High
13.02,119.95,85.43,826.7,64.2,30.9,86.6,9,M20,17.76,0.66,High
10.64,92.56,54.28,769.64,2.7,17.0,93.2,4,M20,11.49,1.29,High
12.56,48.35,50.92,1503.38,46.1,4.5,61.8,1,M30,8.21,0.37,Medium
10.48,99.48,9.28,874.45,28.2,-9.9,62.4,1,M30,12.98,0.71,Low
10.22,21.31,10.35,2085.12,31.8,23.6,42.3,1,M40,10.68,1.01,Low
9.3,4.63,20.92,1362.98,62.6,25.4,63.8,5,M50,24.51,0.21,Low
11.3,25.33,7.76,1626.3,23.9,48.3,53.0,6,M40,12.4,0.37,Low
2.42,41.51,68.18,1926.38,70.8,11.7,42.7,6,M30,20.28,0.22,Medium
13.22,61.76,66.48,792.02,14.3,13.6,25.0,6,M40,16.67,1.29,Medium
13.08,74.2,16.56,629.56,50.0,2.1,39.0,9,M30,11.99,1.04,Low
0.49,109.36,76.07,3093.43,50.7,-5.8,34.8,1,M20,11.85,0.61,High
12.4,61.67,18.16,1574.66,19.7,36.4,60.7,10,M30,8.55,0.37,Low
1.98,60.65,30.6,1501.12,25.0,5.0,65.1,6,M40,2.67,0.3,Low
5.06,6.98,26.16,221.08,62.8,26.5,65.6,8,M40,19.04,0.79,Low
11.17,5.15,36.65,1793.12,57.4,31.3,49.1,8,M50,22.95,1.27,Low
2.45,66.59,26.65,1984.18,25.4,18.3,51.6,3,M30,5.45,0.94,Low
12.28,53.14,46.56,2000.06,40.5,42.6,82.6,5,M40,23.14,0.6,Medium
12.49,100.86,39.63,2503.91,5.6,16.6,55.7,10,M20,5.81,0.75,Medium
7.64,20.12,88.86,703.44,16.4,7.1,94.1,4,M30,13.25,1.3,High
0.15,3.97,9.75,957.56,37.0,43.8,53.0,1,M50,8.59,0.77,Low
4.34,54.44,17.09,2856.48,7.4,41.7,68.7,9,M20,2.86,1.26,Low
9.27,29.26,9.49,3320.38,63.4,-0.2,23.8,5,M20,1.32,0.22,Low
14.72,6.9,58.2,562.17,54.1,-8.4,69.0,2,M30,9.13,0.99,High
9.5,87.23,9.63,1792.01,70.8,-4.6,83.9,2,M40,1.18,0.89,Low
3.93,14.28,76.1,828.2,52.3,7.2,90.7,7,M20,2.61,0.95,High
9.53,73.39,48.51,304.25,70.6,48.3,94.8,4,M30,3.56,0.83,Medium
8.12,34.44,49.8,1206.71,42.0,23.5,41.2,1,M20,0.05,0.25,Medium
11.71,21.65,52.74,588.54,45.4,12.4,63.2,5,M30,3.83,0.36,Medium
1.65,46.19,19.52,2513.77,73.3,43.3,53.8,2,M50,14.43,1.21,Low
11.43,96.37,21.8,1914.67,48.5,17.2,62.3,7,M20,20.49,0.46,Medium
8.14,47.66,32.1,589.04,3.3,8.9,31.8,9,M20,4.84,1.29,Medium
14.45,90.34,55.45,131.42,54.6,46.5,84.2,1,M30,2.02,0.95,Medium
5.16,15.93,22.86,2847.73,68.0,41.0,88.2,2,M30,18.24,0.69,Low
9.51,92.96,14.89,699.06,59.9,40.6,53.7,6,M20,0.2,1.21,Low
13.98,29.2,87.46,2161.14,44.2,20.7,41.0,8,M30,18.35,1.07,High
1.58,81.61,6.87,1245.53,50.7,37.4,30.6,7,M50,3.28,0.67,Low
14.06,68.33,73.23,2090.65,74.3,0.8,71.3,9,M30,5.71,0.28,High
10.33,111.57,71.98,1173.22,7.7,24.4,43.4,2,M30,3.0,1.16,High
1.06,47.09,30.26,395.59,50.4,49.0,88.2,9,M30,6.18,1.04,Low
4.55,8.87,16.53,858.03,22.0,7.5,70.3,4,M30,19.95,1.07,Low
10.64,3.28,17.38,739.4,48.4,37.7,68.4,3,M20,3.31,1.02,Low
1.06,99.4,64.28,1555.27,46.0,19.4,62.0,7,M30,24.85,0.5,Medium
8.75,63.44,59.64,2338.16,12.4,-7.6,23.4,5,M50,8.18,1.14,Medium
5.22,93.25,71.53,996.94,16.3,35.8,89.9,5,M20,23.05,0.2,High
9.33,28.9,84.69,141.04,47.0,0.1,67.1,2,M30,4.75,0.46,High
0.73,42.06,63.81,1864.39,10.5,27.9,94.6,6,M20,4.7,0.25,High
13.08,4.58,18.25,2159.58,20.6,-4.9,60.3,6,M30,14.13,0.32,Low
14.6,115.42,25.69,3373.76,62.8,46.8,73.3,4,M30,1.27,0.79,Medium
14.53,80.48,76.59,2104.2,25.2,7.5,24.2,5,M30,20.03,0.24,High
11.26,112.05,22.79,1701.99,37.1,3.6,67.4,7,M30,10.99,0.4,Low
1.99,32.59,11.16,2049.57,70.6,-2.3,77.3,8,M20,17.48,0.46,Low
11.39,73.76,64.78,3254.86,17.8,46.8,78.4,6,M40,4.37,0.92,Medium
0.42,81.74,39.21,2916.49,29.8,32.7,77.8,5,M30,16.06,0.72,Low
0.38,38.79,83.2,1198.13,45.9,34.5,37.0,3,M20,14.85,0.7,High
4.89,101.92,60.27,906.66,56.9,20.0,93.2,7,M50,18.89,1.05,Medium
7.36,113.71,12.69,992.95,67.7,18.5,94.6,8,M20,7.44,0.7,Low
11.57,106.3,85.57,1815.03,68.7,-3.4,25.7,3,M40,23.33,0.58,High
10.27,88.95,26.98,2629.77,58.5,23.6,90.2,5,M30,24.03,1.26,Medium
6.72,34.02,33.66,1810.95,17.9,4.8,41.7,2,M30,21.7,0.21,Low
4.14,34.51,39.19,330.51,2.8,48.6,71.7,10,M20,14.3,0.54,Medium
14.96,115.64,9.35,2560.17,29.4,37.8,45.4,10,M30,10.51,0.87,Low
6.42,2.22,47.2,2840.3,11.5,14.8,92.6,4,M20,1.45,1.06,Medium
6.8,86.21,15.48,1084.29,53.6,-0.9,27.6,4,M40,23.68,1.1,Low
2.5,85.04,39.08,2358.03,49.9,37.1,57.3,8,M40,23.79,0.25,Low
11.93,75.1,34.81,1550.41,4.3,-2.7,52.1,3,M40,0.47,0.98,Low
10.42,118.82,70.69,3123.01,62.9,1.4,44.5,5,M40,8.92,0.99,Medium
3.35,38.11,73.27,2973.77,19.4,2.7,68.4,5,M50,22.0,0.44,Medium
1.28,41.46,18.04,1886.47,33.0,23.4,29.8,2,M30,2.02,0.32,Low
10.22,10.39,36.16,2451.12,50.4,37.2,73.7,9,M40,4.91,1.02,Low
9.83,53.69,36.74,3103.39,32.8,8.9,93.5,4,M20,24.47,0.47,High
4.14,32.06,17.87,1785.44,33.7,-4.9,80.3,9,M40,21.18,0.2,Low
14.27,41.86,72.87,1165.05,5.9,17.9,84.5,9,M40,22.8,0.45,Medium
2.31,100.31,65.11,2662.46,30.7,34.9,47.0,2,M20,3.55,0.23,High
6.51,112.32,21.18,848.23,57.6,3.3,44.4,9,M30,5.28,0.47,Low
14.16,23.1,36.17,1421.01,68.7,3.2,58.8,9,M50,15.14,0.57,Low
6.32,45.33,13.99,3043.47,31.6,46.8,23.4,2,M20,12.54,0.5,Low
9.6,111.51,58.4,2563.04,32.3,47.2,90.9,6,M30,7.46,1.21,Medium
5.99,8.36,15.32,1472.96,53.0,49.4,30.8,9,M30,22.1,0.46,Low
4.15,11.99,88.8,830.13,70.8,38.5,87.7,4,M30,22.53,0.71,High
14.76,20.37,71.36,1310.29,20.8,1.3,26.3,2,M20,7.29,1.25,High
6.17,71.83,38.17,1065.95,33.6,2.7,81.7,7,M20,3.89,1.17,Medium
13.42,18.91,54.18,698.7,59.9,10.4,31.4,9,M20,3.73,0.54,High
3.49,116.2,82.46,2627.33,46.1,9.1,22.9,6,M40,12.11,0.56,Medium
3.24,54.16,52.1,957.04,9.2,47.4,74.0,4,M30,3.32,0.85,Medium
0.52,60.68,19.83,1644.17,47.5,37.3,41.0,1,M30,11.83,1.21,Low
9.79,30.35,37.19,1411.92,14.8,33.4,73.6,4,M30,11.55,0.21,Low
5.56,57.04,76.67,3439.06,38.8,1.2,61.6,3,M20,22.1,0.63,High
12.97,79.77,59.76,1429.71,40.2,44.6,28.2,7,M50,7.41,1.13,Medium
7.12,90.39,60.31,371.94,65.8,39.7,89.9,10,M40,14.02,0.65,Medium
14.52,90.71,78.68,405.41,35.2,-0.2,53.9,5,M30,18.59,0.99,High
2.82,69.77,80.99,2108.56,21.7,42.3,75.1,3,M30,14.9,0.96,High
13.04,108.62,83.18,2137.84,18.1,6.3,57.6,2,M30,23.85,0.43,High
11.66,98.27,13.06,1523.78,65.7,-5.1,65.3,2,M30,15.06,0.69,Low
11.58,91.09,51.25,1568.27,13.7,29.4,42.7,5,M20,22.55,0.82,High
12.68,7.62,67.94,283.37,32.5,29.2,35.0,8,M30,6.13,0.99,Medium
11.43,1.82,69.34,1856.26,14.9,-4.3,60.7,8,M50,14.02,1.1,Medium
9.41,26.28,56.57,1816.11,58.2,9.1,53.0,5,M20,13.58,1.04,High
2.01,79.96,19.18,608.47,36.1,49.6,49.3,2,M30,24.74,0.23,Low
0.54,49.93,72.78,453.05,27.0,30.7,70.4,4,M20,5.11,0.94,High
13.82,48.89,66.21,520.15,27.7,33.8,71.8,7,M20,3.52,0.75,High
9.27,106.27,12.32,443.5,64.1,2.8,23.4,6,M30,15.29,0.83,Low
11.96,107.57,44.42,2173.01,42.0,-5.3,45.4,10,M20,5.59,0.61,Medium
7.25,109.19,19.79,768.04,54.1,6.6,50.9,7,M50,15.98,0.99,Low
1.8,38.35,33.69,954.86,67.4,4.9,27.3,5,M30,24.31,0.94,Low
1.92,83.24,6.54,690.15,67.7,4.1,37.7,2,M20,23.66,0.84,Low
10.3,33.32,39.03,3356.64,25.3,1.6,23.9,8,M30,5.78,1.15,Medium
6.48,23.68,51.74,3005.7,71.5,24.5,94.7,2,M40,4.27,0.31,Medium
3.05,22.97,57.66,883.68,2.8,9.7,75.2,8,M20,14.02,0.53,High
7.4,41.71,61.4,1213.73,28.9,39.2,26.6,7,M30,14.67,0.74,Medium
1.01,52.16,76.08,813.64,67.3,1.0,21.5,3,M40,16.56,1.25,Medium
8.75,99.88,23.31,1772.38,21.3,17.9,73.9,4,M20,18.54,0.28,Low
4.07,15.27,15.24,166.68,21.2,-9.2,52.9,7,M50,15.02,0.57,Low
11.97,88.46,77.38,2382.65,23.4,18.9,79.0,4,M20,2.79,1.22,High
4.69,64.24,18.31,1878.74,46.3,-6.6,89.3,9,M20,19.75,1.19,Low
6.86,35.27,87.85,3155.37,33.4,48.7,64.9,7,M30,1.99,1.15,High
0.22,59.65,76.62,658.94,54.8,37.4,34.0,1,M20,0.5,0.54,High
1.13,36.69,47.57,2833.97,67.2,19.4,78.7,1,M40,19.24,1.13,Medium
5.92,71.93,88.42,2792.67,50.9,-4.8,91.7,4,M30,13.71,0.76,High
7.23,52.63,13.28,532.42,16.1,25.5,63.5,9,M20,17.46,0.88,Low
9.02,20.56,30.76,1455.1,70.0,35.5,71.1,4,M50,9.57,0.46,Low
4.41,14.87,59.25,678.52,20.6,1.4,45.3,5,M40,0.28,0.98,Low
10.44,66.06,34.75,966.05,12.1,24.1,48.6,1,M30,8.28,0.56,Low
12.91,108.39,83.91,995.04,7.7,38.9,75.1,2,M30,15.2,0.58,High
11.71,41.93,10.58,1991.2,42.7,36.1,89.6,4,M20,5.64,0.9,Low
0.64,88.23,51.7,1498.8,9.4,38.2,67.2,4,M40,17.2,0.46,Low
7.23,79.38,55.22,3322.29,11.3,42.8,79.2,10,M40,19.86,0.45,Medium
1.62,111.86,60.48,529.66,23.2,46.3,32.9,6,M20,11.36,0.61,High
3.67,98.7,26.73,3410.55,21.8,14.3,35.9,6,M30,21.89,1.06,Low
14.8,68.43,35.99,884.17,45.7,24.1,59.9,8,M30,21.37,0.45,Medium
2.18,79.19,76.71,2727.77,61.4,37.4,33.2,9,M30,21.95,1.07,High
7.51,107.91,21.57,1252.5,57.3,31.8,67.6,1,M40,16.53,0.97,Low
9.29,48.54,75.28,586.48,20.4,49.7,41.9,1,M20,7.62,0.95,High
10.55,39.89,52.83,3016.82,19.2,-9.2,79.4,6,M20,12.03,0.72,High
8.42,2.29,69.79,1150.13,72.5,11.3,80.6,4,M20,17.76,1.02,High
0.2,99.36,65.66,2340.11,1.6,6.9,54.8,4,M30,5.26,0.21,Medium
4.93,96.32,22.64,2025.91,66.1,5.7,33.6,1,M20,18.47,0.54,Medium
7.79,13.43,53.35,1703.97,15.8,3.4,68.5,9,M40,13.7,0.95,Medium
1.36,69.65,78.76,1785.79,71.1,32.5,94.5,3,M40,2.4,1.29,Medium
5.29,56.21,41.73,2589.61,26.3,-4.9,66.7,5,M20,13.93,0.2,Medium
0.55,15.13,87.16,398.43,33.6,34.5,22.7,10,M40,1.67,0.76,Low
1.22,117.69,43.44,2371.81,53.3,31.6,21.3,1,M40,0.36,1.22,Low
5.98,26.55,17.14,3145.76,44.5,5.0,44.0,8,M20,22.24,1.15,Medium
2.03,9.0,38.1,296.48,24.5,5.2,34.7,3,M20,12.25,0.23,Medium
8.53,71.79,85.89,578.22,42.0,27.7,81.0,1,M20,13.58,0.78,High
10.36,88.93,32.18,2536.55,55.1,35.7,83.4,10,M20,7.0,0.2,Medium
12.02,4.86,78.79,1586.76,4.1,42.6,39.4,6,M40,13.57,1.07,Medium
3.04,79.39,79.91,1472.07,1.8,41.1,44.4,1,M30,4.22,0.54,Medium
2.55,64.34,34.77,565.69,34.9,47.9,37.7,3,M50,18.64,1.04,Low
1.61,13.29,12.08,1823.02,10.8,24.9,88.1,5,M40,20.58,1.24,Low
9.56,21.53,66.59,530.25,50.2,44.5,57.7,4,M20,21.4,1.27,High
10.61,68.59,31.48,1720.51,16.8,38.5,69.2,7,M40,2.67,1.18,Low
0.52,36.27,71.55,2696.29,33.0,43.7,51.2,6,M20,13.94,0.42,High
14.05,112.66,42.63,978.1,15.6,-9.3,67.3,3,M20,20.22,0.41,High
0.83,98.43,46.25,1734.67,41.6,48.0,48.9,8,M30,3.21,0.89,Low
8.14,118.04,71.12,3472.85,9.6,18.4,45.5,8,M30,2.49,0.8,Medium
10.65,31.9,37.5,2434.61,2.7,37.9,67.6,2,M30,20.42,0.21,Medium
13.07,116.4,42.67,2960.61,4.8,-2.4,64.3,7,M40,19.92,0.63,Medium
10.73,52.32,36.98,1510.48,71.6,13.8,42.0,1,M40,11.22,1.2,Medium
12.04,42.35,36.22,2710.73,11.5,6.3,31.2,2,M30,2.74,1.19,Medium
5.12,6.99,49.71,237.73,53.4,7.5,47.6,8,M30,12.9,0.42,Medium
12.23,7.28,73.75,517.9,6.0,-2.6,51.1,1,M30,9.87,0.62,High
1.25,83.35,35.75,790.44,9.0,38.3,67.2,2,M40,12.96,0.82,Low
13.43,55.49,49.56,1466.64,38.7,-9.4,88.6,1,M20,11.0,1.14,High
8.24,27.96,62.01,2975.53,35.4,8.8,22.7,5,M50,14.21,0.79,Medium
12.27,74.06,27.9,1277.3,71.4,0.5,38.3,7,M40,18.18,1.27,Low
6.81,31.09,28.59,2325.71,70.9,25.3,34.5,6,M30,19.37,1.08,Low
9.67,69.74,84.34,2511.67,58.7,5.3,57.7,6,M50,16.22,1.25,Medium
7.92,43.75,66.5,2093.02,45.6,5.5,52.2,6,M50,4.97,1.0,Medium
10.99,99.0,54.06,1314.62,34.7,19.3,74.7,8,M20,9.93,1.17,High
1.27,98.66,60.06,2061.98,27.4,29.2,38.2,5,M20,1.78,1.11,High
0.95,57.8,7.49,1263.7,71.1,-2.7,64.6,10,M40,11.29,0.48,Low
3.74,42.75,57.54,385.17,45.6,0.5,86.3,7,M50,24.26,0.45,Low
2.44,44.14,48.31,3475.53,43.9,4.8,88.3,3,M40,16.04,1.15,Medium
13.08,96.88,51.39,532.42,18.2,48.4,91.9,9,M30,3.87,0.29,Low
3.33,40.05,35.55,345.98,4.5,13.8,78.0,10,M40,6.71,0.65,Low
14.64,25.88,11.93,3087.0,70.9,25.9,87.9,3,M20,1.61,1.1,Low
5.09,11.08,21.43,1126.24,24.2,4.5,37.6,6,M50,4.56,1.09,Low
2.77,56.54,85.81,2311.01,33.8,19.4,34.8,3,M30,12.2,0.35,High
11.86,58.37,39.74,1218.62,9.5,-5.6,20.5,1,M50,8.62,0.74,Low
9.9,101.07,44.67,1430.94,62.9,-7.9,73.0,1,M30,5.1,0.73,Medium
7.5,27.33,9.48,991.18,3.0,18.1,90.3,3,M50,3.66,0.56,Low
8.35,46.34,8.19,1266.35,62.7,13.9,34.0,4,M30,16.4,1.21,Low
10.8,97.2,65.96,1496.38,11.4,-1.8,67.8,2,M40,13.95,0.92,Medium
3.47,99.01,50.74,2549.41,66.6,31.3,76.0,9,M50,21.07,1.28,Medium
14.95,46.77,48.24,1839.22,55.0,49.6,89.6,8,M30,4.58,0.27,Medium
14.62,55.64,25.67,3308.12,13.2,13.7,68.5,3,M40,21.2,0.63,Medium
9.77,37.09,68.3,242.39,42.9,27.5,92.8,7,M20,14.45,1.12,High
3.03,111.97,19.3,1810.43,24.1,47.8,45.9,4,M30,6.66,0.66,Low
10.22,15.12,21.14,2086.36,14.2,39.9,46.2,5,M40,6.84,0.49,Low
1.13,112.12,44.16,3228.67,64.6,17.8,60.7,4,M20,9.76,1.3,High
0.51,82.38,29.33,267.14,30.9,34.2,48.8,9,M40,11.5,1.16,Low
3.9,64.26,26.03,2049.9,30.5,-2.3,20.1,7,M40,2.06,0.8,Low
6.97,4.89,59.85,3002.34,13.6,20.7,74.9,4,M20,21.05,0.82,High
13.03,57.6,60.33,922.55,29.3,6.7,76.4,8,M20,3.04,0.21,High
10.92,49.52,75.08,3079.39,65.5,-0.3,76.0,2,M30,12.09,1.28,High
11.15,20.19,40.51,164.75,27.9,15.6,45.9,7,M20,9.57,1.09,Medium
6.41,79.11,11.21,2590.35,71.4,-2.1,59.2,1,M50,12.81,0.24,Low
5.22,116.57,28.26,3272.58,71.0,31.9,47.0,8,M40,22.19,0.39,Low
5.6,67.9,88.3,2334.47,11.7,17.4,21.2,6,M30,24.73,1.1,High
14.82,86.06,55.68,1592.7,14.1,21.9,62.2,5,M20,0.51,0.3,High
0.65,9.15,65.33,252.6,64.8,-1.2,29.3,9,M40,9.83,1.24,Low
13.01,50.7,5.63,3228.39,30.1,-1.6,26.0,9,M30,20.44,1.3,Low
8.7,14.85,49.05,1699.01,1.3,25.0,76.7,3,M20,8.17,1.18,High
6.61,73.92,8.19,198.59,21.3,49.1,20.7,9,M30,16.23,1.01,Low
10.89,112.68,53.38,2445.39,45.2,-4.2,91.9,9,M40,24.81,0.74,Medium
7.33,79.75,83.27,1738.25,60.1,7.1,58.6,2,M20,16.17,0.29,High
13.11,10.14,87.32,522.77,10.9,42.2,93.7,5,M30,2.78,1.0,High
13.52,43.21,50.95,828.52,9.2,-5.7,24.3,2,M50,21.07,0.64,Low
6.35,66.53,43.95,319.27,69.2,42.6,63.8,1,M20,24.17,0.83,High
4.19,48.98,85.33,2052.6,56.6,21.5,46.2,7,M40,17.81,0.52,Medium
8.91,100.2,62.26,2214.9,44.6,14.5,83.3,4,M30,10.48,0.47,Medium
13.69,97.95,10.52,1819.52,57.9,8.6,47.1,5,M20,23.71,0.56,Low
3.2,73.81,44.59,2878.15,32.7,7.8,39.5,4,M20,24.21,1.1,High
9.36,45.44,25.42,3027.43,57.1,8.3,84.3,6,M20,23.38,0.67,Medium
9.49,31.39,44.93,2193.12,28.5,43.1,48.1,2,M20,10.3,0.54,High
11.01,13.6,43.71,143.37,19.1,33.4,21.3,8,M20,19.74,0.68,Medium
2.02,43.23,54.48,2463.78,54.9,30.2,49.3,4,M30,16.35,0.24,Medium
10.75,50.17,35.33,1521.2,32.1,37.9,69.1,8,M20,4.49,1.18,Medium
13.64,81.42,18.96,2022.9,73.6,5.4,39.1,3,M40,13.39,0.81,Low
2.74,79.32,47.82,2306.87,26.9,27.1,52.4,5,M40,18.69,0.32,Low
3.6,9.34,75.57,1290.8,69.2,17.6,24.3,3,M40,22.4,0.52,Medium
14.57,48.04,61.44,3218.13,70.0,36.9,64.1,7,M30,21.56,1.28,High
2.76,22.63,33.76,555.51,18.9,8.6,76.7,3,M50,3.87,0.85,Low
12.82,19.66,84.52,2383.14,60.1,28.6,51.0,8,M20,12.2,0.52,High
7.41,99.45,82.54,114.82,33.0,42.9,51.5,9,M20,11.96,0.67,High
3.75,5.99,22.79,3243.81,68.9,14.1,26.6,2,M20,22.47,0.48,Medium
13.07,50.88,8.35,482.51,34.3,-6.0,35.1,3,M40,0.05,0.23,Low
6.71,21.02,68.01,422.61,56.1,21.0,31.6,7,M40,18.47,1.13,Medium
7.75,105.64,75.35,1232.23,35.6,10.8,56.1,5,M30,15.47,0.52,High
5.42,67.29,87.27,1370.13,17.9,30.3,59.7,10,M30,23.04,1.12,High
8.91,28.53,80.64,828.62,15.8,47.1,91.2,7,M40,11.42,0.73,Medium
2.49,60.79,56.05,2089.41,32.5,19.1,25.5,2,M20,16.44,0.4,High
5.9,88.05,50.05,1605.91,56.9,18.0,65.0,4,M30,24.32,1.08,Medium
14.54,115.02,7.37,216.2,45.8,29.3,59.5,1,M30,18.6,0.61,Low
3.91,27.23,25.97,1186.82,52.0,-3.8,58.7,5,M20,1.68,0.98,Low
9.87,106.46,44.07,2855.47,21.9,5.2,85.5,8,M20,4.19,1.12,Medium
4.91,112.18,58.42,2444.99,36.6,45.1,35.4,1,M40,20.54,1.26,Medium
11.61,110.05,52.37,2564.56,4.3,30.2,23.1,7,M30,8.37,0.29,Medium
2.01,76.61,68.12,2473.6,61.5,-9.2,70.4,7,M30,17.65,0.21,Medium
14.55,75.95,28.78,1157.31,74.3,2.3,45.9,7,M30,17.5,0.8,Low
6.83,48.98,53.02,438.86,31.1,31.0,21.3,1,M50,24.84,0.49,Low
3.58,90.54,12.49,1026.39,1.8,35.9,38.9,3,M30,11.75,0.72,Low
1.15,64.22,40.16,2928.07,13.6,40.4,43.2,2,M20,18.45,0.28,Medium
2.59,81.62,68.76,3433.6,49.3,7.5,66.3,5,M30,1.22,0.75,Medium
7.82,51.99,63.94,1779.08,46.3,45.9,32.9,2,M30,11.56,0.34,Medium
5.09,88.05,89.2,132.98,59.3,23.2,51.0,5,M20,4.67,1.12,High
12.44,99.11,28.62,576.15,19.8,31.8,56.2,5,M30,21.01,1.04,Medium
6.49,18.43,47.35,1195.07,57.5,25.8,54.4,4,M30,21.0,0.28,Medium
3.77,100.12,33.01,2067.19,51.9,-2.6,93.0,7,M30,5.91,1.12,Low
9.28,65.3,42.45,355.32,24.9,47.8,23.4,10,M30,7.96,0.56,Low
10.62,101.52,77.84,3307.41,41.4,-2.6,91.3,6,M40,17.56,0.59,Medium
2.55,52.32,63.16,1341.28,11.9,5.3,63.6,2,M50,18.46,0.4,Low
2.56,46.11,80.01,3202.79,34.5,38.8,79.7,4,M50,16.44,1.12,Medium
0.6,109.89,22.3,2753.77,66.2,27.1,52.3,7,M40,24.92,0.65,Low
11.06,30.89,79.24,2668.49,32.2,40.3,54.0,9,M30,21.72,0.25,High
9.97,101.46,10.08,2162.85,63.1,20.9,85.9,9,M40,10.43,1.26,Low
7.15,58.6,80.53,2231.06,44.7,12.6,87.2,3,M40,8.17,0.48,Medium
12.67,62.18,32.97,2269.21,15.2,45.3,37.9,1,M40,14.92,1.23,Medium
12.09,37.71,31.74,2237.65,44.0,-7.8,34.9,9,M20,20.44,0.53,Medium
8.8,69.19,48.53,1982.68,38.4,41.4,57.2,8,M20,11.88,1.11,High
13.03,39.7,84.96,3453.81,30.5,3.8,87.5,7,M50,18.44,0.93,Medium
3.13,5.67,9.06,2589.79,9.9,40.9,44.2,6,M50,0.48,1.15,Low
1.72,33.37,34.94,2741.62,31.8,-1.6,68.9,10,M30,23.15,1.27,Medium
4.08,1.76,77.81,3066.37,6.4,24.8,73.1,7,M50,19.35,1.16,Medium
0.9,117.42,38.66,833.18,8.3,43.3,78.4,9,M40,9.85,0.64,Low
7.99,115.92,21.93,384.93,31.8,18.4,62.3,6,M30,9.6,1.1,Low
14.05,48.02,41.11,1741.84,23.6,34.8,50.2,10,M30,2.57,0.98,Medium
0.64,87.68,37.77,1847.87,69.5,38.3,92.5,3,M30,20.4,0.27,Medium
1.88,42.15,82.81,2919.22,28.8,34.2,65.8,3,M30,19.22,1.22,High
6.81,80.86,69.76,1608.86,57.1,45.5,74.6,4,M50,15.76,0.71,Medium
14.01,96.85,47.93,2040.9,40.2,16.8,45.9,10,M30,2.54,0.35,Medium
4.78,113.66,89.01,1892.04,53.1,0.4,70.2,10,M40,6.56,0.67,Medium
7.63,48.63,44.55,229.89,20.2,-7.1,39.3,8,M40,11.47,0.86,Low
0.67,94.21,9.95,2191.73,70.7,4.8,38.4,10,M20,6.65,0.83,Low
2.27,32.65,27.29,2915.35,40.2,-1.4,73.6,9,M20,10.85,0.83,Low
14.8,118.85,42.07,635.5,62.5,23.5,59.1,8,M40,5.65,0.48,Low
14.48,4.07,18.34,2120.73,28.0,1.1,71.2,10,M20,8.74,0.9,Low
0.12,72.82,85.54,2118.28,8.4,-7.7,40.2,2,M40,16.31,1.2,Medium
14.28,79.48,70.18,658.23,50.9,-7.8,64.9,4,M20,22.31,0.63,High
9.6,82.88,27.8,519.78,1.6,39.9,53.3,4,M30,9.63,0.89,Low
13.03,15.33,55.22,3432.18,36.2,25.5,64.8,2,M20,17.3,0.47,High
6.85,112.69,66.32,1438.65,15.3,11.5,41.8,8,M20,3.37,0.25,High
7.76,22.56,85.01,873.23,47.4,43.7,73.7,3,M20,13.52,0.84,High
7.36,75.11,79.94,682.5,73.5,-5.8,80.4,2,M50,23.04,0.25,Medium
10.02,27.5,48.79,2369.85,35.4,48.8,39.5,7,M30,0.7,1.0,Medium
2.14,37.56,70.85,2172.11,61.5,27.0,42.5,1,M50,6.69,0.94,Medium
0.5,66.03,52.78,2288.08,38.6,1.0,69.6,6,M50,3.31,0.61,Low
4.65,50.65,51.98,399.22,37.7,30.7,72.2,3,M50,13.33,0.65,Low
10.58,20.07,14.75,3138.02,69.9,35.8,72.8,3,M30,16.99,1.21,Medium
3.07,21.34,15.72,1423.51,66.9,15.8,71.2,5,M40,1.44,0.21,Low
10.12,50.76,50.01,1165.46,59.1,41.7,49.5,3,M20,1.76,0.82,High
14.55,91.12,27.85,1672.03,22.9,-1.0,49.6,4,M20,21.74,1.22,Medium
1.45,107.86,6.79,1426.22,41.3,6.7,39.1,3,M40,11.41,1.21,Low
10.11,11.01,66.44,3036.16,17.6,-4.4,31.8,7,M20,11.57,0.84,High
6.68,47.78,7.76,3259.49,33.8,2.7,71.9,3,M50,23.61,0.62,Low
13.03,12.93,55.6,1131.74,36.8,4.3,27.0,10,M40,8.01,0.31,Low
2.7,2.97,50.83,3037.38,62.5,45.1,90.3,4,M30,22.43,0.39,Medium
10.4,79.74,87.35,2757.18,67.3,-5.3,82.0,2,M20,24.36,0.95,High
12.58,72.69,46.16,3264.75,31.7,15.6,84.3,2,M40,6.04,0.22,Medium
14.17,20.4,10.41,935.55,2.3,21.9,88.0,9,M30,12.85,1.17,Low
10.26,28.82,51.89,2061.66,64.8,43.9,50.6,1,M40,13.36,0.85,Medium
7.48,3.82,76.49,1033.45,13.9,49.9,83.5,1,M30,21.65,0.25,High
9.29,100.36,89.73,2901.92,47.0,35.2,31.9,10,M20,7.6,0.46,High
13.04,116.99,41.58,118.1,2.8,48.2,21.6,1,M30,19.95,0.85,Medium
8.58,17.12,32.23,2020.39,30.6,37.2,78.9,3,M30,24.28,0.24,Medium
0.5,28.55,82.07,1253.29,74.0,47.8,25.6,2,M20,21.01,1.06,High
13.97,104.34,21.26,1197.12,8.5,32.4,94.1,3,M20,22.73,1.21,Medium
10.36,111.25,57.31,2292.68,32.4,-5.2,70.6,5,M30,17.71,1.26,High
10.16,50.94,39.49,2995.05,23.7,14.1,76.5,9,M40,22.6,1.01,Medium
3.27,7.02,8.49,2171.26,68.0,28.8,38.4,2,M30,4.12,1.14,Low
9.9,5.69,34.52,3000.79,65.3,11.0,70.5,1,M20,17.81,0.87,High
5.94,69.3,27.54,999.63,18.6,6.4,23.2,6,M30,18.3,0.7,Low
9.79,47.75,63.32,1866.31,7.0,24.6,82.8,3,M30,10.98,0.98,Medium
1.64,4.41,85.65,1631.82,47.4,46.0,32.7,7,M30,1.99,0.45,High
9.88,70.41,27.78,139.59,25.9,-7.9,72.3,6,M30,15.56,0.32,Low
14.99,2.35,73.97,1993.16,50.7,36.2,36.8,7,M30,1.3,1.04,High
0.77,94.7,9.71,2349.18,3.4,33.4,25.1,5,M20,9.56,1.25,Low
14.66,37.47,50.74,2112.51,10.9,47.8,56.1,1,M30,9.84,0.84,Medium
6.13,5.79,11.0,2603.35,51.8,45.8,32.7,3,M30,24.97,0.73,Low
13.07,71.01,84.39,2042.55,16.7,35.7,74.7,3,M30,7.5,0.79,High
11.75,48.32,70.14,326.95,64.5,21.2,37.8,7,M40,20.51,0.73,Medium
8.53,116.88,60.93,495.91,5.3,2.3,45.7,3,M30,1.33,0.69,Medium
11.09,65.76,75.03,2128.01,16.9,22.7,62.6,5,M40,13.24,1.24,Medium
13.18,33.75,60.04,1034.93,74.9,35.9,41.4,4,M40,13.42,0.73,Medium
6.09,85.42,87.36,370.79,33.0,43.7,48.3,4,M20,15.72,0.29,High
4.94,33.31,65.69,1560.65,53.0,37.4,81.2,7,M50,20.25,1.04,Medium
10.03,108.6,83.6,1984.7,14.5,1.7,33.4,1,M20,19.05,0.63,High
12.13,45.59,48.96,1217.74,46.1,26.0,26.2,7,M50,19.03,0.98,Medium
11.45,66.43,14.95,2549.47,54.7,9.9,44.6,8,M20,10.81,0.84,Low
11.98,7.02,49.9,2288.82,24.3,-9.4,51.8,3,M30,18.19,0.98,Medium
6.56,51.71,15.78,1231.58,62.3,2.0,60.7,3,M30,12.28,0.27,Low
12.28,100.05,55.36,2666.57,45.7,-3.2,47.9,4,M50,1.67,0.24,Low
1.85,96.87,46.01,2305.56,29.8,40.6,79.2,6,M20,22.25,0.62,High
8.19,27.69,57.92,2267.31,42.3,5.5,22.9,7,M40,22.25,0.96,Medium
0.14,27.9,5.85,1981.65,43.7,7.1,52.4,1,M40,8.07,0.45,Low
4.9,98.26,21.56,138.72,13.2,47.6,48.7,4,M20,22.85,0.68,Low
5.53,111.72,46.76,2468.12,30.8,12.7,68.6,7,M30,18.95,1.28,Medium
5.97,12.35,85.79,1378.54,26.4,-9.4,92.5,2,M30,10.02,0.44,High
10.45,54.56,37.61,3304.87,30.7,7.0,58.3,1,M30,8.29,1.13,Medium
5.86,41.16,41.07,2881.15,57.3,-2.8,94.0,1,M40,24.38,1.11,Medium
6.76,104.61,65.75,2098.16,36.7,-3.8,42.7,10,M50,17.82,1.18,Medium
3.6,10.94,56.32,957.42,70.6,-5.4,22.3,6,M40,9.47,1.21,Medium
5.63,26.12,30.41,792.64,22.7,25.6,32.4,5,M50,16.05,0.76,Low
3.45,90.54,39.92,1257.31,31.8,1.4,49.6,1,M20,14.29,0.95,Medium
1.14,7.1,23.5,1720.33,59.2,11.7,43.7,10,M20,13.11,0.88,Low
9.07,59.61,87.11,1106.62,41.4,41.7,27.3,3,M40,16.12,0.54,High
10.04,53.61,16.1,1850.76,41.5,15.5,52.4,7,M40,13.44,0.51,Low
9.31,40.79,36.61,662.26,4.9,44.9,45.4,9,M20,16.37,0.58,Medium
6.98,47.95,7.2,3424.22,30.5,19.9,29.2,9,M30,22.69,0.44,Low
5.73,64.06,23.85,466.94,21.0,13.9,42.2,6,M40,24.83,1.03,Low
12.96,20.2,71.34,3268.61,75.0,35.0,86.5,3,M20,17.73,1.26,High
7.81,69.07,22.1,3206.17,23.8,-5.6,42.7,1,M20,23.2,1.15,Medium
7.21,96.85,11.81,1886.23,66.5,-4.6,73.5,3,M40,21.46,0.44,Low
0.43,91.46,45.33,2564.69,51.0,29.1,65.9,10,M50,7.38,0.26,Low
5.15,19.31,5.85,1582.56,26.2,19.2,52.0,2,M40,23.32,1.03,Low
5.73,18.76,12.21,2242.12,41.2,37.4,37.9,5,M40,1.77,0.63,Low
6.01,32.91,73.65,1257.96,63.2,45.0,47.7,8,M30,8.25,1.11,High
8.72,43.97,70.58,1123.94,66.4,13.3,64.4,5,M40,16.0,1.06,Medium
8.03,49.61,82.79,2065.98,12.9,25.8,46.3,1,M20,13.17,0.89,High
9.14,81.88,77.63,1793.64,26.1,20.0,36.1,3,M50,13.56,0.48,Medium
11.49,7.74,63.07,2070.42,25.8,48.9,28.7,5,M30,19.87,0.31,High
12.2,5.13,9.45,1074.65,4.1,39.9,86.0,7,M30,4.87,0.48,Low
10.79,47.64,71.54,1347.66,45.3,44.7,53.0,5,M40,24.55,0.76,Medium
14.34,83.96,76.87,385.25,64.3,5.3,66.9,10,M20,10.94,1.28,High
0.32,24.02,72.92,277.74,29.2,36.4,56.8,5,M50,23.75,0.27,Low
2.98,77.34,48.22,961.75,55.8,5.9,85.4,7,M30,9.58,0.42,Medium
0.16,31.92,24.8,352.44,47.4,2.5,61.0,8,M30,15.04,0.89,Low
9.73,106.44,76.85,452.83,28.8,46.7,56.1,8,M20,11.26,0.53,High
13.48,107.59,66.81,2863.96,11.4,-8.8,89.3,7,M40,16.9,1.14,Medium
3.69,36.38,88.36,232.17,53.5,47.9,74.0,3,M40,4.59,0.35,Medium
13.91,28.37,18.23,2340.41,64.2,-1.0,28.4,2,M20,10.02,1.26,Medium
0.95,49.95,24.18,1026.7,51.8,39.2,33.3,1,M20,1.71,1.2,Low
14.02,29.62,23.0,3063.26,2.3,6.6,79.0,6,M50,14.95,1.18,Low
5.31,81.01,72.37,1748.97,17.0,11.0,82.7,9,M20,24.07,0.39,High
1.57,99.3,20.89,1138.96,6.1,3.0,60.9,3,M30,1.15,0.56,Low
7.31,81.1,10.67,1859.97,43.2,25.1,61.6,5,M30,16.49,1.08,Low
3.89,99.1,89.88,1398.66,57.0,10.9,67.4,9,M40,19.38,1.09,Medium
4.31,48.24,7.11,2018.62,9.2,29.4,52.9,9,M30,5.33,0.98,Low
4.64,19.6,76.0,489.41,63.0,-9.1,71.0,7,M30,6.83,0.69,Medium
12.06,88.82,36.06,3489.77,42.1,-6.1,28.1,4,M50,5.04,0.54,Low
8.11,43.9,76.54,1546.89,52.1,-4.0,92.1,2,M20,7.44,1.26,High
4.7,80.88,52.14,1283.98,72.9,15.1,76.3,2,M20,2.75,0.35,High
9.17,33.21,81.64,2514.71,7.2,38.9,67.3,4,M20,9.26,0.25,High
10.76,10.67,83.73,1337.26,67.7,43.3,43.7,1,M50,9.22,0.21,Medium
4.13,119.12,5.77,2933.13,10.3,4.7,32.1,4,M40,20.18,1.05,Low
6.23,19.59,11.41,1644.52,30.1,24.5,50.7,6,M20,20.02,0.26,Low
1.87,118.62,26.28,2546.5,64.0,36.1,69.6,6,M40,19.92,0.79,Low
2.76,117.3,61.89,465.34,68.1,7.3,67.5,7,M30,14.18,0.6,Medium
10.23,95.46,80.5,2976.81,38.5,14.5,48.7,5,M50,8.15,0.36,Medium
2.76,79.47,44.1,2601.44,45.0,21.4,66.0,9,M20,10.27,1.01,Medium
7.9,69.76,56.59,819.84,53.4,-1.9,81.0,2,M40,7.94,0.26,Low
10.65,104.07,21.02,593.97,62.6,-8.4,22.0,2,M30,14.55,0.55,Low
1.65,35.44,73.42,1175.39,10.0,-0.8,53.8,4,M20,23.45,0.82,High
8.53,56.65,87.22,3418.64,60.9,27.6,76.9,4,M40,7.11,0.64,High
3.89,74.71,27.83,973.23,36.6,-5.6,61.0,4,M20,11.47,0.49,Low
14.45,49.93,47.06,1650.83,34.3,1.4,68.9,1,M40,16.38,1.22,Medium
7.28,51.87,12.32,202.07,32.4,10.3,58.8,4,M40,21.12,1.22,Low
12.1,40.3,52.53,1450.57,38.7,-5.3,94.4,5,M30,6.33,0.66,Medium
8.28,68.14,47.74,2042.49,70.9,1.5,24.1,9,M20,7.01,0.63,Medium
0.7,102.22,17.28,3340.62,41.6,44.7,56.8,3,M50,22.13,0.54,Low
9.52,24.98,42.58,1856.9,71.5,-8.8,26.9,3,M20,2.01,1.14,High
14.27,112.2,33.4,2884.96,14.3,29.2,32.0,5,M30,15.14,0.82,Medium
9.04,83.0,49.36,1960.23,54.6,13.1,48.7,10,M40,21.51,0.3,Low
12.3,98.97,54.78,238.67,61.1,30.4,31.7,6,M50,23.04,1.14,Medium
13.27,67.19,5.72,1171.03,51.3,25.3,92.3,3,M30,0.32,0.79,Low
3.46,93.76,69.69,2056.87,45.9,3.4,91.0,1,M20,9.24,0.66,High
3.22,2.93,65.61,3332.02,42.8,40.8,45.2,10,M40,6.43,0.57,Medium
9.18,98.39,36.13,3021.04,64.7,19.5,68.0,8,M20,14.2,0.31,Medium
6.19,5.78,9.5,876.41,61.8,39.4,60.0,1,M20,15.82,1.25,Low
12.61,106.9,69.17,848.37,10.0,14.4,81.2,2,M50,24.99,1.02,Medium
13.51,119.04,86.19,783.99,63.8,49.1,67.1,3,M30,12.82,0.34,High
5.33,35.99,25.41,3236.5,31.6,36.2,20.0,6,M20,13.79,0.76,Medium
3.59,26.03,32.5,2999.06,19.8,48.0,77.2,4,M30,10.36,0.81,Low
11.72,92.08,20.62,2734.6,65.4,20.9,76.0,4,M20,3.69,0.38,Low
4.16,31.11,54.04,1435.3,33.0,18.4,58.2,9,M20,7.58,0.67,High
12.35,104.0,18.16,1814.89,60.8,35.3,87.7,6,M20,6.17,0.91,Low
6.38,13.24,35.28,1678.73,20.5,42.8,88.1,2,M40,20.03,0.51,Low
10.03,15.99,64.25,961.55,1.3,47.8,59.3,7,M40,13.65,0.56,Medium
1.48,117.52,52.61,1817.1,37.7,9.5,65.6,3,M30,7.4,0.33,Medium
9.38,81.19,37.85,203.69,8.4,37.9,94.7,9,M20,12.23,0.65,Medium
6.8,101.78,40.72,548.16,56.8,2.6,42.4,6,M40,5.47,0.84,Low
8.82,39.6,52.78,3114.4,21.4,22.7,44.3,8,M30,4.63,0.33,Medium
2.56,81.5,5.5,2655.71,33.8,0.8,33.7,1,M30,21.5,0.88,Low
11.07,71.71,11.67,1537.75,7.4,10.8,87.2,2,M40,23.62,0.64,Low
12.95,72.77,79.91,1858.31,22.2,45.9,75.8,6,M30,2.0,0.95,High
3.29,82.22,11.62,1358.0,58.8,-1.2,27.9,3,M30,19.12,0.55,Low
1.48,69.47,65.08,2618.65,12.2,27.9,93.6,1,M50,11.33,0.83,Medium
0.4,52.06,83.2,2766.24,48.9,25.6,74.8,6,M30,9.72,0.87,High
9.65,33.83,28.01,2695.17,68.9,-2.8,83.8,5,M30,17.24,0.96,Medium
9.13,92.46,36.49,2556.88,51.3,9.6,23.6,9,M30,6.66,1.03,Low
8.22,27.93,53.36,795.31,61.0,23.8,57.9,6,M20,0.51,0.35,Medium
3.52,83.39,79.95,1249.1,9.1,1.2,72.4,5,M40,5.35,1.26,Medium
5.89,28.77,85.06,1697.47,19.6,38.0,60.7,1,M40,4.62,1.13,Medium
8.94,75.41,67.86,1224.7,67.2,48.3,70.0,1,M20,0.85,0.82,High
7.48,89.9,12.36,2666.8,53.9,2.9,81.3,1,M20,8.03,1.18,Low
14.82,27.03,61.88,1219.8,48.3,1.2,48.1,7,M50,11.86,0.62,Medium
2.09,8.13,39.88,569.99,50.1,17.3,83.7,6,M30,18.4,0.24,Low
10.44,16.59,45.01,1456.74,31.7,34.9,32.2,5,M20,8.14,1.0,High
6.09,73.11,9.18,3431.71,4.3,6.9,40.3,4,M20,4.86,1.24,Low
6.45,102.08,21.24,868.0,59.0,-8.8,23.3,8,M30,5.77,0.38,Low
10.78,6.35,72.19,2181.34,51.2,22.5,47.3,8,M20,22.28,0.91,High
10.4,88.36,43.59,1572.11,36.0,47.4,48.5,5,M20,5.12,1.09,Medium
14.87,41.62,30.64,341.48,67.6,13.5,80.4,4,M40,21.98,1.2,Medium
1.97,57.94,37.64,1758.78,25.9,15.2,69.0,2,M40,11.18,0.5,Low
1.61,111.53,77.62,2487.36,22.8,48.1,52.8,7,M30,23.36,0.34,High
10.88,40.5,68.66,1844.95,65.6,31.7,68.9,5,M20,10.2,0.47,High
8.7,56.38,28.15,3065.16,60.0,33.2,24.0,3,M30,4.44,0.84,Medium
4.15,2.63,14.99,1082.39,39.1,23.8,33.5,9,M20,13.73,1.21,Low
1.24,10.71,26.42,393.25,10.7,48.5,67.0,9,M30,14.69,0.84,Low
1.33,31.77,83.26,3284.32,16.9,31.3,68.1,10,M20,15.89,1.21,High
13.42,4.31,54.44,1385.87,49.6,43.7,78.1,8,M20,10.29,1.05,High
2.92,76.13,50.35,2059.78,29.5,32.0,50.2,1,M30,1.22,0.86,Medium
4.88,51.74,55.69,2792.81,62.9,34.1,74.2,3,M50,15.67,0.22,Low
3.44,66.23,36.11,1202.67,71.3,7.4,71.3,2,M20,23.33,0.57,Medium
5.36,21.78,73.6,2534.96,60.6,8.2,92.3,4,M30,23.94,0.26,High
1.09,36.22,49.48,560.42,28.9,37.0,36.1,2,M30,14.92,0.55,Medium
7.81,80.0,14.92,1090.4,59.4,7.8,61.4,8,M30,0.5,0.27,Low
1.06,115.87,15.97,592.02,27.0,23.8,65.1,1,M40,2.65,0.38,Low
12.02,7.0,50.63,2858.18,13.4,5.0,94.9,4,M30,20.85,0.65,Medium
3.54,106.96,84.61,857.01,3.5,39.0,35.1,5,M40,20.74,0.77,Medium
8.12,69.65,31.21,2539.17,29.5,-3.4,59.2,10,M20,23.65,0.44,Medium
13.21,68.11,78.91,3307.21,67.9,39.8,46.0,4,M40,14.09,1.01,High
9.78,60.53,69.95,1894.43,18.7,26.2,59.4,8,M20,21.6,0.85,High
8.02,9.26,26.06,1936.1,16.3,1.2,37.4,2,M20,20.62,0.96,Medium
4.9,11.7,8.09,1667.51,72.8,22.5,23.6,9,M20,14.74,1.01,Low
5.03,72.51,13.66,1208.03,2.9,6.9,62.9,2,M20,19.59,1.0,Low
10.06,41.57,66.92,1717.23,59.1,9.4,45.2,2,M30,3.14,1.23,High
14.91,110.15,21.97,2149.55,24.8,11.1,33.6,2,M30,15.98,0.46,Low
9.94,49.38,36.56,3452.37,3.8,-6.2,44.3,10,M40,23.84,0.5,Low
8.39,18.05,47.64,3288.4,68.9,49.2,23.7,8,M20,4.05,0.3,Medium
10.97,86.05,66.66,3031.32,11.3,-8.1,91.3,3,M30,18.6,0.85,High
7.0,35.91,14.62,3123.04,41.8,29.7,63.6,10,M30,8.02,0.63,Low
0.95,63.53,39.54,1690.69,21.3,12.3,81.1,10,M30,20.43,0.75,Low
8.46,84.04,46.23,2335.31,5.8,28.8,51.7,8,M20,17.43,0.39,Medium
14.37,108.13,50.97,3143.23,4.7,11.4,87.7,7,M20,23.15,0.91,High
2.67,95.27,74.56,1436.03,9.6,30.4,56.2,10,M30,17.8,0.88,Medium
10.37,81.49,19.59,3369.99,6.3,33.8,63.0,4,M40,10.26,0.49,Low
3.05,81.88,73.67,1513.67,57.3,31.4,56.9,7,M40,0.27,0.71,Medium
8.06,113.57,63.89,2143.68,36.9,-3.2,75.0,8,M20,19.82,1.18,High
1.5,36.2,52.25,2513.34,26.4,29.4,62.5,6,M20,10.21,1.05,High
6.78,1.13,64.46,3332.01,32.0,6.8,40.4,6,M20,16.77,0.45,High
11.35,33.36,40.02,931.7,69.7,-8.3,30.9,3,M30,2.63,1.17,Medium
5.25,26.93,16.76,2636.85,68.4,14.9,65.5,5,M30,22.27,0.27,Low
9.99,79.76,61.59,1870.77,54.0,16.0,56.7,10,M20,10.89,0.66,High
11.94,76.41,49.6,1013.09,66.5,18.0,27.2,2,M30,22.99,0.29,Medium
13.91,71.62,59.35,2740.46,24.7,32.3,49.7,5,M30,17.68,1.22,High
3.56,2.93,33.73,1977.56,29.2,8.5,58.6,5,M30,3.04,0.24,Low
6.02,87.72,82.08,2347.31,46.4,8.9,82.0,7,M20,14.48,0.37,High
2.33,39.5,54.93,1197.86,47.1,-6.4,25.7,4,M30,22.75,1.21,Medium
14.89,80.14,12.26,1736.33,36.6,31.2,46.1,6,M30,20.0,0.84,Low
13.91,67.23,43.23,2199.0,30.6,24.1,81.7,9,M40,10.45,1.07,Medium
8.12,41.78,69.29,1476.7,74.0,11.0,68.6,4,M40,23.88,0.22,Medium
12.64,17.01,72.5,774.47,61.8,32.3,41.7,6,M20,6.71,0.66,High
7.84,12.24,47.04,3369.58,33.2,22.2,83.4,9,M20,9.38,1.28,High
9.37,99.95,81.05,1838.99,54.8,18.2,57.0,10,M30,18.74,0.84,High
1.38,110.29,27.75,2595.33,20.9,20.7,57.4,1,M30,5.82,1.13,Low
11.34,78.32,39.9,1497.56,8.4,28.2,93.2,8,M50,12.88,1.26,Low
1.96,13.31,81.38,1307.45,27.1,29.6,91.0,1,M30,18.22,0.95,High
12.4,48.84,81.18,1484.36,30.8,7.3,46.9,4,M40,16.1,0.56,Medium
11.74,87.74,63.29,1491.27,2.2,-1.6,30.5,3,M30,3.88,0.54,Medium
10.65,93.8,78.01,1950.21,61.3,-0.6,44.4,4,M40,15.74,0.28,Medium
0.59,15.07,12.55,1947.8,27.6,28.4,22.3,7,M40,14.32,0.67,Low
4.58,1.0,78.52,1790.32,44.0,42.4,21.6,9,M40,13.95,1.21,Medium
3.98,85.74,32.25,558.27,6.5,14.6,49.7,9,M30,20.65,0.73,Low
5.43,43.43,20.16,1786.66,13.9,0.2,90.6,10,M40,4.6,1.2,Low
1.36,31.28,25.35,674.95,66.8,35.4,85.4,1,M20,18.79,1.1,Medium
14.06,2.53,40.53,528.86,46.0,39.9,58.4,10,M50,19.02,1.28,Low
8.33,65.3,26.35,3271.0,71.3,42.8,62.4,1,M30,18.07,1.24,Medium
4.62,102.29,32.25,2156.83,74.9,26.4,20.4,9,M30,12.65,0.98,Low
5.98,114.96,16.47,2342.27,28.5,41.6,36.2,4,M50,9.89,1.16,Low
6.74,68.32,30.18,1466.1,23.1,-9.1,21.9,3,M40,9.87,1.02,Low
9.03,62.22,53.64,3190.54,64.5,-3.6,76.6,9,M40,18.35,0.97,Medium
7.76,11.12,42.56,2268.96,74.9,-4.4,30.9,5,M20,12.45,0.99,High
13.79,66.32,34.47,2715.18,47.6,32.8,85.2,6,M50,8.46,0.99,Low
7.48,46.22,68.45,1353.11,59.8,-5.8,68.2,1,M40,15.64,0.62,Medium
14.88,73.25,80.95,3364.04,58.8,19.8,37.2,1,M30,20.93,0.67,High
12.78,47.26,69.33,2889.57,27.3,18.4,31.8,7,M50,1.54,0.52,Low
3.17,29.6,33.22,3003.42,43.5,8.6,67.1,10,M20,24.3,0.36,Medium
13.96,12.3,68.28,685.46,62.6,42.2,87.6,8,M20,2.42,0.7,High
1.79,38.48,17.92,1021.27,51.9,0.2,73.9,8,M30,12.79,1.19,Low
12.27,12.5,16.08,1071.13,2.6,11.1,46.1,7,M20,14.01,0.92,Low
5.74,22.05,34.38,1021.09,25.9,36.5,64.1,9,M40,3.46,0.26,Low
13.18,118.49,73.65,3008.39,11.7,-8.2,43.3,1,M20,22.89,1.09,High
13.03,53.85,25.94,208.41,18.2,30.4,94.9,2,M20,11.79,1.23,Medium
12.1,64.29,10.38,358.74,68.0,39.0,76.2,3,M30,3.58,1.11,Low
11.86,104.96,16.2,1031.31,3.7,45.9,66.1,5,M30,17.79,1.0,Low
4.6,119.47,77.99,779.57,17.3,42.6,51.7,4,M20,16.59,0.37,High
1.26,70.34,58.87,888.32,23.9,9.2,66.4,4,M20,24.07,0.58,High
6.07,97.68,26.52,2813.01,46.6,25.2,45.6,8,M30,11.04,0.82,Low
2.64,39.91,52.2,2014.63,40.5,-5.4,22.2,8,M40,6.69,0.28,Low
10.44,37.38,49.84,119.62,17.2,5.5,49.6,7,M40,1.5,0.32,Low
5.22,48.92,60.71,1559.7,13.2,-4.3,89.8,1,M20,18.33,1.23,High
14.64,81.03,24.82,1486.81,18.5,8.9,67.0,10,M30,15.43,0.97,Low
9.63,82.18,78.47,487.41,38.2,42.5,26.3,4,M20,24.32,0.5,High
12.35,38.51,31.3,2398.88,21.1,10.8,86.4,1,M30,17.8,0.56,Medium
2.03,16.85,64.0,2487.13,71.1,23.7,40.2,5,M50,23.33,0.62,Medium
12.94,76.26,6.37,2551.04,35.3,16.0,38.3,3,M30,24.79,0.28,Low
13.85,16.27,36.68,2576.8,5.4,17.5,42.3,3,M30,10.71,1.01,Medium
7.33,69.84,34.9,100.18,55.0,48.2,63.3,4,M20,3.76,0.39,Medium
9.11,83.52,51.2,3343.33,25.3,7.8,60.9,2,M50,4.9,1.09,Medium
11.48,84.37,11.18,2868.31,49.4,27.6,56.9,7,M30,7.96,1.13,Low
2.66,90.66,72.16,3173.54,21.7,15.2,73.8,4,M30,12.72,0.9,High
7.56,104.87,23.51,153.19,43.2,-6.3,43.7,5,M30,3.06,1.05,Low
6.01,60.5,62.55,3275.12,58.1,19.4,78.7,2,M20,7.54,0.39,High
2.24,87.9,73.27,2853.28,69.7,38.8,33.1,6,M40,7.69,0.83,Medium
5.54,74.68,52.76,2946.55,20.3,-4.1,78.7,9,M20,0.1,0.94,Medium
1.07,23.21,67.98,417.18,25.8,-5.8,69.8,8,M40,8.85,0.93,Low
0.44,4.06,61.26,2611.85,35.4,-0.8,71.2,8,M30,2.9,0.33,Medium
2.07,34.86,35.22,3363.72,69.6,35.9,56.1,2,M20,10.74,0.58,Medium
14.45,53.72,73.75,2407.06,67.7,33.4,70.0,4,M20,4.91,0.56,High
8.27,74.44,30.05,2039.91,7.7,23.9,26.0,8,M40,20.55,0.83,Low
14.49,102.15,53.55,3315.14,10.8,18.1,83.9,1,M30,2.01,1.04,Medium
6.52,24.35,68.36,1605.99,37.7,43.3,24.2,8,M20,21.64,0.83,High
4.71,15.94,37.21,2137.6,8.9,36.0,31.2,3,M20,14.51,1.03,Medium
7.62,115.65,30.74,1719.55,26.6,38.7,63.3,8,M40,11.47,0.31,Low
6.62,13.86,44.04,3271.68,12.0,38.8,75.5,6,M40,13.74,1.17,Low
1.63,57.94,74.53,358.69,48.1,28.6,25.7,7,M40,9.4,0.79,Medium
9.63,70.68,84.04,1803.81,71.3,17.5,89.1,2,M30,3.19,0.24,High
3.28,65.42,51.33,2435.64,74.8,41.9,93.0,1,M30,19.15,0.91,Medium
9.31,11.24,61.22,2792.48,28.8,45.6,65.4,6,M20,23.2,0.77,High
9.77,7.79,81.78,2082.26,45.3,-8.6,56.1,3,M20,23.75,0.44,High
2.32,13.55,13.38,3190.32,64.4,-6.9,75.6,4,M40,16.77,1.04,Low
0.97,70.68,24.73,3302.77,9.7,47.5,44.6,9,M40,10.26,1.23,Low
11.72,65.78,65.26,318.69,52.0,6.6,57.0,3,M40,11.96,0.55,Medium
6.92,28.82,75.02,1468.06,31.3,42.4,88.7,2,M30,16.42,0.74,High
0.92,76.9,77.85,179.76,16.3,13.3,91.7,2,M40,20.58,0.34,Medium
14.92,98.59,40.28,1220.02,30.8,-2.9,89.5,2,M50,9.36,1.22,Low
0.91,5.95,12.59,1925.35,6.6,-5.2,39.7,6,M30,22.92,0.55,Low
10.44,60.28,42.21,3196.7,52.5,-0.6,37.4,2,M20,8.11,0.41,Medium
14.76,83.03,24.61,2978.28,19.7,5.0,42.3,7,M30,13.27,0.73,Low
3.63,31.03,29.75,533.5,24.0,19.3,53.1,7,M20,24.03,0.25,Medium
2.18,37.62,70.64,416.3,10.0,32.1,43.6,7,M40,23.45,0.48,Medium
1.86,74.02,11.42,2103.51,65.0,49.2,48.1,2,M30,17.39,0.27,Low
4.58,107.85,75.34,1909.2,37.5,16.5,66.5,7,M30,8.11,0.34,Medium
1.56,97.38,41.35,1005.68,43.3,21.1,77.2,10,M30,5.48,0.32,Low
10.4,70.39,55.67,3158.14,43.1,21.3,75.2,8,M30,2.0,1.16,Medium
0.98,87.9,12.62,3253.05,31.4,22.4,81.1,8,M20,17.72,1.22,Low
7.67,44.41,33.68,1468.88,15.2,21.1,22.4,2,M50,12.59,0.72,Low
14.95,77.27,12.62,3127.03,56.1,-9.5,23.6,5,M20,14.31,0.89,Low
12.22,56.48,86.73,1405.43,10.4,-9.9,79.2,6,M40,11.81,0.97,Medium
9.25,23.6,73.62,2605.18,8.7,-4.1,60.0,9,M40,12.07,0.63,Medium
4.63,84.51,44.07,1718.2,53.6,-3.9,63.4,6,M20,14.28,0.61,Medium
9.38,67.22,24.01,516.78,16.5,32.3,23.9,10,M50,22.86,0.94,Low
7.93,43.68,84.34,3254.98,23.7,2.3,39.1,6,M30,0.73,0.61,High
6.42,109.45,34.29,1643.93,36.2,43.7,67.9,10,M30,20.04,0.84,Low
2.0,3.49,18.68,2597.26,34.3,45.7,84.4,10,M30,9.76,0.77,Low
13.3,38.58,52.87,1348.39,53.4,48.6,88.8,6,M30,18.62,0.78,Medium
6.77,7.77,85.22,164.19,47.1,46.3,57.5,9,M20,23.71,1.11,High
2.96,92.22,5.33,441.8,48.7,6.3,60.9,10,M40,7.66,0.97,Low
5.55,84.55,25.24,1787.15,53.8,20.6,82.5,7,M30,2.24,1.26,Low
6.24,40.43,84.77,2445.88,22.7,0.5,60.3,1,M20,5.81,1.07,High
12.42,81.4,19.54,1238.1,24.9,38.4,58.8,1,M40,5.55,0.36,Low
11.02,48.12,14.63,2464.66,33.4,43.3,87.9,4,M40,18.55,1.01,Low
11.55,90.99,53.47,2475.36,23.8,41.1,79.2,2,M30,1.55,0.93,Medium
0.21,55.05,78.26,2493.38,73.9,16.0,88.2,3,M20,1.27,0.91,High
6.27,50.06,45.55,1774.57,61.2,35.5,36.4,7,M30,17.34,0.73,Medium
7.25,112.23,89.54,3210.61,13.2,-4.1,59.3,7,M20,13.92,0.27,High
0.34,30.85,62.73,1763.27,1.4,-7.6,83.2,3,M30,10.44,1.25,Medium
3.93,15.33,11.3,1630.9,4.2,35.2,28.3,2,M50,14.38,1.14,Low
11.42,70.56,89.39,777.89,19.1,15.5,79.6,1,M20,18.38,0.74,High
2.1,116.35,39.67,1146.03,9.5,49.7,33.7,9,M20,2.59,0.37,Low
8.05,45.96,29.43,243.94,40.5,-4.2,80.6,10,M40,13.83,1.11,Low
3.27,8.38,52.42,2254.02,64.5,41.3,65.9,3,M20,20.61,0.67,High
0.23,41.38,30.87,945.02,55.5,18.8,34.5,9,M20,9.06,0.63,Low
3.66,61.21,12.35,1134.13,17.0,39.6,55.5,4,M30,19.08,0.93,Low
14.64,20.27,5.12,2720.77,30.5,39.0,71.1,10,M40,21.14,1.03,Low
12.03,79.31,43.21,1212.55,38.6,45.0,67.5,6,M40,20.52,0.27,Medium
14.4,119.73,76.13,923.47,61.0,7.9,52.0,7,M40,16.26,1.04,High
7.34,54.76,53.65,674.8,63.1,47.0,87.5,10,M30,17.93,1.01,Medium
1.69,43.21,89.93,2734.52,68.3,-0.9,58.9,6,M40,19.69,0.85,High
8.24,48.68,29.38,541.0,38.7,-5.1,57.9,1,M20,18.34,0.57,Medium
6.84,14.7,28.84,1642.76,52.4,15.9,24.7,6,M30,11.29,0.38,Low
12.67,106.11,18.58,1823.56,9.3,39.7,89.2,6,M30,3.98,0.31,Low
1.52,50.36,18.95,2437.13,42.8,18.4,33.3,5,M20,7.74,0.2,Low
7.35,47.09,29.24,2253.16,19.4,39.8,59.6,3,M30,5.18,0.43,Low
2.29,79.5,72.39,2856.45,32.9,33.8,80.3,10,M30,9.04,0.65,Medium
4.9,53.6,81.99,252.15,47.9,2.6,36.2,3,M30,12.23,0.47,High
11.07,78.14,87.88,1107.9,20.0,46.9,59.6,10,M30,23.98,0.54,High
7.17,8.31,24.74,1052.46,4.9,-6.4,38.1,7,M40,23.99,0.63,Low
5.67,97.83,79.91,596.46,1.8,43.9,77.0,8,M40,19.24,0.54,Medium
5.95,112.92,32.9,1083.21,2.6,8.3,62.3,3,M20,24.5,1.0,Medium
6.92,78.2,14.59,1153.2,1.6,20.0,84.2,3,M30,24.95,0.74,Low
11.79,114.59,78.95,1874.41,9.2,15.3,87.1,7,M20,22.13,0.22,High
13.39,19.02,59.07,2356.6,18.7,0.3,68.7,10,M20,1.99,0.45,High
14.33,57.81,19.0,1395.74,17.4,11.5,74.4,7,M40,10.65,0.98,Low
11.81,72.62,41.54,2546.2,74.0,1.6,61.2,9,M20,13.35,0.53,Medium
4.77,70.23,29.42,1242.96,23.6,2.2,48.8,6,M20,3.1,1.21,Low
10.34,48.77,67.63,1086.96,10.4,1.2,68.6,7,M20,20.22,0.98,High
6.59,41.23,43.54,1940.04,41.4,19.3,88.1,10,M40,3.72,0.52,Low
3.86,16.09,89.09,180.64,64.5,37.9,51.3,1,M20,9.58,0.77,High
12.62,47.62,9.65,371.28,51.2,24.1,43.6,7,M40,1.72,0.93,Low
0.62,20.36,35.18,1521.1,22.9,43.6,49.1,2,M20,13.11,0.41,Medium
13.53,88.39,45.96,3305.9,42.6,28.2,52.7,7,M40,14.93,0.47,Medium
6.95,25.85,47.77,2553.14,53.9,31.4,25.5,3,M50,18.38,0.76,Medium
9.58,7.97,31.85,399.63,54.9,30.1,57.4,9,M30,8.49,1.22,Low
9.91,66.73,66.99,2977.48,50.3,17.0,57.1,5,M40,14.76,0.58,Medium
13.43,71.83,79.35,2589.82,65.4,31.4,64.1,7,M40,18.35,0.64,High
9.57,104.76,84.79,2177.22,65.4,-5.8,47.2,8,M40,19.05,0.41,High
9.23,69.66,73.43,2889.0,43.8,41.6,66.0,2,M40,7.54,0.85,Medium
1.05,42.11,77.3,1473.97,32.8,36.7,85.9,1,M20,1.69,1.01,High
7.8,96.56,51.8,853.1,48.5,4.7,91.7,7,M30,0.94,0.68,Medium
2.3,65.29,75.2,1840.88,61.5,36.1,63.8,6,M50,19.2,1.03,Medium
11.07,10.43,30.8,1966.06,1.4,-9.2,23.2,6,M30,9.64,0.53,Low
7.71,68.34,38.87,1930.31,74.4,3.0,92.7,2,M50,3.35,0.98,Low
10.22,109.05,31.94,2021.25,14.5,-6.1,72.9,3,M30,4.61,0.48,Low
0.67,48.16,44.73,3325.6,35.8,36.8,45.2,4,M30,19.15,1.06,Medium
1.32,36.26,29.27,3167.64,65.5,35.4,31.0,3,M40,14.97,1.11,Low
10.76,18.07,86.74,3077.44,17.7,38.8,30.8,2,M40,12.54,1.08,High
1.13,19.02,31.59,2824.82,36.3,-9.7,32.6,3,M30,15.58,0.44,Low
1.12,52.5,13.33,3307.66,10.8,20.1,23.4,6,M20,3.44,0.96,Low
0.23,71.89,49.78,434.88,30.2,32.3,87.7,9,M40,7.98,0.79,Low
14.35,10.59,9.85,1001.42,14.1,-0.7,60.6,4,M50,9.35,1.28,Low
11.08,112.81,14.4,1783.19,27.9,29.0,72.5,6,M30,7.86,0.6,Low
5.33,90.86,23.65,2978.22,28.6,-5.0,82.1,1,M20,21.61,1.05,Medium
4.48,70.81,44.47,1817.56,74.5,0.9,79.4,6,M20,14.54,0.61,Medium
5.28,99.58,41.83,2643.32,74.6,18.5,86.2,3,M50,18.23,0.64,Low
11.63,10.54,72.97,572.46,9.5,29.2,92.5,9,M20,5.92,0.32,High
9.94,57.74,67.86,958.21,54.7,-1.2,52.9,4,M30,6.6,0.46,Medium
2.82,75.98,41.24,2588.04,4.8,1.1,91.3,7,M20,5.63,0.38,Medium
2.65,99.61,33.36,660.1,3.2,2.3,74.2,4,M20,17.2,0.38,Medium
1.52,94.23,31.9,1294.61,8.8,4.3,25.3,6,M30,8.73,0.21,Low
9.92,33.97,70.79,1000.55,72.4,3.6,71.1,7,M20,10.13,1.07,High
11.48,112.96,9.43,1289.53,70.6,13.7,71.5,2,M40,17.73,0.71,Low
4.01,15.8,6.09,2508.3,15.4,29.2,87.9,10,M30,24.29,1.08,Low
0.36,105.14,72.62,1350.68,13.0,16.3,48.0,6,M30,4.05,0.87,Medium
1.28,116.54,45.56,1987.9,18.8,36.6,63.9,8,M30,1.57,1.11,Low
14.52,22.08,16.12,439.77,39.2,33.2,20.9,6,M50,4.87,0.75,Low
4.47,86.93,25.02,2837.06,43.2,-2.4,44.9,2,M40,18.37,0.3,Low
11.55,5.79,84.26,1357.62,17.4,-7.1,24.7,4,M20,4.87,0.88,High
9.39,49.25,78.06,2305.02,57.0,42.7,59.1,1,M20,14.61,0.95,High
5.76,62.44,65.33,2566.32,23.9,-5.2,81.3,7,M30,14.76,0.89,Medium
3.13,70.1,45.99,812.85,69.2,-1.1,35.5,8,M40,7.36,1.08,Low
1.86,112.38,49.23,3107.89,49.6,-8.7,59.6,10,M30,1.72,1.0,Medium
9.24,81.0,87.9,2195.16,33.3,27.7,35.3,2,M20,9.98,0.68,High
11.63,58.27,87.09,1557.67,59.5,24.9,29.1,10,M40,4.67,1.1,Medium
9.68,97.35,23.3,719.94,61.5,49.2,58.3,5,M30,4.61,0.96,Low
7.98,114.11,73.94,3303.82,22.5,43.2,25.9,8,M30,13.06,0.33,Medium
0.68,3.63,21.77,2667.23,26.1,14.7,64.1,8,M20,16.83,0.79,Low
14.53,117.92,23.15,807.28,70.3,12.3,22.4,5,M20,1.89,1.0,Medium
11.99,11.25,62.47,1248.22,13.2,7.8,28.0,8,M20,14.46,0.81,High
4.43,97.91,39.43,2852.89,4.1,-0.9,61.2,6,M20,6.16,1.24,Medium
14.7,34.36,84.18,2465.3,34.6,-1.7,64.4,5,M50,16.83,0.31,Medium
9.05,16.73,12.57,2703.67,60.3,-2.1,22.2,4,M20,20.26,0.99,Low
8.76,53.34,48.48,1600.08,58.1,-3.2,63.0,5,M30,20.18,1.11,Medium
11.23,77.63,83.07,2536.02,69.0,4.4,82.9,4,M30,9.25,0.97,High
12.19,46.33,81.85,1414.08,40.5,8.4,74.2,1,M30,14.18,0.62,High
9.86,7.49,18.3,818.29,8.4,47.7,29.8,3,M40,19.84,0.62,Low
1.97,72.34,36.16,2251.1,44.6,24.7,64.4,8,M40,1.52,0.85,Low
5.11,108.39,57.63,3418.45,58.6,49.3,70.4,7,M50,15.14,0.64,Medium
13.92,46.6,18.55,1156.04,7.9,12.3,22.8,7,M20,20.91,1.17,Medium
3.41,26.74,87.28,1667.3,13.8,17.5,84.2,3,M20,9.31,0.32,High
5.61,53.67,82.75,2391.6,1.9,9.5,88.0,9,M20,11.39,0.9,High
6.51,6.76,19.19,1941.12,44.9,1.0,83.8,6,M20,17.47,0.35,Low
6.62,98.64,15.3,2967.65,66.6,-1.4,81.8,8,M30,1.7,0.79,Low
9.21,99.33,12.26,2689.93,50.6,46.7,75.9,8,M40,9.64,0.99,Low
14.15,70.97,82.3,298.21,73.7,49.2,67.5,3,M20,7.39,0.38,High
3.65,43.02,21.46,3494.63,5.7,-7.3,70.9,4,M50,0.42,0.97,Low
1.87,96.17,40.38,2658.17,67.8,-1.0,80.5,6,M30,4.9,0.35,Low
3.0,67.01,43.15,3037.27,61.2,15.4,69.7,2,M30,9.9,0.88,Medium
13.31,99.29,55.92,2314.07,24.3,1.2,44.6,7,M20,4.94,0.76,High
9.7,76.14,11.1,3011.37,73.0,11.8,48.2,2,M20,15.06,0.53,Low
4.32,94.34,24.27,482.1,22.3,-2.3,87.3,5,M40,11.22,0.32,Low
12.25,72.23,84.18,1282.31,66.8,17.4,21.3,4,M20,0.99,1.01,High
12.93,50.28,82.21,3079.83,66.2,6.3,72.4,9,M40,6.88,0.62,Medium
12.71,115.0,71.41,785.63,57.1,11.1,91.6,2,M30,0.49,0.3,Medium
13.79,65.39,6.65,366.02,42.7,-4.3,73.0,7,M40,8.95,1.05,Low
3.82,73.01,32.8,2779.6,9.9,15.7,94.5,7,M40,6.48,0.46,Low
11.34,27.24,58.38,2940.65,40.4,49.0,71.6,7,M20,17.2,1.01,High
6.94,75.45,28.39,653.02,27.4,9.7,22.6,1,M30,7.69,0.82,Low
12.64,69.02,82.31,3004.78,59.6,42.6,82.0,8,M20,9.38,0.41,High
10.94,23.0,58.88,2435.01,57.1,40.6,41.3,2,M30,18.13,0.28,High
11.66,8.09,11.11,1868.28,68.4,47.1,53.5,5,M20,12.02,0.85,Low
9.86,72.92,82.27,2922.85,2.1,37.4,43.4,2,M30,13.91,0.23,High
2.7,91.88,86.41,1525.45,60.9,29.6,40.1,5,M20,21.03,0.27,High
8.2,63.28,11.61,759.58,70.4,41.4,52.4,7,M50,5.17,0.97,Low
14.77,27.99,50.25,1068.5,59.4,-5.5,48.4,6,M30,24.73,0.79,Medium
14.06,80.32,30.79,1817.56,10.6,17.8,67.5,5,M50,22.5,0.56,Low
0.7,10.53,38.39,1906.52,7.0,49.4,81.0,4,M20,7.16,0.79,Medium
2.51,53.58,20.27,2838.97,2.5,36.2,42.3,8,M30,22.32,0.85,Low
2.02,20.44,54.14,2790.6,47.5,47.7,36.0,8,M30,18.85,0.82,Medium
10.9,22.95,86.43,2076.65,47.6,36.8,70.0,1,M30,23.27,0.91,High
12.28,25.07,47.76,2754.67,74.0,42.5,70.3,10,M40,17.28,1.23,Medium
3.24,47.02,12.05,752.03,30.5,32.4,87.6,2,M50,16.86,0.63,Low
7.61,7.09,57.7,270.22,25.6,35.6,21.2,3,M20,0.09,0.53,High
12.62,48.34,33.92,3070.35,47.2,21.4,84.0,1,M50,11.87,0.24,Low
11.01,61.89,77.75,356.89,62.1,45.5,59.1,3,M40,5.01,0.36,Medium
8.16,58.51,41.95,938.74,70.3,39.5,66.6,10,M50,8.1,0.32,Low
8.88,46.55,21.39,2464.08,60.4,40.6,26.9,8,M30,24.47,0.57,Low
7.65,100.86,21.24,1492.12,32.6,30.4,52.4,4,M50,2.14,0.87,Low
4.5,18.29,70.34,3079.47,48.0,8.3,37.0,7,M40,18.06,0.25,Medium
8.5,61.18,27.57,1113.13,64.4,-7.9,39.1,7,M20,4.32,1.0,Low
10.35,8.38,70.21,140.36,37.3,46.1,57.8,5,M30,0.19,0.64,Medium
13.11,9.47,22.5,1122.23,17.0,25.2,80.9,1,M20,12.54,1.26,Medium
9.56,69.29,32.34,2065.46,13.6,7.9,75.8,10,M30,4.03,0.83,Low
11.43,68.36,44.57,1378.19,1.0,-1.1,64.3,4,M40,24.14,1.05,Medium
2.44,105.49,85.17,1918.57,54.1,39.8,60.5,7,M40,5.09,1.15,Medium
6.95,67.39,84.2,3080.43,9.2,40.2,52.0,5,M40,4.8,1.18,Medium
0.19,115.22,22.58,3202.45,19.0,38.9,93.0,2,M30,0.8,0.77,Low
3.74,6.79,35.45,1004.31,23.0,28.7,62.0,8,M20,8.25,0.64,Medium
10.91,12.66,17.7,1671.28,42.5,12.0,39.0,2,M20,0.6,0.82,Low
14.88,6.24,48.35,1967.09,30.4,8.2,37.3,8,M40,12.47,0.64,Medium
1.53,23.05,44.15,3326.98,50.9,-9.5,65.9,2,M20,12.64,0.46,Medium
6.05,65.41,81.56,3495.3,5.1,40.0,59.2,5,M20,1.33,0.56,High
12.01,77.82,84.05,900.38,10.2,-4.8,20.6,4,M30,6.0,0.46,High
3.1,6.42,37.6,2571.73,37.9,27.8,82.3,1,M20,20.8,0.5,Medium
8.35,113.57,46.8,1385.31,25.9,20.2,72.8,8,M20,11.56,0.3,Medium
11.01,101.22,81.18,127.57,22.9,21.6,69.6,10,M20,10.87,0.67,High
9.26,36.3,73.57,131.46,6.0,45.6,25.2,3,M50,17.47,0.46,Medium
2.86,10.19,5.31,1665.92,67.3,-8.1,47.2,4,M20,17.87,0.69,Low
5.36,21.22,32.21,1760.34,52.2,36.4,90.2,4,M40,19.05,1.07,Low
11.77,16.11,40.85,176.74,10.0,-6.9,84.7,5,M20,20.76,0.69,Medium
8.34,15.67,24.53,2435.55,5.8,-7.7,41.4,3,M40,5.81,1.25,Low
0.13,62.71,21.96,1099.61,73.1,15.8,31.8,9,M30,1.66,0.36,Low
11.43,30.26,8.21,2003.64,51.4,-6.2,53.7,4,M40,9.51,1.14,Low
0.58,43.62,59.69,1123.12,31.9,37.3,46.7,10,M40,21.38,0.47,Low
11.2,118.75,27.31,668.26,52.9,21.8,71.2,4,M30,1.95,1.23,Low
3.08,82.43,9.45,1484.39,57.0,-8.3,92.5,6,M50,14.4,0.45,Low
14.37,113.93,24.63,889.73,58.7,-7.6,47.2,8,M30,17.53,1.02,Low
5.55,17.96,73.16,1918.32,36.4,26.8,24.7,7,M40,12.04,0.27,Medium
4.94,46.47,77.38,776.02,32.8,38.4,87.3,4,M30,6.38,0.89,High
2.28,67.01,46.06,1828.58,1.8,16.3,22.8,4,M50,8.16,0.44,Low
4.62,10.13,40.37,635.09,69.6,23.3,91.5,5,M40,1.79,0.94,Low
13.16,1.5,88.12,2381.31,45.6,38.0,69.8,10,M20,7.31,0.9,High
14.95,80.78,22.05,2663.39,16.0,26.6,90.6,5,M30,1.11,1.22,Low
5.56,77.38,23.31,475.34,69.1,3.5,35.0,1,M40,18.16,0.89,Low
6.76,49.88,29.81,1690.53,68.7,26.8,23.1,8,M40,22.45,0.65,Low
10.84,59.27,19.68,340.96,74.2,27.7,56.6,10,M50,15.84,0.41,Low
13.3,50.44,37.25,2133.82,65.7,34.0,53.8,5,M20,16.42,0.92,High
8.92,3.86,82.42,998.97,74.8,27.3,44.9,3,M30,11.8,0.33,High
5.9,40.91,57.3,1893.92,19.1,48.2,91.8,3,M30,3.9,1.11,Medium
6.22,22.07,40.02,1859.37,63.3,1.8,81.7,4,M20,0.19,0.47,Medium
10.45,12.71,84.42,3242.8,61.9,47.1,69.6,7,M30,8.6,0.78,High
0.1,114.85,9.12,1966.88,18.1,22.3,32.2,5,M30,18.79,0.86,Low
9.31,72.32,22.87,2082.19,8.3,30.3,75.1,1,M20,24.01,0.6,Medium
5.36,87.71,53.1,1465.62,73.5,-4.0,74.5,5,M20,10.78,0.93,High
11.92,38.53,57.32,3326.87,22.9,12.8,51.9,5,M20,9.13,0.48,High
1.44,47.78,8.36,2742.43,65.4,36.2,89.4,6,M40,11.15,0.24,Low
8.84,29.19,39.26,1070.38,1.3,32.4,32.5,7,M30,10.69,1.26,Low
7.24,12.54,60.18,2970.31,2.6,-7.6,40.1,5,M20,15.65,0.55,High
9.65,22.3,64.34,1570.15,35.5,22.8,24.7,2,M30,18.35,0.98,High
1.02,95.9,59.24,2917.47,18.7,-4.7,79.7,2,M20,19.62,0.76,High
8.72,81.63,32.25,2897.82,52.0,49.8,66.6,4,M50,16.24,0.94,Low
8.44,66.08,12.95,742.16,42.9,43.8,43.6,1,M20,10.94,0.32,Low
8.43,57.54,41.3,2483.88,6.7,-8.7,32.3,7,M40,23.75,0.77,Low
9.07,110.77,15.94,1088.19,13.0,41.5,23.0,1,M30,17.78,0.63,Low
10.16,9.66,85.55,1111.48,29.7,45.2,32.5,3,M40,10.67,0.7,Medium
12.08,34.39,45.39,1107.58,14.7,11.2,54.0,10,M20,11.16,1.26,Medium
4.08,42.64,31.97,2566.93,59.6,33.2,38.5,7,M20,20.45,0.35,Medium
12.38,94.11,70.14,881.41,31.8,16.5,39.4,6,M40,11.01,1.03,Medium
7.5,119.11,47.33,103.08,7.9,29.3,85.7,7,M20,12.91,0.56,Medium
1.2,29.64,31.35,2531.81,36.8,10.4,58.6,5,M40,7.29,0.52,Low
0.93,105.04,74.02,682.03,7.7,9.4,74.7,8,M30,20.97,0.5,Medium
5.05,99.84,78.71,455.24,10.5,15.5,22.7,6,M40,13.06,0.58,Medium
11.78,27.73,62.21,907.55,18.7,-1.3,47.4,4,M50,13.81,0.59,Medium
10.63,48.52,8.99,1391.66,64.6,39.9,55.9,1,M50,22.02,0.5,Low
11.84,49.75,53.14,1718.08,69.4,10.9,34.0,2,M30,23.01,0.93,High
7.78,117.41,69.88,251.54,62.1,14.0,29.0,6,M30,20.6,0.25,Medium
6.63,22.53,16.6,3399.95,25.7,43.6,85.3,4,M50,1.63,0.57,Low
2.25,96.1,24.44,2534.61,21.2,19.8,90.5,3,M40,11.09,0.51,Low
4.96,40.77,80.01,1198.86,41.6,22.7,25.9,7,M20,8.58,1.03,High
6.54,87.97,6.71,1183.57,54.4,47.4,46.2,7,M30,5.34,0.36,Low
1.37,50.98,68.98,1625.04,74.5,43.2,91.9,2,M20,22.72,1.23,High
3.35,69.82,45.27,2229.23,10.7,0.2,26.2,8,M50,22.25,0.39,Low
8.99,100.08,42.98,597.67,4.6,18.4,68.3,1,M20,11.63,0.61,Medium
11.05,96.7,5.6,742.36,52.4,48.3,92.9,10,M30,3.36,0.42,Low
14.98,104.1,74.65,3022.08,62.6,12.3,93.4,7,M40,0.33,0.52,Medium
14.0,8.09,35.59,971.27,63.6,12.3,55.3,10,M50,10.96,1.04,Low
9.66,83.35,50.97,1392.66,51.2,1.7,32.2,1,M40,1.0,0.72,Medium
6.35,17.66,62.57,3062.32,71.6,-3.1,35.2,3,M20,15.24,0.38,High
9.56,50.48,64.72,2354.7,38.8,34.4,86.7,3,M30,15.21,0.25,High
11.8,66.28,86.26,1261.82,68.6,36.2,88.4,10,M50,22.47,0.45,Medium
1.82,48.93,50.16,2424.58,72.6,48.1,65.6,2,M40,4.75,1.24,Medium
6.18,62.83,38.98,166.92,63.7,36.4,77.5,10,M40,9.28,1.13,Low
12.61,119.59,86.06,2601.19,23.9,4.6,75.5,5,M40,21.49,0.68,High
5.79,17.09,59.58,1755.85,15.5,-7.6,69.6,4,M30,11.86,0.73,Medium
8.6,81.38,30.34,2864.82,41.6,49.1,82.0,6,M40,1.49,1.19,Low
8.84,48.12,15.75,3345.77,34.5,10.4,71.4,2,M20,2.77,0.85,Low
2.81,16.83,76.62,3247.68,66.0,8.7,60.1,4,M30,20.34,1.17,High
5.47,19.89,35.79,3191.5,8.4,44.4,37.8,7,M40,18.59,0.74,Low
5.05,113.96,61.14,1841.38,20.1,25.1,75.8,1,M20,21.9,0.42,High
0.44,105.67,45.02,1324.48,56.6,2.9,55.5,3,M30,2.97,1.0,Low
0.41,108.94,21.91,1681.12,8.0,43.3,42.1,1,M20,19.01,0.78,Low
12.48,118.99,56.14,2445.65,24.7,49.6,80.1,2,M20,16.38,0.94,High
4.13,25.79,10.16,3105.59,29.6,-4.8,72.3,9,M40,5.81,0.37,Low
7.8,43.3,40.13,803.75,47.1,41.7,90.3,10,M40,24.35,0.91,Low
4.52,80.64,51.46,3221.86,12.7,13.4,32.4,5,M20,14.26,0.62,High
14.11,58.57,42.06,2871.61,64.7,21.4,68.7,4,M30,22.67,0.57,Medium
3.93,50.79,68.64,3428.11,34.1,44.9,38.3,4,M30,21.48,0.94,High
6.47,43.58,75.37,3092.86,68.9,48.4,87.8,8,M20,8.33,0.85,High
13.1,71.66,70.56,1051.79,35.6,5.7,27.5,3,M40,13.4,0.91,Medium
12.64,69.5,8.3,460.25,21.4,2.8,69.2,4,M30,10.78,1.26,Low
2.83,20.21,21.5,481.62,11.5,-5.2,79.3,2,M40,17.73,0.97,Low
12.05,57.14,50.61,1090.16,1.3,23.7,46.6,6,M20,14.7,0.9,High
6.9,66.86,84.46,2188.22,40.4,-9.2,91.6,9,M30,19.62,0.87,High
7.27,68.86,75.97,2834.69,8.9,14.7,83.8,4,M20,0.29,0.64,High
2.05,26.0,76.62,3157.45,30.0,-5.6,42.1,6,M20,17.19,1.12,High
1.25,89.33,30.77,2220.76,44.6,14.3,20.6,4,M40,7.98,0.62,Low
10.93,4.0,41.5,119.15,21.4,-7.6,42.2,2,M20,5.61,0.97,Medium
7.47,43.22,45.01,733.48,14.0,40.1,41.1,6,M20,20.03,0.52,Medium
6.58,93.85,18.38,439.07,58.3,2.6,86.7,7,M50,2.23,0.36,Low
10.96,68.1,7.64,1335.3,71.1,9.7,92.5,4,M30,5.71,0.34,Low
11.49,32.08,85.49,1804.59,8.4,42.2,25.3,7,M20,5.09,0.9,High
2.43,83.7,25.46,247.55,12.5,34.8,55.3,8,M50,10.5,0.56,Low
9.17,68.52,25.4,1284.83,72.0,3.1,61.1,3,M20,8.06,0.5,Low
2.07,95.75,12.09,709.21,3.8,-5.7,27.0,2,M40,18.01,0.85,Low
11.28,88.47,83.92,2300.04,73.3,32.9,48.3,5,M20,17.48,0.23,High
9.87,73.6,54.28,1678.53,1.3,13.4,43.8,2,M30,8.14,0.47,Medium
14.35,59.09,61.7,1784.08,65.7,36.0,60.2,10,M30,10.92,0.57,Medium
1.08,16.85,82.48,1554.15,23.7,16.7,69.6,5,M20,5.2,0.98,High
0.9,32.1,34.38,3350.47,70.5,10.8,72.8,10,M30,16.77,0.8,Low
4.27,50.87,57.83,830.1,24.5,17.1,30.3,6,M30,9.91,1.14,Medium
3.96,72.32,8.3,1856.66,49.4,34.9,81.0,8,M40,3.32,0.57,Low
3.74,62.13,20.88,2602.46,6.9,44.1,70.9,6,M40,3.18,0.53,Low
13.6,35.29,75.66,1993.27,18.9,-7.0,86.7,4,M30,8.06,0.24,High
3.78,1.77,70.18,3258.67,58.3,21.4,53.7,3,M30,18.68,1.25,High
4.12,60.05,34.8,1385.09,40.1,-8.0,87.0,2,M30,0.64,0.75,Low
11.4,34.99,37.03,1676.5,69.7,18.1,84.9,1,M40,6.44,0.75,Medium
6.77,88.42,50.35,400.98,32.7,43.1,52.9,2,M30,4.06,1.22,Medium
11.66,3.85,5.02,2170.6,65.4,11.7,48.6,2,M30,23.91,0.52,Low
1.03,70.59,25.51,1079.92,34.2,45.9,90.0,5,M30,17.63,0.57,Low
7.34,113.04,22.7,645.05,73.5,27.8,73.6,9,M50,5.83,0.92,Low
0.55,21.75,26.29,1951.41,72.0,46.0,89.6,1,M30,5.19,1.06,Low
0.99,57.13,73.5,1909.85,25.4,35.4,79.8,4,M20,21.45,0.97,High
13.6,11.88,28.77,357.96,66.6,-3.8,65.7,10,M30,4.76,1.07,Low
2.13,75.46,21.28,2473.93,63.7,3.9,28.7,7,M40,24.93,0.83,Low
8.01,66.51,47.86,2220.83,16.6,13.7,41.9,10,M40,7.06,1.15,Low
6.2,49.48,78.58,742.66,47.2,0.2,92.7,3,M40,2.11,0.81,Medium
5.24,63.04,25.51,1696.08,6.4,19.7,44.0,8,M40,17.27,0.45,Low
13.5,107.69,11.68,2549.1,62.9,18.3,27.0,3,M30,15.24,0.8,Low
0.38,24.36,35.29,1900.08,13.9,47.4,73.1,8,M30,25.0,0.98,Low
9.97,3.69,68.55,1444.66,6.2,16.0,75.1,2,M40,20.05,0.92,Medium
14.45,103.54,51.81,1195.95,30.6,37.1,41.4,5,M20,10.72,0.47,High
8.42,69.68,74.43,2175.34,43.7,46.5,42.3,4,M30,16.92,0.25,High
14.06,106.99,86.57,3292.97,64.3,42.6,55.2,9,M40,20.45,0.48,High
0.83,72.04,72.38,2383.93,73.1,2.5,21.6,3,M40,12.84,1.28,Medium
6.31,97.41,56.32,354.14,33.5,19.8,79.2,5,M50,6.82,0.4,Low
3.94,52.13,46.93,1666.33,5.5,10.9,43.8,10,M50,5.25,0.71,Low
10.98,90.23,8.41,3128.8,56.4,14.0,84.0,9,M20,7.38,0.9,Low
14.72,109.65,88.67,421.17,42.8,11.6,80.2,6,M50,21.2,1.17,Medium
3.89,69.08,37.6,3462.18,34.1,39.6,69.6,2,M20,9.51,1.04,Medium
9.83,22.51,17.94,3326.84,23.9,17.1,44.4,1,M40,7.17,1.2,Low
3.01,32.99,61.67,366.13,38.2,21.4,58.7,1,M20,20.15,0.86,High
8.5,24.64,29.16,3273.61,26.1,48.9,53.4,7,M30,0.8,1.15,Low
6.99,30.38,54.79,1334.65,57.0,-6.4,45.4,2,M50,14.85,0.49,Low
14.58,37.46,54.88,2972.01,41.2,19.3,83.6,7,M20,21.84,0.67,High
9.15,67.06,42.89,1522.5,65.9,36.4,56.3,1,M40,10.25,1.13,Medium
5.28,70.97,76.07,1598.91,41.2,-0.9,82.5,4,M20,6.73,0.56,High
1.76,51.75,27.52,2256.43,18.6,26.7,27.9,10,M20,12.29,1.16,Low
2.31,74.24,43.13,2733.22,64.0,4.4,30.6,4,M30,17.94,0.6,Medium
3.42,10.71,50.7,214.88,42.2,42.0,93.3,5,M30,12.92,0.6,Medium
3.8,11.45,61.41,2116.73,16.3,9.6,64.1,10,M20,0.19,0.54,High
12.77,21.45,71.64,734.89,47.1,9.7,58.2,1,M30,1.96,0.8,High
8.44,62.65,38.56,1276.23,27.5,25.9,59.2,7,M40,18.03,0.34,Low
7.87,26.47,59.91,1283.09,63.5,1.0,36.1,2,M20,10.0,0.24,High
1.77,34.71,17.8,1694.81,34.5,7.1,73.9,2,M30,19.62,1.19,Low
12.91,48.64,84.28,1236.06,54.8,15.0,26.4,8,M50,16.24,1.22,Medium
10.86,97.61,37.56,465.03,8.1,11.2,63.0,9,M30,14.54,0.28,Low
1.06,2.65,67.01,595.14,30.3,21.5,62.8,6,M30,22.53,0.8,Medium
10.63,78.28,6.73,213.69,73.8,26.0,88.6,1,M40,0.53,0.79,Low
8.18,80.6,22.44,1698.85,60.8,24.0,59.5,1,M40,3.88,0.61,Low
1.27,96.04,46.4,3345.12,12.8,29.3,30.3,7,M40,15.61,0.83,Low
6.9,112.0,79.65,493.3,21.6,8.5,63.0,8,M50,1.65,0.7,Low
7.3,3.4,49.82,3317.3,25.4,-2.4,26.8,3,M20,16.12,0.74,High
2.53,19.3,84.04,2593.43,49.1,35.6,35.3,9,M50,24.6,1.03,Medium
14.19,106.45,46.12,2267.5,57.0,41.0,22.3,4,M50,21.97,0.78,Medium
12.76,55.56,46.69,2293.94,56.5,5.4,58.5,4,M40,14.77,0.56,Medium
10.05,68.19,15.18,2910.87,38.7,14.4,26.3,3,M30,22.35,0.84,Low
6.96,79.9,73.23,463.53,61.0,19.9,55.2,8,M40,2.91,0.9,Medium
6.21,81.81,25.99,1816.16,33.3,22.0,90.0,9,M20,11.37,0.93,Low
9.78,111.88,81.47,2470.11,10.2,29.6,74.0,1,M40,10.72,0.88,Medium
8.2,119.64,82.42,2095.19,42.8,-7.5,25.8,2,M20,8.41,0.93,High
0.98,86.7,85.18,2931.45,71.5,33.3,36.8,1,M40,0.01,0.54,Medium
7.71,35.18,49.22,345.72,59.7,-6.3,70.5,4,M30,22.28,0.69,Medium
12.11,105.69,62.55,2448.38,43.8,18.1,87.1,10,M20,19.44,0.94,High
6.92,6.86,71.17,1915.69,48.9,39.7,22.5,7,M40,16.32,1.03,Medium
0.83,28.5,16.14,1389.15,69.9,17.1,80.9,7,M30,3.22,0.68,Low
11.8,107.79,56.08,1256.93,32.7,-1.1,62.1,6,M40,9.46,0.6,Medium
3.06,31.49,7.92,2210.83,25.5,49.1,61.0,5,M20,23.11,0.99,Low
3.92,27.26,47.29,3129.38,73.3,43.4,91.8,4,M40,15.42,0.44,Medium
2.51,17.44,18.16,1787.0,64.9,36.3,76.1,8,M30,15.09,0.21,Low
4.99,103.23,20.55,2904.06,24.9,14.7,83.8,7,M30,22.83,0.72,Low
11.36,60.51,36.03,1467.33,35.3,1.0,46.5,10,M30,14.0,0.39,Low
7.81,81.31,41.76,448.14,31.7,46.5,61.6,1,M40,14.94,0.62,Low
3.11,29.45,57.97,309.12,12.0,21.9,66.2,6,M40,8.64,0.52,Low
13.17,91.21,11.33,274.54,71.9,41.1,44.1,2,M30,9.29,1.05,Low
13.2,91.44,47.81,1392.51,30.9,10.5,62.8,4,M30,17.14,0.56,Medium
13.07,38.2,20.52,1246.61,65.8,10.1,37.7,5,M30,8.01,0.9,Low
3.62,49.87,53.79,2540.99,15.0,49.1,30.8,8,M50,13.98,0.94,Low
6.8,25.95,59.18,2625.59,41.5,21.3,48.0,6,M40,6.98,0.7,Medium
14.78,117.21,52.32,272.9,2.8,-1.6,75.4,2,M30,4.15,0.29,Medium
11.59,77.83,67.76,851.82,57.6,3.2,88.7,5,M30,11.36,0.97,High
0.46,112.21,33.53,1032.49,44.0,18.9,54.3,5,M30,5.44,0.28,Low
1.02,37.1,70.03,1961.88,47.3,-7.5,68.2,6,M40,22.46,0.31,Medium
6.99,94.05,41.79,591.35,4.8,17.8,27.7,1,M20,7.59,0.42,Medium
13.64,92.14,46.16,555.4,16.6,15.1,87.8,8,M40,14.94,0.51,Low
8.1,83.31,60.09,3308.88,6.5,36.8,62.6,3,M20,6.59,1.13,High
7.49,115.91,6.56,2834.29,22.4,11.3,78.5,5,M20,6.45,0.94,Low
1.63,47.83,60.59,714.23,47.4,49.0,79.6,7,M20,8.77,0.63,High
9.87,16.56,57.58,1482.33,42.9,0.8,39.2,3,M40,22.9,1.28,Medium
12.34,80.93,31.34,1309.11,46.3,25.5,59.7,10,M50,9.79,0.47,Low
5.74,87.79,12.29,2789.41,41.6,-4.6,92.0,6,M20,20.53,0.87,Low
11.65,69.43,12.73,1834.72,21.2,34.0,26.7,5,M30,4.93,1.13,Low
14.47,25.61,83.47,534.69,19.1,49.7,71.2,7,M20,1.2,1.08,High
3.1,61.03,63.59,2612.57,11.1,39.1,92.2,10,M40,19.54,0.3,Medium
7.87,38.15,15.8,1449.42,63.8,23.3,42.5,3,M40,13.55,0.97,Low
4.34,51.87,35.32,993.94,46.6,19.1,84.6,2,M20,12.59,0.48,Medium
11.9,77.78,55.36,1376.7,14.8,40.1,90.0,4,M20,6.81,0.59,High
8.69,89.68,76.02,1792.37,14.1,46.2,76.0,3,M40,1.81,0.74,Medium
9.54,28.63,8.71,1266.59,65.6,49.4,37.3,4,M40,12.07,1.07,Low
11.98,49.23,25.11,922.48,56.0,13.8,45.1,7,M20,21.68,0.38,Low
5.97,33.03,80.63,1454.91,49.8,49.5,22.7,5,M30,3.0,0.32,High
13.73,24.64,5.78,165.19,31.1,-0.6,82.4,4,M40,23.23,0.37,Low
8.02,94.22,22.12,2726.49,20.4,5.2,83.7,6,M30,6.87,0.44,Low
2.41,109.2,86.52,681.21,73.5,-4.7,67.5,7,M30,13.3,0.27,High
10.45,45.06,57.14,249.28,60.0,6.3,46.4,5,M30,1.66,1.22,Medium
11.91,90.4,27.24,2322.58,23.3,36.1,25.8,7,M30,10.63,0.55,Low
4.79,107.74,10.69,2731.38,63.7,41.2,76.5,3,M30,3.15,0.39,Low
12.86,101.69,7.4,2867.02,57.2,36.7,74.5,7,M50,1.2,0.9,Low
13.6,22.75,25.8,1777.93,23.0,27.9,88.4,3,M20,24.16,1.07,Medium
4.19,114.8,79.93,798.25,32.6,20.8,74.8,6,M30,18.25,1.03,High
14.75,45.82,40.35,2606.57,14.8,32.5,82.2,8,M20,17.98,0.99,High
2.15,41.37,66.23,2479.02,9.2,13.5,75.9,6,M20,2.26,0.26,High
3.07,8.43,83.05,937.32,54.5,40.5,67.3,10,M40,23.23,1.06,Medium
2.8,58.85,39.68,3171.59,20.8,30.6,52.0,3,M50,11.74,0.75,Low
13.42,13.97,21.26,454.86,61.7,31.9,87.7,5,M20,21.31,0.91,Medium
9.83,30.58,48.96,3441.14,74.7,22.2,68.8,9,M50,0.32,1.25,Low
2.32,38.72,82.19,3024.84,6.7,43.1,49.9,8,M30,7.46,1.09,High
6.63,97.25,73.37,2438.86,36.0,5.1,26.3,6,M30,24.9,1.11,High
9.25,105.18,10.6,3291.75,60.4,12.9,41.8,9,M20,10.7,0.4,Low
1.3,36.99,63.87,2555.86,59.4,36.7,60.8,2,M30,22.21,0.72,High
13.24,103.19,53.61,747.55,57.2,19.6,40.7,9,M30,8.2,1.24,Medium
12.06,103.01,82.13,1603.33,26.8,43.4,36.6,10,M30,13.13,0.84,High
7.6,91.99,15.41,343.11,34.6,10.8,59.6,10,M30,21.36,0.31,Low
14.51,18.46,50.39,1424.84,45.0,12.2,32.7,6,M30,15.15,1.01,Medium
6.3,83.15,79.75,2621.45,73.1,43.3,80.0,9,M30,18.13,0.25,High
14.76,113.46,39.85,1413.91,25.2,17.9,56.3,4,M30,5.72,1.02,Medium
10.04,82.22,45.97,1223.0,69.3,21.0,63.0,5,M40,3.9,1.17,Medium
9.54,40.46,10.99,2124.21,20.9,10.0,31.1,2,M40,5.76,0.67,Low
2.53,60.57,28.64,3065.5,74.2,6.6,44.3,3,M20,12.33,0.65,Medium
13.23,77.84,32.58,261.78,50.6,29.4,50.8,1,M30,20.02,0.53,Medium
6.44,61.76,85.34,1410.6,35.3,-2.8,80.6,4,M40,8.85,1.16,Medium
2.48,15.27,29.03,638.02,46.4,42.8,77.8,2,M20,14.12,0.8,Medium
0.24,38.14,44.17,2464.2,21.2,36.8,36.7,2,M40,20.12,0.84,Medium
8.42,96.49,62.06,459.46,21.3,1.4,66.2,1,M30,5.97,0.93,Medium
7.93,103.51,18.79,2360.35,9.4,31.6,38.3,10,M30,22.07,0.53,Low
10.8,17.34,46.35,1073.01,9.4,26.2,94.1,2,M20,23.83,0.68,High
13.36,114.33,67.78,776.32,26.7,1.1,91.4,4,M50,0.97,1.02,Medium
1.24,40.13,78.68,3283.6,57.5,6.4,62.2,6,M50,1.48,1.28,Medium
10.99,79.82,58.23,162.98,46.0,14.5,72.4,7,M50,2.27,0.24,Low
2.85,90.47,61.87,1588.44,8.6,32.0,80.1,7,M20,19.42,0.25,High
12.88,97.62,15.73,173.53,64.1,28.3,74.1,7,M40,4.73,0.67,Low
12.29,113.54,85.39,1744.22,45.5,21.9,72.5,4,M30,18.14,0.93,High
8.13,38.24,16.27,1803.56,72.1,36.1,91.9,5,M40,11.03,0.63,Low
10.67,103.16,70.85,1193.65,50.6,35.5,64.7,3,M20,20.91,1.3,High
4.75,16.67,27.51,549.35,14.0,27.1,67.7,1,M40,20.21,0.41,Low
7.09,84.9,84.36,1379.72,36.1,37.2,83.7,8,M50,23.99,0.21,Medium
12.33,89.3,66.2,2385.69,49.0,10.1,70.2,10,M20,6.28,0.41,High
6.92,81.65,69.07,2760.15,3.1,42.9,75.0,7,M20,5.73,1.18,High
5.4,31.03,23.62,1904.55,2.1,26.9,37.6,9,M20,0.79,0.36,Low
7.44,104.89,42.66,2105.44,10.6,39.3,47.8,10,M20,10.26,0.73,Medium
12.43,21.09,57.51,782.1,19.6,22.8,31.0,4,M30,11.48,0.66,Medium
5.06,7.38,70.45,1076.92,32.8,3.1,57.9,5,M40,24.11,0.93,Medium
2.65,86.38,13.84,650.45,37.1,22.5,54.2,5,M20,20.77,0.26,Low
10.69,57.58,86.8,947.6,11.2,12.3,94.8,7,M30,4.17,0.92,High
12.4,102.04,80.67,864.62,50.8,31.8,65.8,9,M30,19.96,0.59,High
1.55,46.62,27.98,1866.13,45.1,18.5,79.0,8,M20,4.46,1.22,Low
3.64,21.03,74.93,2013.14,22.8,40.2,45.1,7,M30,1.94,1.13,Medium
2.17,100.54,49.06,3312.82,2.0,30.7,82.4,1,M20,20.93,0.64,High
5.25,66.32,44.25,764.94,6.7,31.1,66.1,10,M30,24.4,1.29,Medium
6.78,23.51,31.73,2281.7,30.0,3.0,72.3,6,M20,2.2,0.26,Low
11.24,86.73,54.38,2878.68,12.4,49.1,42.1,10,M40,20.35,1.07,Medium
9.78,61.82,67.04,2004.82,28.9,40.5,61.1,9,M20,21.48,0.68,High
9.33,72.91,39.93,967.01,47.5,37.3,67.6,7,M50,2.97,0.68,Low
5.32,55.85,58.48,992.67,41.5,9.8,64.2,1,M40,7.08,0.39,Medium
12.63,99.62,64.44,233.46,18.1,22.1,88.6,9,M30,18.34,0.77,Medium
7.1,99.72,65.45,1138.51,26.4,-1.8,87.4,3,M30,20.19,0.29,Medium
14.69,85.42,9.42,2631.65,46.4,22.3,92.8,9,M20,8.85,0.88,Low
9.53,13.54,78.08,261.56,64.7,-1.2,70.1,4,M40,4.0,0.47,Medium
1.94,100.82,43.95,845.6,56.7,23.2,92.9,9,M30,16.21,1.0,Medium
10.16,80.85,27.31,2501.19,42.0,28.9,82.4,8,M40,17.55,0.87,Low
4.91,83.95,25.55,2761.02,27.8,13.4,40.3,7,M20,12.59,1.02,Medium
10.31,44.19,46.06,1648.08,28.0,19.9,52.1,4,M20,3.62,1.02,Medium
1.09,105.63,80.38,2473.45,66.1,42.5,37.9,9,M30,21.11,0.42,High
2.66,87.32,37.16,1419.04,3.9,-3.5,20.3,4,M20,16.13,0.2,Medium
12.84,14.4,68.73,643.71,74.1,37.5,34.1,1,M30,21.73,0.6,High
3.45,49.53,13.23,1453.71,50.2,0.2,20.3,6,M20,23.32,1.21,Low
12.56,106.48,45.46,2071.89,51.4,-7.8,74.0,4,M40,20.14,0.84,Medium
4.23,6.62,89.29,3323.38,3.8,1.1,51.9,10,M40,23.97,1.0,Medium
9.66,115.41,70.49,333.75,45.8,35.9,43.4,3,M20,23.86,1.17,High
10.43,81.82,22.89,1825.14,36.9,14.3,77.1,5,M30,15.48,1.2,Low
7.71,76.13,47.62,1218.33,8.8,42.4,82.4,3,M30,18.2,0.78,Medium
4.61,33.2,24.86,1828.26,21.6,21.5,93.1,9,M40,17.49,0.8,Low
3.23,30.61,39.81,181.52,66.9,-8.7,68.2,6,M30,15.53,1.14,Low
0.55,113.1,71.31,1164.29,41.7,33.0,54.6,3,M20,0.48,1.09,High
4.59,36.49,70.55,2887.55,31.6,-3.4,42.9,5,M20,8.9,0.97,High
9.81,93.29,24.39,1983.4,6.4,37.4,36.7,8,M30,2.5,0.86,Low
14.08,47.78,83.39,1631.98,53.8,0.1,36.0,8,M50,7.51,0.88,Medium
13.07,17.57,55.37,1070.79,53.0,10.7,50.7,6,M40,1.71,0.6,Medium
11.5,2.28,37.29,1113.34,46.4,35.7,94.4,5,M20,23.0,1.13,High
11.84,65.77,47.66,1402.54,38.8,47.3,20.1,5,M40,11.28,0.88,Medium
9.99,117.12,56.43,2940.94,33.1,12.3,34.8,1,M50,4.73,0.45,Medium
3.94,44.93,52.59,3388.52,44.9,39.8,34.1,2,M20,14.62,0.46,High
13.61,43.51,46.34,1591.43,18.3,1.4,73.8,4,M40,4.91,1.15,Medium
10.08,41.95,47.92,1437.4,70.7,38.4,46.4,6,M30,20.11,0.89,Medium
8.43,62.94,20.0,2978.27,44.6,29.4,54.3,7,M40,7.65,0.64,Low
1.71,53.44,74.08,1551.48,24.0,1.6,31.1,1,M30,7.87,0.41,Medium
6.73,105.71,51.05,1976.86,34.3,8.2,50.4,8,M50,21.75,0.87,Low
6.93,61.16,16.14,885.2,60.6,-2.1,27.7,1,M20,13.98,0.4,Low
12.98,61.42,70.12,2627.91,13.0,13.0,60.0,9,M40,22.18,0.72,Medium
8.22,17.47,84.26,1908.76,22.7,2.2,27.3,4,M20,10.32,0.95,High
5.74,117.95,85.52,2850.72,51.3,28.6,79.3,7,M30,8.6,0.82,High
14.65,30.75,36.37,2754.49,24.3,49.7,62.5,6,M50,12.66,1.21,Low
1.71,9.73,16.52,831.02,59.6,-9.3,74.3,9,M40,1.54,0.24,Low
6.37,79.91,49.06,2533.16,10.7,22.5,51.4,2,M30,3.86,0.51,Medium
0.68,71.85,14.57,2820.18,57.4,24.4,48.6,7,M30,5.49,0.26,Low
11.11,50.4,84.39,1276.76,6.1,44.9,27.4,5,M20,20.42,0.41,High
13.78,51.24,20.6,686.87,1.9,20.4,59.3,7,M20,18.34,0.34,Low
4.24,94.42,26.49,108.95,67.5,22.6,58.6,1,M40,4.83,1.01,Low
12.88,24.29,39.56,1633.07,44.0,18.3,55.1,10,M30,6.92,0.61,Low
4.42,98.61,37.57,1298.27,27.0,6.1,75.5,9,M30,23.61,1.22,Low
13.67,78.2,72.55,1986.69,18.2,-6.6,82.4,1,M40,2.15,0.23,Medium
11.32,50.86,43.79,739.34,46.6,14.5,76.3,5,M30,13.69,0.92,Medium
12.08,55.51,19.52,3022.86,38.7,-6.8,30.8,8,M20,13.05,1.27,Medium
0.32,31.54,27.71,976.37,74.4,23.0,66.7,1,M30,18.14,0.39,Low
14.44,90.5,48.27,869.86,73.8,8.4,26.0,7,M50,6.54,0.69,Low
10.91,62.03,17.53,1734.43,48.0,22.0,72.1,2,M40,23.37,0.97,Low
4.61,39.18,56.99,1796.09,33.8,-1.9,48.6,7,M30,10.26,0.9,Medium
12.45,71.93,53.09,831.29,37.3,46.0,29.9,7,M20,7.14,0.82,High
4.26,119.49,65.75,1024.33,51.5,43.7,84.7,9,M30,8.42,0.56,Medium
13.1,52.8,84.7,677.0,8.5,1.4,66.1,6,M40,8.72,1.0,Medium
1.73,110.56,82.54,2542.76,25.3,10.6,46.6,4,M20,4.97,0.92,High
10.57,42.06,85.42,2718.3,6.6,26.8,22.3,7,M30,23.2,0.38,High
8.13,7.51,25.8,1671.92,6.4,-4.3,60.3,7,M50,4.37,1.26,Low
1.49,25.3,16.18,2527.9,15.5,11.3,89.2,4,M30,22.07,0.81,Low
3.67,50.82,30.69,2602.18,36.9,5.1,64.7,2,M30,10.12,0.78,Low
0.24,27.14,81.08,570.14,59.1,44.9,92.9,9,M30,6.73,1.13,High
7.06,1.03,87.62,3385.01,36.9,41.2,30.2,8,M20,4.96,0.9,High
4.55,109.89,78.04,2891.51,25.8,24.8,62.6,5,M20,12.61,0.28,High
9.0,101.42,14.35,795.24,7.1,21.2,79.9,5,M50,16.73,0.76,Low
4.49,89.33,85.53,732.96,41.7,45.8,59.4,1,M20,22.46,1.06,High
4.53,20.97,40.99,527.25,21.1,45.9,26.8,9,M30,16.31,0.97,Low
11.16,15.32,5.79,570.49,46.5,48.2,63.7,10,M30,12.09,1.27,Low
0.77,9.04,42.6,2643.75,73.3,-2.5,65.9,8,M40,0.84,0.23,Low
13.55,87.16,8.92,1696.82,9.2,-0.4,74.7,5,M40,22.89,0.49,Low
12.79,111.53,51.23,2761.98,16.7,30.6,77.1,10,M20,22.56,0.8,High
10.03,52.23,33.78,2637.27,36.0,22.5,77.8,6,M40,9.47,0.88,Low
8.92,15.18,45.24,2155.68,72.7,-8.9,69.8,10,M30,0.73,0.5,Low
13.39,61.97,57.12,2433.65,58.1,-6.3,36.2,10,M30,18.33,1.11,High
2.82,42.51,78.85,162.41,67.5,43.3,50.3,8,M40,19.79,0.38,Medium
1.23,45.6,61.26,1160.04,25.7,42.1,78.2,6,M20,13.56,0.2,High
3.63,74.94,41.89,2268.6,74.4,11.4,91.5,10,M50,10.07,1.25,Low
11.93,86.53,74.65,131.77,8.6,43.5,25.9,4,M30,21.28,0.63,High
0.57,14.16,81.97,212.12,4.9,25.6,60.2,3,M30,4.81,1.25,Medium
8.76,5.24,15.18,2996.42,64.3,38.4,43.4,7,M30,10.99,0.51,Low
14.93,119.33,50.21,2425.68,69.6,15.6,36.9,2,M20,0.61,0.27,High
12.84,28.69,29.18,1002.26,7.7,-3.2,57.9,7,M30,4.1,1.05,Low
7.85,7.41,9.0,2439.07,9.4,16.0,65.5,1,M20,23.52,1.12,Low
1.0,23.6,61.83,2794.35,3.5,17.4,20.7,10,M30,14.45,0.74,Medium
12.48,5.64,78.34,1143.1,8.7,23.1,78.5,5,M40,20.14,0.28,Medium
9.0,47.63,18.85,222.53,16.5,-3.7,81.5,9,M40,12.16,0.92,Low
1.77,96.49,74.06,3271.45,72.8,49.5,92.4,1,M20,20.87,0.4,High
1.45,41.61,77.54,1273.61,50.4,4.6,33.5,8,M30,13.47,1.13,High
13.65,53.86,82.72,462.04,58.6,1.9,64.6,9,M30,0.11,0.5,High
10.05,81.39,27.55,1772.31,58.4,21.6,52.0,9,M30,22.49,1.13,Low
12.45,61.56,81.84,2712.79,40.6,22.2,45.1,8,M20,3.71,0.67,High
13.19,103.51,32.26,853.6,60.0,16.4,62.4,4,M40,11.26,0.86,Low
8.6,104.06,51.95,1016.27,45.1,36.3,78.7,7,M20,11.92,1.07,High
7.79,2.18,9.29,925.23,24.3,21.0,21.7,1,M50,1.18,0.24,Low
6.48,93.59,8.73,3471.69,42.5,26.6,92.7,7,M30,1.33,1.1,Low
4.79,55.83,66.23,771.17,40.5,33.4,80.7,6,M40,19.06,0.35,Medium
6.55,118.67,42.78,2056.77,61.9,-8.5,76.3,5,M20,7.51,0.59,Medium
11.62,58.5,26.78,3245.9,73.6,24.2,77.0,1,M40,10.24,0.72,Medium
9.05,118.44,21.19,599.45,31.4,43.1,49.2,8,M20,14.1,1.18,Low
13.39,90.79,61.95,3400.9,57.5,-9.0,76.4,10,M40,9.33,0.22,Medium
6.68,30.58,5.03,3321.42,8.4,14.3,49.0,1,M30,19.38,0.82,Low
9.13,65.07,73.5,3107.54,58.5,45.6,87.4,1,M30,22.11,0.91,High
9.49,119.06,11.74,829.49,28.5,11.2,33.3,3,M20,1.49,0.55,Low
8.9,103.05,21.28,2255.79,3.9,17.5,41.9,8,M20,15.89,0.52,Low
10.55,12.59,37.83,2687.03,27.9,48.9,61.4,8,M40,7.94,0.74,Low
3.6,85.06,46.21,3452.49,46.2,2.0,43.9,7,M30,14.58,0.41,Medium
7.71,42.12,35.17,713.44,9.8,-6.1,51.8,5,M30,12.1,0.71,Low
1.61,1.83,32.26,2704.49,69.4,41.6,56.9,8,M20,8.34,1.04,Medium
5.8,49.01,86.93,1251.92,6.7,42.1,84.2,2,M20,2.37,1.13,High
7.34,28.94,59.53,697.13,69.8,18.3,59.2,8,M40,13.99,0.62,Medium
9.8,98.45,6.99,1532.68,53.3,20.9,47.2,2,M40,2.82,0.88,Low
14.26,41.14,41.56,2799.04,25.4,40.1,38.6,10,M30,3.9,0.2,Low
9.03,99.48,79.38,1680.49,29.9,34.3,50.7,5,M30,24.55,0.81,High
11.17,1.07,30.62,1927.58,55.8,5.9,58.7,4,M40,7.92,1.27,Low
7.62,37.63,13.04,3483.54,45.5,-9.0,76.0,1,M40,14.61,0.54,Low
9.53,29.7,69.46,1456.97,50.7,18.8,29.1,5,M20,6.81,0.85,High
1.11,28.79,56.51,2192.36,29.8,41.5,36.6,7,M40,21.64,1.04,Medium
3.85,9.11,53.48,1341.83,37.1,43.8,48.5,1,M30,7.08,0.87,Medium
5.46,23.27,9.55,1435.47,74.3,47.4,47.0,2,M40,9.17,0.66,Low
7.11,67.11,16.94,2465.18,16.8,42.8,49.4,9,M30,15.21,0.37,Low
0.73,35.67,57.92,3288.82,31.9,24.8,79.5,5,M30,21.75,0.71,Medium
2.14,50.67,22.67,1944.02,22.6,16.7,44.3,7,M30,20.41,0.52,Low
4.19,45.85,47.85,2712.56,57.6,36.5,57.6,2,M30,6.6,0.97,Medium
14.57,105.23,51.31,403.3,57.5,34.4,66.8,7,M30,20.74,0.69,Medium
5.0,108.73,29.1,817.94,22.6,22.3,37.4,7,M40,17.53,1.13,Low
7.26,59.66,85.62,1807.25,7.0,-4.8,73.9,7,M30,24.75,0.41,High
2.98,40.29,76.61,168.04,1.8,45.6,61.0,5,M20,23.39,0.66,High
9.18,13.71,66.4,959.71,32.6,17.3,53.5,9,M20,13.33,0.81,High
4.25,114.45,11.63,1859.16,31.4,11.8,80.7,2,M40,18.75,0.34,Low
3.14,8.17,14.02,150.87,74.1,27.8,38.3,4,M40,14.25,0.85,Low
7.77,36.42,46.89,999.46,35.8,30.4,86.2,2,M40,14.87,0.52,Low
0.13,36.47,18.66,1847.7,20.0,2.6,62.1,8,M30,2.54,0.45,Low
0.16,39.13,88.15,2048.71,67.0,40.2,65.7,1,M30,0.06,0.36,High
3.33,20.55,18.47,3247.56,37.3,7.4,85.6,9,M20,1.2,0.58,Low
0.6,94.2,46.43,2294.18,45.3,1.2,81.3,5,M50,24.17,1.22,Low
1.66,15.58,35.95,1510.1,8.1,14.4,65.1,3,M20,3.16,0.23,Low
5.12,76.55,59.35,3263.19,29.3,33.8,76.5,4,M30,1.11,1.14,Medium
12.05,15.74,15.97,2768.6,70.9,47.9,52.5,1,M40,7.74,0.64,Low
8.6,9.39,41.58,780.03,44.6,38.6,61.1,3,M40,14.7,0.82,Low
7.71,109.22,28.35,544.86,26.5,46.4,24.7,8,M20,23.71,0.76,Medium
4.44,23.63,80.46,2397.76,47.3,-1.6,26.7,2,M30,17.5,1.22,High
13.98,98.73,8.45,2003.6,68.4,-5.7,82.2,2,M30,6.91,1.05,Low
5.99,65.81,82.67,2784.89,21.3,23.5,24.5,9,M30,23.48,1.28,High
1.35,10.26,75.8,2611.94,38.4,7.4,32.7,5,M20,0.9,1.07,High
9.28,114.7,30.29,2225.72,71.9,39.7,79.7,5,M40,24.48,0.53,Low
1.75,30.39,72.09,3453.7,13.8,30.3,20.1,1,M30,1.47,1.26,High
5.21,103.3,7.65,1914.21,54.3,48.2,41.2,6,M40,18.85,1.28,Low
7.64,21.09,87.18,484.56,46.5,5.3,63.8,8,M20,1.13,0.34,High
13.12,102.62,49.76,2916.13,51.3,19.1,64.7,6,M20,23.29,1.19,High
7.43,2.57,30.78,956.3,27.0,20.1,78.3,7,M40,2.72,0.93,Low
10.55,61.9,35.82,2742.83,24.2,4.4,57.9,4,M40,1.26,1.21,Low
14.89,92.56,10.64,3354.16,51.6,25.4,58.2,2,M40,22.23,1.21,Medium
2.02,112.24,89.09,2469.1,17.0,16.6,74.4,1,M40,2.39,1.18,Medium
4.16,109.2,8.34,2126.5,32.1,16.8,57.4,6,M20,19.95,1.17,Low
5.95,98.54,60.67,1665.31,14.9,11.8,65.6,9,M20,18.68,0.33,High
6.36,106.69,42.63,1338.99,1.6,-9.0,87.3,10,M20,14.97,0.36,Medium
6.19,24.71,85.66,1300.22,72.8,21.3,50.1,5,M50,9.45,0.33,Medium
13.62,34.82,25.91,2263.67,32.9,10.1,48.9,2,M30,22.89,0.3,Medium
10.72,35.39,50.23,2654.33,72.7,-9.9,20.3,1,M20,21.78,0.59,High
9.14,45.87,46.0,2406.96,11.4,8.5,66.0,3,M20,10.66,0.95,High
4.68,47.81,64.74,774.59,44.5,6.7,22.2,4,M40,5.79,0.59,Medium
12.37,65.8,10.78,1779.56,15.9,13.6,57.8,7,M40,6.81,0.99,Low
14.33,20.03,21.47,2791.58,59.5,-2.1,80.3,9,M50,5.51,1.1,Low
12.33,83.26,23.24,1717.39,59.0,20.5,61.2,8,M30,13.53,0.93,Low
0.07,20.94,67.74,1924.52,9.3,31.5,40.2,9,M30,21.71,0.71,Medium
9.56,37.93,21.08,2721.86,68.5,27.8,79.0,7,M20,19.34,0.53,Medium
0.81,60.9,53.75,2348.3,15.4,38.2,40.2,10,M20,19.89,0.34,Medium
3.9,95.78,23.3,1491.77,46.4,17.1,75.0,8,M20,11.21,0.74,Low
0.94,89.0,78.24,3144.4,73.9,21.1,65.8,8,M20,8.06,0.99,High
9.08,77.82,85.09,652.73,66.3,38.6,32.7,1,M30,18.93,0.8,High
10.31,19.54,49.07,3484.76,71.8,15.7,87.9,9,M50,19.83,0.99,Medium
1.76,66.1,34.95,504.1,26.4,32.1,35.0,2,M20,17.38,0.57,Medium
5.79,11.41,24.89,150.83,8.8,16.1,94.2,7,M50,0.8,0.27,Low
6.87,45.91,9.23,3126.06,14.9,15.1,20.5,10,M30,14.74,1.05,Low
5.57,50.21,27.82,932.84,38.0,35.6,39.8,10,M30,8.68,0.44,Low
1.86,5.74,60.61,2580.98,59.7,0.5,35.0,5,M30,4.9,0.88,Medium
6.31,33.6,50.36,2857.45,12.1,10.3,21.0,4,M30,17.36,1.08,Medium
11.28,114.72,85.24,3020.55,49.8,3.5,74.9,1,M20,6.71,0.35,High
1.11,114.48,38.68,3471.42,24.9,11.5,72.0,1,M40,22.82,0.86,Medium
1.25,42.93,63.98,1099.74,26.2,3.8,79.4,3,M40,7.45,0.96,Medium
5.35,6.13,46.59,2514.83,50.0,24.8,39.3,1,M40,13.88,1.02,Medium
14.13,22.31,48.57,492.36,35.6,37.9,53.3,8,M30,20.69,0.36,Medium
10.05,47.67,27.76,1483.15,61.1,37.2,69.4,3,M40,10.05,1.11,Low
10.2,113.79,43.67,2983.1,12.5,11.9,53.0,10,M30,20.72,0.3,Medium
5.46,17.8,45.02,1350.04,59.5,49.3,72.3,2,M50,18.09,0.77,Medium
8.93,91.86,65.06,2109.72,5.8,25.6,67.5,6,M30,23.02,0.69,High
0.2,13.93,84.95,1812.83,15.4,14.0,28.6,4,M50,8.15,0.44,Medium
9.56,117.77,32.99,2296.24,49.6,40.1,78.6,4,M40,2.63,0.53,Low
13.7,46.41,8.59,3407.84,64.3,33.8,74.1,2,M40,10.76,0.38,Low
9.21,93.25,47.19,289.5,19.7,35.0,69.2,2,M20,19.65,0.67,High
13.11,41.77,51.28,2051.47,25.2,1.8,31.6,6,M30,11.26,0.24,Medium
10.87,75.69,19.32,3034.3,40.7,18.1,40.1,5,M30,6.55,1.18,Low
1.85,23.85,69.64,1736.7,16.7,41.7,49.5,9,M20,0.69,0.38,High
13.54,18.38,88.72,366.99,61.0,20.2,41.0,4,M30,7.83,1.17,High
1.04,112.63,85.39,2005.83,58.2,31.0,37.1,5,M50,17.83,1.15,Medium
8.03,110.2,21.75,1229.05,11.8,25.3,80.4,1,M30,3.69,0.7,Low
2.17,106.61,79.41,626.8,35.3,40.5,67.9,2,M20,8.52,0.75,High
0.23,75.43,64.88,2986.72,58.3,7.1,62.4,3,M30,0.51,0.53,Medium
6.36,97.18,43.58,1873.44,26.0,24.5,36.9,5,M20,18.04,1.3,High
4.46,9.22,50.95,3273.14,47.8,-2.6,88.9,5,M30,22.02,0.94,Medium
7.32,40.84,77.22,2840.46,4.7,31.4,34.3,4,M30,14.21,1.25,High
8.68,38.33,45.81,2456.1,46.0,33.9,79.6,10,M30,0.65,0.66,Low
0.7,76.64,36.72,117.09,12.3,-7.4,92.5,3,M40,5.44,1.17,Low
1.89,43.36,46.93,1554.6,62.5,30.5,74.5,9,M20,10.96,0.69,Medium
8.4,18.67,54.23,771.45,27.3,14.9,94.5,1,M40,14.69,1.15,Medium
5.18,71.98,21.07,3196.71,21.8,-2.6,68.8,6,M50,12.41,0.34,Low
10.95,97.91,81.58,693.59,63.2,15.2,36.3,7,M20,22.9,0.9,High
9.8,46.47,62.31,1072.6,4.7,1.7,35.3,10,M40,23.47,0.95,Medium
12.69,16.74,58.83,1857.25,30.3,14.9,44.3,4,M30,2.68,0.92,Medium
10.4,24.41,13.46,995.44,28.4,13.1,20.5,10,M30,3.46,0.69,Low
6.48,29.26,56.35,813.54,22.1,34.3,71.1,3,M20,8.95,0.95,High
10.11,36.69,15.28,2136.94,68.5,36.5,40.2,8,M30,10.53,0.46,Low
4.17,77.49,11.69,402.36,56.6,26.4,81.1,9,M50,14.65,0.86,Low
4.63,72.51,49.82,297.77,5.7,-8.6,46.9,1,M20,19.33,0.81,High
11.85,83.83,39.24,1365.63,53.9,45.9,56.0,10,M20,3.39,0.55,Medium
6.72,44.14,55.05,2550.26,40.0,31.2,92.4,9,M20,20.07,1.06,High
11.99,99.06,12.58,1986.34,67.7,-7.9,38.2,7,M30,15.25,0.29,Low
12.35,25.29,41.63,1537.78,24.2,39.1,74.1,1,M50,24.52,0.39,Medium
12.87,56.82,19.86,2023.56,43.5,2.0,76.6,7,M30,16.28,0.72,Low
13.75,96.31,88.9,1342.54,38.1,24.8,36.6,5,M20,17.9,1.18,High
6.49,22.44,52.7,3282.9,37.2,18.0,57.6,10,M30,4.88,0.83,Medium
4.82,14.07,63.43,286.68,34.8,15.2,46.3,7,M30,19.22,1.13,Medium
8.75,106.16,32.66,2389.53,16.2,43.4,77.9,9,M20,1.98,0.77,Medium
5.6,41.81,13.05,3130.36,56.9,16.2,66.7,8,M30,16.41,1.06,Low
9.04,82.38,87.95,2833.21,34.4,-5.5,55.7,6,M20,1.39,0.56,High
10.6,4.02,29.33,725.74,71.9,46.8,78.5,2,M40,2.88,1.1,Low
10.34,83.12,41.02,1106.15,20.3,45.2,37.6,8,M30,2.7,0.64,Low
5.65,38.62,60.24,2537.96,51.5,31.1,76.5,4,M40,1.31,0.81,Medium
2.54,7.63,7.1,386.52,70.6,18.1,84.9,8,M50,8.03,0.39,Low
6.49,73.57,73.87,2860.33,50.1,-4.4,85.9,7,M50,24.86,1.21,Medium
2.18,29.66,50.61,2544.28,65.5,37.4,78.8,4,M20,8.71,0.97,High
13.36,47.03,28.65,2580.66,62.2,-5.5,50.6,8,M50,19.02,1.14,Medium
5.22,10.59,10.24,440.82,27.6,-5.9,93.6,2,M40,3.31,0.43,Low
2.36,18.51,18.81,2540.39,45.4,22.2,48.5,9,M40,11.36,0.27,Low
0.43,36.46,81.08,2411.38,12.6,-0.4,67.9,6,M20,4.63,0.57,High
9.71,11.68,63.31,2925.14,40.6,-9.5,32.1,7,M20,4.8,0.77,High
9.57,109.39,26.24,241.43,18.1,15.4,93.5,10,M50,2.49,1.08,Low
5.14,1.72,10.58,178.58,56.0,-1.8,72.8,1,M20,10.8,0.64,Low
1.12,58.58,63.7,1368.22,40.1,-0.4,76.5,3,M20,1.89,0.5,High
6.17,15.67,53.65,605.88,31.4,-5.4,24.9,10,M30,22.75,0.61,Medium
4.7,37.61,39.38,1998.51,20.9,2.3,77.3,5,M50,11.2,0.97,Low
10.17,111.2,35.91,3218.99,74.9,32.9,78.1,7,M30,20.96,0.57,Medium
9.11,20.24,23.43,1431.03,6.3,38.5,70.4,1,M50,24.49,1.28,Low
5.5,115.93,61.92,2972.83,4.2,17.2,41.9,9,M30,16.94,0.39,Medium
3.31,25.49,87.51,100.82,17.1,20.4,56.7,5,M20,22.54,1.03,High
14.82,89.25,19.94,672.95,72.9,-8.0,28.3,3,M30,3.38,0.85,Low
6.84,66.05,55.75,203.44,73.5,-5.8,55.4,7,M30,20.75,0.46,Medium
10.34,106.25,41.06,1215.7,49.5,5.5,38.3,10,M30,6.78,1.03,Medium
2.15,66.93,42.97,3187.84,66.1,22.6,46.2,8,M30,11.81,0.69,Medium
7.31,64.61,26.6,429.64,16.8,34.4,32.2,10,M20,16.16,0.95,Low
0.46,24.26,75.14,2161.79,72.9,26.3,37.3,10,M20,22.59,0.93,High
7.61,20.78,46.25,1635.09,11.6,13.5,25.7,3,M40,22.77,0.32,Low
14.46,110.06,51.19,3290.79,8.5,-2.9,89.0,7,M30,2.3,1.12,Medium
5.79,40.01,30.9,516.57,9.3,36.8,59.8,7,M20,9.11,0.95,Low
0.63,45.28,20.45,820.89,43.4,11.8,49.8,4,M20,19.83,1.06,Low
0.51,91.42,12.3,200.44,58.8,34.2,60.1,10,M30,17.58,0.69,Low
5.85,41.32,65.7,1575.38,28.1,20.8,67.1,9,M50,0.66,0.41,Low
2.44,114.3,21.68,1044.63,73.4,34.3,89.1,1,M30,11.25,0.56,Low
0.4,88.81,63.66,3057.68,33.1,44.4,33.4,1,M20,20.73,1.19,High
11.36,72.09,38.18,2156.8,12.1,45.3,42.2,5,M30,18.44,1.23,Medium
6.9,105.83,40.34,2187.91,35.5,22.1,93.2,3,M40,10.3,0.73,Low
4.37,6.9,44.88,1908.5,51.2,20.7,47.8,10,M30,18.38,0.53,Medium
13.51,31.59,36.26,412.29,62.6,5.9,21.7,9,M20,13.78,1.0,Medium
1.79,56.34,13.55,1613.06,34.9,46.1,31.1,5,M40,22.82,1.04,Low
14.34,28.01,31.32,3498.32,44.9,17.5,22.0,7,M30,14.68,1.1,Medium
4.74,89.52,61.42,2939.78,20.8,-2.3,94.2,1,M20,10.02,0.23,High
13.33,110.39,61.59,3137.76,48.8,16.0,40.9,2,M20,21.57,0.21,High
9.06,51.43,29.33,2898.97,74.0,-2.4,89.3,4,M30,1.25,0.59,Low
12.41,41.71,44.11,450.34,4.6,20.2,94.7,9,M40,22.51,0.37,Low
14.76,115.42,21.44,873.32,66.6,23.7,65.0,5,M50,17.41,1.09,Low
4.36,53.94,22.88,110.61,42.6,10.3,22.5,5,M30,23.52,0.79,Low
14.42,59.2,6.96,1131.93,19.7,-5.7,26.1,9,M40,6.26,1.11,Low
5.87,42.85,81.22,469.27,71.7,46.6,56.1,8,M20,17.37,0.39,High
5.81,109.24,22.91,1707.5,36.8,36.4,50.5,2,M40,20.24,0.89,Low
5.14,68.71,24.34,2402.23,25.5,40.3,65.5,7,M30,17.55,0.84,Low
8.14,91.7,28.77,3073.32,14.4,12.0,52.9,1,M30,5.26,0.57,Low
2.35,97.6,15.83,2647.34,19.1,35.6,90.1,10,M20,6.89,0.77,Low
8.33,41.68,59.34,3291.19,62.6,19.1,60.1,9,M20,14.17,0.85,High
8.15,52.61,11.39,283.25,46.5,2.1,72.0,3,M40,11.17,1.18,Low
11.44,101.97,16.41,141.41,68.6,-2.5,87.2,2,M20,18.38,0.26,Low
12.51,44.23,59.8,2348.55,18.2,10.7,31.0,4,M20,9.47,1.11,High
6.63,95.48,33.87,1083.8,10.0,-1.7,37.2,4,M20,21.49,1.28,Medium
4.57,112.98,65.18,961.9,1.5,49.9,28.0,3,M20,10.8,1.0,High
3.93,75.16,52.38,1225.02,38.6,-7.0,30.5,2,M30,1.0,1.01,Medium
2.96,89.25,26.76,1017.31,74.9,16.5,58.4,5,M30,0.43,0.44,Low
0.91,96.81,60.32,1838.88,52.4,17.1,44.1,4,M20,16.17,0.78,High
5.17,101.56,14.88,1596.5,23.8,8.0,51.7,5,M30,13.51,0.98,Low
4.09,48.01,50.59,1842.26,65.9,24.3,93.7,8,M40,13.57,0.86,Medium
14.5,7.1,42.16,2387.23,58.8,-1.0,31.8,2,M50,19.75,0.62,Medium
8.39,48.82,27.77,1416.24,2.1,37.0,60.6,9,M30,9.39,1.23,Low
5.24,81.18,56.34,954.45,61.4,9.9,27.4,10,M30,24.89,0.77,Medium
8.73,54.59,79.06,665.08,23.2,25.5,43.9,1,M20,23.64,1.27,High
2.13,90.13,89.91,1288.21,12.1,32.9,59.6,8,M30,0.32,0.82,Medium
6.69,43.48,56.66,2622.14,17.7,43.3,91.0,5,M40,22.39,1.07,Medium
9.41,76.53,39.4,2672.8,35.7,40.1,49.3,2,M30,17.01,1.02,Medium
7.36,23.18,24.14,2367.48,32.4,26.5,24.9,8,M30,12.55,0.93,Low
6.06,90.17,26.85,895.7,22.4,13.3,49.1,5,M30,14.57,0.22,Low
14.91,65.94,45.75,2099.49,13.7,20.2,30.9,10,M50,21.05,0.29,Low
13.21,25.28,36.22,2040.34,57.4,36.1,37.2,10,M40,23.78,0.84,Medium
9.37,35.74,82.67,1746.51,74.3,42.7,66.4,3,M40,14.01,1.2,High
8.56,90.08,36.31,1969.93,58.6,-3.8,25.1,7,M20,4.53,0.86,Medium
9.33,58.43,36.74,1772.09,22.9,13.1,54.9,4,M20,15.99,0.46,Medium
3.06,26.71,37.6,2022.55,19.1,36.6,65.7,10,M40,1.91,0.55,Low
5.96,116.11,76.11,2532.72,17.1,15.9,51.6,6,M20,15.88,0.89,High
0.64,86.1,60.32,472.74,11.1,9.9,21.4,10,M30,20.22,0.86,Medium
7.16,114.9,57.2,2648.73,41.8,14.7,93.9,8,M30,8.83,1.25,Medium
8.17,51.83,33.4,562.01,45.8,26.2,47.5,1,M30,1.78,0.78,Low
3.45,57.54,74.52,326.54,53.2,50.0,78.4,2,M30,17.31,0.59,Medium
14.46,107.86,8.26,3418.67,51.3,19.6,44.4,8,M40,8.48,0.78,Low
13.65,63.48,79.02,3353.77,22.6,2.5,55.6,7,M20,6.23,1.06,High
10.85,85.17,48.58,305.48,25.4,-0.2,49.1,10,M40,17.23,0.79,Low
8.02,31.01,38.85,1607.06,51.4,-7.5,45.7,9,M40,24.24,0.56,Low
13.06,54.16,47.26,733.23,26.9,23.5,21.6,2,M50,18.63,0.57,Medium
2.0,15.69,61.73,1750.17,16.7,22.7,47.0,8,M30,12.28,1.03,Medium
11.87,25.51,6.09,2922.6,28.7,2.3,86.7,6,M30,15.01,0.27,Low
1.92,1.11,79.08,3332.08,21.1,31.7,71.8,1,M50,3.56,0.5,Medium
11.92,5.67,42.97,2256.46,7.5,34.5,30.9,4,M30,20.33,0.37,Medium
4.17,117.3,34.15,1303.28,62.4,5.5,64.3,2,M30,15.11,1.24,Medium
13.16,29.84,16.75,2151.31,64.1,10.6,86.9,7,M30,24.15,0.3,Low
14.16,79.93,42.35,1160.8,17.3,49.4,72.5,9,M20,24.49,1.03,High
2.27,100.85,47.19,3193.4,5.8,12.5,31.2,6,M30,8.86,0.89,Medium
6.97,66.53,39.31,3059.36,55.7,35.6,85.1,4,M40,24.71,0.9,Medium
14.72,19.22,62.69,1997.99,16.7,17.2,42.6,5,M40,23.92,1.04,Medium
7.28,87.65,40.78,1204.32,30.1,37.6,54.1,1,M20,16.0,0.64,Medium
12.96,72.43,86.72,1097.52,5.7,36.1,59.5,4,M40,8.34,0.64,Medium
8.85,88.02,55.94,213.62,17.7,30.1,83.8,10,M30,18.83,0.52,Medium
5.66,92.6,73.64,2873.79,59.7,41.3,89.9,3,M30,6.78,0.86,High
4.32,117.07,14.3,1631.3,60.5,46.4,89.7,9,M50,15.75,1.22,Low
3.09,69.25,38.77,1205.45,16.3,24.8,20.6,6,M20,0.61,1.22,Medium
11.44,41.66,33.63,1701.78,25.9,4.2,89.1,4,M40,15.71,0.97,Low
5.83,78.17,53.41,2883.71,10.9,13.9,24.1,3,M30,23.79,1.2,Medium
7.69,9.14,78.19,523.69,6.5,35.5,39.9,4,M40,5.88,1.26,Medium
7.41,107.79,11.66,3016.03,74.4,29.1,58.6,8,M30,19.45,1.07,Low
8.68,15.21,11.17,3151.53,49.5,0.7,56.0,5,M20,7.34,0.65,Low
12.99,40.01,77.28,3318.81,41.1,-6.9,65.4,1,M30,17.7,0.73,High
14.71,98.07,23.09,1451.46,57.6,31.0,56.0,5,M30,17.5,1.22,Medium
6.14,72.08,61.84,838.28,63.2,5.1,90.1,8,M20,4.62,0.94,High
